code,region_code,en,ar
1,7,Tabuk,تبوك
2,7,Na'mi,نعمي
3,1,Riyadh,الرياض
4,7,Humayt,حميط
5,2,At Taif,الطائف
6,2,Makkah,مكة المكرمة
7,7,Rajm At Tayarah,رجم الطيارة
8,7,Ath Thumayd,الثميد
9,7,'Usaylah,عسيلة
10,8,Hail,حائل
11,4,Buraidah,بريدة
12,5,Al Hafuf,الهفوف
13,5,Dammam,الدمام
14,3,Madinah,المدينة المنورة
15,6,Abha,ابها
16,7,Halat Ammar,حالة عمار
17,10,Jazan,جازان
18,2,Jeddah,جدة
19,7,Ash Shayib,الشايب
20,7,Al Fawhah,الفوهة
21,7,Al Lawz,اللوز
22,7,'Ayn Al Akhdar,عين الأخضر
23,7,Dhat Al Hajj,ذات الحاج
24,1,Al Majma'ah,المجمعة
25,7,Qiyal,قيال
26,7,Al Akhdar,الاخضر
27,7,Al Badi'ah,البديعة
28,7,Mughayrah,مغيرة
29,7,Al Hawja',الهوجاء
30,7,Al Badi',البديع
31,5,Al Khobar,الخبر
32,7,Abar Qana,ابار قنا
33,7,Al Jab'awiyah,الجبعاوية
34,7,Al Humaydah,الحميضة
35,7,Al Bayyanah,البيانة
36,7,Haql,حقل
37,7,Ad Durrah,الدرة
38,7,Az Zaytah,الزيتة
39,7,'Alaqan,علقان
40,7,Al Wadi Al Jadid,الوادي الجديد
41,7,Mulayh,مليح
42,7,Abu Al Hinshan,ابو الحنشان
43,7,Maqna,مقنا
44,5,Abu Qa'ar,ابو قعر
45,5,Markaz Al 'Awja,مركز العوجاء
46,5,Markaz Al 'Ulayyimah,مركز العليمة
47,5,Hafar Al Batin,حفر الباطن
48,5,Al Qalt,القلت
49,5,An Nadhim,النظيم
50,5,Ibn Tuwalah,ابن طوالة
51,5,As Sidawi,الصداوي
52,5,Umm Qulaib,ام قليب
53,5,Urayfij,عريفج
54,5,Ibn Sharar,ابن شرار
55,5,Al Qaysumah,القيصومة
56,5,Ar Ruq'i Al Jadidah,الرقعي الجديدة
57,5,Dhabhah,ذبحة
58,5,As Sufairy,الصفيري
59,5,Al Wayliyah,الوايلية
60,5,Al Fiwan,الفيوان
61,5,Al Hamatiyat,الحماطيات
62,6,Khamis Mushayt,خميس مشيط
63,5,Al Jabu,الجبو
64,5,Al Masnah,المسناة
65,6,Ahad Rifaydah,احد رفيده
66,5,Umm Ishar Ash Sharqiyyah,ام عشر الشرقية
67,5,Al Qatif,القطيف
68,7,Buhan,بوهان
69,7,As Sananiyat,السنانيات
70,7,Hazaya,حزايا
71,7,Akbad,أكباد
72,7,Bir Al Hayz,بئر الحيز
73,7,Jurayda,جريداء
74,7,Tayma',تيماء
75,7,Al Assafiyah,العسافية
76,3,'Ardah,عردة
77,7,Al Kutaib,الكتيب
78,7,Bi'r Fajr,بئر فجر
79,7,Al Qalibah,القليبة
80,4,Unayzah,عنيزة
81,5,Ar Raf'iyah,الرافعية
82,5,Al Kabarit,الكبريت
83,5,Raghwah,رغوة
84,5,Hima,حمى
85,5,Az Zabr,الزبر
86,5,As Saffaniyah,السفانية
87,5,Al Mahawa,المحوى
88,5,Umm Ghawr,أم غور
89,5,Qaryat Al 'Ulya,قرية العليا
90,5,Ar Rafi'ah,الرفيعة
91,5,Jarrarah,جرارة
92,5,Qurayyah,قرية
93,5,Al Buwaybiyat,البويبيات
94,5,As Su'ayyirah,السعيرة
95,5,Manakh,مناخ
96,5,Al Hayra,الحيرا
97,5,Umm Ash Shifallah,ام الشفلح
98,5,Al Lahabah,اللهابة
99,5,Al Farridah,الفريدة
100,5,Ash Shamiyah,الشامية
101,1,Al 'Aytaliyah,العيطلية
102,5,Sihmah,سحمة
103,5,Ash Shamlul (Umm Aqla),الشملول / ام عقلا
104,5,Umm Al Hawshat,ام الهوشات
105,5,Ash Shayyit,الشيط
106,5,Al 'Adhiriyah,العاذرية
107,5,Ash Shihiyah,الشيحية
108,1,Hizwah (Al Umaniyah),حزوة / العمانية
109,5,Al Qar'a,القرعاء
110,5,Al Lisafah,اللصافة
111,5,An Nuqayrah,النقيرة
112,5,Hijrat Awlad Hithlin,هجرة أولاد حثلين
113,5,Al Jubail,الجبيل
114,5,Farzan,فرزان
115,5,An Nu'ayriyah,النعيرية
116,5,Umm Dulay',ام ضليع
117,5,Mulayjah,مليجة
118,5,As Sarrar,الصرار
119,5,Hanidh,حنيذ
120,5,Mughati,مغطي
121,5,Shifiyah,شفية
122,5,Utayyiq,عتيق
123,5,Al Husayy,الحسي
124,5,Thaj,ثاج
125,5,Al Hinnah,الحناة
126,5,Al Kahafah,الكهفة
127,5,As Sahaf,الصحاف
128,5,Al Uyainah,العيينة
129,5,Al Qulayyib,القليب
130,5,Al Wannan,الونان
131,5,Ghanwa,غنوى
132,5,Az Zughayn,الزغين
133,5,Nita',نطاع
134,5,Umm Al Hamam,ام الحمام
135,5,Umm Rubay'ah,ام ربيعة
136,5,Abu Hadriyah,ابو حدرية
137,5,Munifah,منيفة
138,1,Al Aflaj,الافلاج
139,4,Khaitan,خيطان
140,1,Al Wasi'ah,الوسيعة
141,1,Tamriyah,تمرية
142,1,Abu Khusayfa,ابو خسيفاء
143,1,An Nakhil,النخيل
144,1,As Suhaymi,السحيمي
145,1,Masadah,مصدة
146,1,Umm Sudayrah,أم سديرة
147,1,At Tanhah,التنهاة
148,1,Qura At Tuwaym,قري التويم
149,1,Ash Shahmah,الشحمة
150,1,Al Wuday,الودي
151,1,Juwayy,جوي
152,1,Muqbilah,مقبلة
153,1,Harmah,حرمة
154,7,Al Ma'dham,المعظم
155,1,Jirab,جراب
156,1,Al 'Uqlah,العقلة
157,1,An Nughayq,النغيق
158,1,Huwaimidah,حويمضة
159,1,Al Butaira',البتيراء
160,1,Al Mishash,المشاش
161,1,Al Furuthi,الفروثي
162,1,Jalajil,جلاجل
163,1,Ad Dakhilah,الدخيلة
164,1,Al Husun,الحصون
165,1,Hawtat Sudair,حوطة سدير
166,1,Rawdat Sudair,روضة سدير
167,1,Tumair,تمير
168,1,Al Artawiyah,الارطاوية
169,1,Al 'Amar,العمار
170,1,Al Khis,الخيس
171,1,Al Ma'ashbah,المعشبة
172,1,At Tuwaym,التويم
173,1,Al Khutamah,الخطامة
174,1,Ruwaydah Buwadaa,رويضة بوضاء
175,1,Ash Shi'b,الشعب
176,1,Asharat Sudair,عشيرة سدير
177,1,Al Junayfi,الجنيفي
178,1,Al 'Attar,العطار
179,1,Umm Al Jamajim,ام الجماجم
180,1,Mishlah,مشلح
181,1,Umm Rujum,ام رجوم
182,1,Ar Ruwaydah,الرويضة
183,1,Al Faysaliyah,الفيصلية
184,1,Bawda',بوضاء
185,1,Al Hair,الحائر
186,1,Wushayy,وشي
187,1,'Awdat Sudayr,عودة سدير
188,1,Mubayid,مبايض
189,1,Al Qa'iyah,القاعية
190,3,Dibdibbat Fudala,دبدبة فضلاء
191,7,Al Hajab,الحجب
192,7,Adh Dhalfah,الضلفة
193,3,Abu Taqah,أبو طاقة
194,3,Al 'Ayn Al Jadidah,العين الجديدة
195,3,Qa'arah Al Daumah,قعرة الدومة
196,3,Umm Zarb,أم زرب
197,3,Hadiyah,هدية
198,3,Al Qa'arah,القعرة
199,3,Al Ula,العلا
200,7,Al Jahara,الجهراء
201,7,Ruhayb,رحيب
202,3,Shalal,شلال
203,3,Da'a,ضاعا
204,3,Jaydah,جيدة
205,3,Qulban 'Isharah,قلبان عشرة
206,7,An Najil,النجيل
207,3,Ar Ruzayqiyah,الرزيقية
208,3,Al Hamidiyah,الحميدية
209,3,Sadr,صدر
210,3,Mughayra',مغيراء
211,3,Qusayb Abu Siyal,قصيب ابو سيال
212,7,Abu Arakah,ابو اراكة
213,3,Madain As Salih,مدائن الصالح
214,3,Awarsh,عورش
215,7,An Nushayfah,النشيفة
216,3,Az Zubayir,الزباير
217,3,Ad Dulay'ah,الضليعة
218,3,Mitan Al 'Urayqah,متان العريقة
219,3,Al Abraq,الابرق
220,3,Amirah,اميرة
221,3,Al Jadidah,الجديدة
222,3,Kutayfat Masadir,كتيفة مصادر
223,7,Ar Ras,الراس
224,7,Al Bayt,البيت
225,7,Bir Bahar,بئر بحار
226,7,Sabhan,سبحان
227,5,Dhahran,الظهران
228,7,Umm Ar Rih,أم الريح
229,7,Haram,حرم
230,7,'Akuz,عكوز
231,7,As Sudayd,السديد
232,7,Al Hufayrah,الحفيرة
233,7,Al Wajh,الوجه
234,7,An Nabi',النابع
235,7,'Antar,عنتر
236,7,Al Manjur,المنجور
237,7,Aba Al Qizaz,ابا القزاز
238,7,Bada',بداء
239,7,Khurba',خرباء
240,7,Al Kurr,الكر
241,5,Burq Al Usaydiyah,برق الأسيدية
242,5,Al Fadili,الفاضلي
243,5,Buqayq,بقيق
244,5,Qurayyah,قرية
245,5,Dhulum,ظلوم
246,5,New 'Ayn  Dar,عين دار الجديده
247,5,Old 'Ayn  Dar,عين دار القديمة
248,5,Allat,علاة
249,5,Fudah,فودة
250,5,Al Kadadiyah,الكدادية
251,5,Yakrub,يكرب
252,5,Al Jabiriyah,الجابرية
253,5,Salasil,صلاصل
254,5,Shuhayla',شهيلاء
255,5,Usayfirat,عصيفرات
256,6,Tarib,طريب
257,5,Ad Dughaymiyah,الدغيمية
258,1,Ar Rawdah,الروضة
259,1,Al Mansaf,المنسف
260,1,Mansiyah Al Gharbiyah,منسية الغربية
261,1,'Ushayrah,عشيرة
262,1,Al Faysaliyah,الفيصلية
263,1,Ath Thuwayr,الثوير
264,1,Zulayghif,زليغف
265,1,Mazari' Al Athlah,مزارع الاثلة
266,1,Mazari' Ar Ruhayyah,مزارع الرحية
267,1,Qusayba,قصيباء
268,1,Mazra'at Bayda Nuthayl,مزرعة بيضاء نثيل
269,1,Imarat Al Mistawi,امارة المستوي
270,1,Az Zulfi,الزلفي
271,1,Samnan,سمنان
272,1,'Iliqah,علقة
273,3,Al 'Ayn,العين
274,3,Al Mudhawih,المضاويح
275,3,Aba Al Baqar,ابا البقر
276,3,Al Hardhah,الحرضة
277,3,Adh Dhars,الضرس
278,3,Al Khuraybah,الخريبة
279,3,Al 'Araid,العرائد
280,3,Ghamrah,غمرة
281,3,Al 'Uqaylah,العقيلة
282,3,Al 'Adlah,العدلة
283,3,Ad Disah,الديسة
284,3,As Sulaymi,السليمي
285,3,Al Jarf,الجرف
286,3,Al Hadhluli,الهذلولي
287,3,Jad'a,جدعاء
288,3,Khaybar,خيبر
289,3,Al Lihin,اللحن
290,3,Al 'Ishash,العشاش
291,3,As Silsilah,الصلصلة
292,3,Al Thamad,الثمد
293,3,Al Uyaynah,العينية
294,1,Rumah,رماح
295,1,Hafar Al Atk,حفر العتك
296,1,Al Muzayri',المزيرع
297,1,Shawyah,شوية
298,1,Al Hifnah,الحفنة
299,1,Al Ghaylanah,الغيلانة
300,1,Ar Rumhiyah,الرمحية
301,5,Ar Rakah,الراكة
302,7,Al Khuraytah,الخريطة
303,5,Ath Thuqbah,الثقبة
304,5,Al 'Aziziyah,العزيزية
305,7,Shadwa,شدوا
306,1,Al Ghat,الغاط
307,1,Mulayh,مليح
308,7,Ash Shaban,الشبعان
309,7,Ad Duqum,الدقم
310,7,Al Qars,القرص
311,7,Hirad,حراض
312,7,Ash Shibahah,الشبحة
313,7,Rawdat Al Aghaydirat,روضة الاغيدرات
314,7,Al Khadra Al Jadidah,الخضراء الجديدة
315,7,Samur,سمور
316,7,Al Ruwaydat,الرويضات
317,7,Al Mahadrah,المهدرة
318,7,Buqaylah,بقيلة
319,7,An Nu'aylah,النعيلة
320,7,Az Zaghliyah,الزغلية
321,7,Tuwalah,توله
322,7,Al 'Ayn,العين
323,7,Umluj,املج
324,7,Famm Shithath,فم شثاث
325,7,Al Harrah,الحرة
326,7,Al 'Ambijah,العمبجة
327,7,Ash Shidakh,الشدخ
328,3,Al Maramiyah,المرامية
329,1,Mazari' Al Badai',مزارع البدائع
330,1,Al Khatilah,الخاتلة
331,1,Al Bilad Al Wusta,البلاد الوسطى
332,1,Al 'Ulayya,العليا
333,1,Al Hisyan,الحسيان
334,1,Ad Dul 'Ayi,الضلعي
335,1,Tunaibikah,تنيبيكة
336,1,'Ablah,عبلة
337,1,'Abliyah,عبلية
338,1,Hijrat As Silat,هجرة السلات
339,1,Umm Talhah,ام طلحة
340,1,Mua'rij Qulaishah,معرج قليشة
341,1,Daghan,داغان
342,1,Al Jurfiyah,الجرفية
343,1,Hashashah,حشاشة
344,1,Al Mardamah,المردمة
345,1,Lahdat As Sayahid,لهدة الصياهد
346,1,Al Barza,البرزاء
347,1,Al Faydah,الفيضة
348,1,Al Khalidiyah,الخالدية
349,1,Al Hamadah,الحمادة
350,1,Al Dahimaiyyah,الداهمية
351,3,Al Hamnah,الحمنة
352,3,Umm Al Ghiran,أم الغيران
353,3,Al Mundassah,المندسة
354,3,As Sulaymiyah,السليمية
355,3,Al Barraqiyah,البراقية
356,3,As Siraqi,السراقي
357,3,Abar Dahmulah,آبار دحمولة
358,3,Al Quway'iyah,القويعية
359,3,Badai' Al Harasin,بدائع الهراسين
360,3,Mahd Adh Dhahab,مهد الذهب
361,3,Sufaynah,صفينة
362,3,Ar Riqabiyah,الرقابية
363,3,As Sulhaniyah,الصلحانية
364,3,Al Ghashiyah,الغاشية
365,3,Al Asayhir,الاصيحر
366,3,As Suwayriqiyah,السويرقية
367,3,Tharb,ثرب
368,3,Hadhah,حاذة
369,3,Al Umaq,العمق
370,3,As Sa'biyah,الصعبية
371,2,Al Qa'arah,القعرة
372,2,Al Juhfah,الجحفة
373,3,Rayin,راين
374,2,Az Zuwayra,الزويراء
375,2,Al Nuwaybi',النويبع
376,2,Al 'Uqlah,العقلة
377,2,Rabigh,رابغ
378,2,Masturah,مستورة
379,2,Al Abwa',الابواء
380,2,Shuluwah,شلوة
381,2,Kilayyah,كلية
382,2,Hajur,حجر
383,2,Sa'bar,صعبر
384,2,At Tandabiyah,التنضبية
385,2,Quwayzah,قويزة
386,2,An Nazzah,النزة
387,2,Ash Shu'abah,الشعبة
388,2,As Sadr,الصدر
389,2,Al Magharibah,المغاربة
390,2,Al Kuwaysiyah,الكويسية
391,2,Abu Hulayfa,ابو حليفاء
392,2,Mahjubah,محجوبة
393,1,Bir Al Faydah,بئر الفيضة
394,1,Al Humayj,الهميج
395,1,Adh Dhibiyah,الذيبية
396,1,Khadra,خضراء
397,1,Al Badayi',البدايع
398,1,Battahah,بطاحة
399,1,As Saqrah,الصقرة
400,1,Wabrah,وبرة
401,1,Abu 'Isharah,أبو عشرة
402,1,Al Mu'allaq,المعلق
403,1,Ar Rumaythi,الرميثي
404,1,Al Hiraniyah,الهرانية
405,4,Ar Radum,الرضم
406,1,Ath Tha'al,الثعل
407,1,Al Unsiyat,الانسيات
408,1,Far'at Ar Rumaythi,فرعة الرميثي
409,1,Al Butayn,البطين
410,1,Mushrifah,مشرفة
411,1,Bidaydah,بديدة
412,1,Al Mijhiliyah,المجهلية
413,1,Al Baharah,البحرة
414,1,Buday'ah,بديعة
415,1,Al Juthum,الجثوم
416,1,Ash Shuwaytin,الشويطن
417,1,Al Mahamah,المحامة
418,1,Afif,عفيف
419,1,Abraqiyah,ابرقية
420,1,Al Jammaniyah,الجمانية
421,1,Al Ashariyah,الاشعرية
422,1,Al Khadarah,الخضارة
423,1,As Salhiyah,الصالحية
424,1,Badai' Al Idyan,بدائع العضيان
425,1,Umm Arta,أم أرطى
426,1,Al Maklah,المكلاة
427,1,'Ushayran,عشيران
428,1,Bu'aythiran,بعيثران
429,1,Umm Qusur,أم قصور
430,1,'Abdah,عبدة
431,1,Khuraysah,خريصة
432,1,'Ajabah,عجابة
433,1,Al Mudayfi',المديفع
434,1,Al Qidrawiyah,القدراوية
435,8,Ubayrah,أوبيرة
436,1,Umm Athlah,أم أثلة
437,1,Al Akhdar,الأخضر
438,1,Muti'ah,مطيعة
439,1,Al Madarah,المدارة
440,1,'Usaylah,عسيلة
441,1,Al Hilwah,الحلوة
442,1,Ad Dubayjah,الدبيجة
443,1,Thadiq,ثادق
444,1,Ar Rawbidah / Raghabah,الروبضة / رغبة
445,1,Ruwaydat As Suhul,رويضة السهول
446,1,Mishash As Suhul,مشاش السهول
447,1,Al Husayy,الحسي
448,1,As Sufarat,الصفرات
449,1,Al Bir,البير
450,1,Ruwayghib,رويغب
451,3,An Najf,النجف
452,3,As Sutayh,السطيح
453,3,Al Khaymah,الخيمة
454,5,Sayhat,سيهات
455,3,Tafidah,تفيدة
456,5,Tarut,تاروت
457,3,Nadya,ندياء
458,3,Mushrifah,مشرفة
459,3,Duwayyinah,دوينه
460,3,'Adan,عدن
461,3,Al Ahmar,الأحمر
462,3,Al Muthallath,المثلث
463,3,Al Far',الفرع
464,3,Al Biqa',البقاع
465,3,An Najil,النجيل
466,3,Al Bathnah,البثنة
467,3,Khayf Husayn,خيف حسين
468,3,Al Baqqariyah,البقارية
469,3,Al Fuq'ali,الفقعلي
470,3,Al Mushayrif,المشريف
471,3,Umm Al Misin,أم المسن
472,3,Al Badi',البديع
473,3,Ad Darah,الدارة
474,3,Al Quray,القري
475,3,As Sulaym,السليم
476,3,Al Luthamah,اللثامة
477,3,Al Muqanna',المقنع
478,3,Dufyan,ضفيان
479,3,'Adad,عضاد
480,3,Al 'Idwah,العدوة
481,3,An Nabah,النباة
482,3,Al Baridi,البريدي
483,3,Yanbu,ينبع
484,3,Al Qarrasah,القراصة
485,3,Al 'Is,العيص
486,3,Al Jabiriyah,الجابرية
487,3,Yanbu An Nakhil,ينبع النخل
488,3,Jarajir,جراجر
489,3,Tir'ah,ترعة
490,3,Al Murabba',المربع
491,3,Nabt,نبط
492,3,As Salilah,السليلة
493,1,Al Qarain,القرائن
494,1,Ash Shukayyrah,الشكيرة
495,1,Hijrat Al Mughur,هجرة المغر
496,1,Mazari' Al Muhtajibah,مزارع المحتجبة
497,1,Al Ghurabah,الغرابة
498,1,Al Qa'iyah,القاعية
499,1,Ghuslah,غسلة
500,1,Shaqra',شقراء
501,1,Al Hafuf,الهفوف
502,1,Halwan,حلوان
503,1,Hasarah,حصرة
504,1,Ath Thumamiyah,الثمامية
505,1,Lubaydah,لبيدة
506,1,Al 'Idayyaniyah,العضيانية
507,1,'Ajlah,عجلة
508,1,Sa'dah,سعدة
509,1,Jafn Dabb,جفن ضب
510,1,Dalqan,دلقان
511,1,Umm As Siba',أم السباع
512,1,Al Jilh Al A'la,الجله الأعلى
513,1,Al Khafaq Al Janubi,الخفق الجنوبي
514,1,Ad Dihwah,الدحوة
515,1,Al Khafaq Al Qadim,الخفق القديم
516,1,Ash Sharmiyah,الشرمية
517,1,Maraghan,مراغان
518,1,Al Faydah,الفيضة
519,1,Al Jarwiyah,الجروية
520,1,Al Awshaziyah,العوشزية
521,1,Abu Rijum,أبو رجوم
522,1,Al Qaltah,القلتة
523,1,Li'li',لعلع
524,1,Al Ghurayri,الغريري
525,1,Al Khunqah,الخنقة
526,1,An Nasaq Al Qadim,النسق القديم
527,1,Wuthaylan,وثيلان
528,1,Bayda' Nathil,بيضاء نثيل
529,1,Umm Ad Diba,أم الدباء
530,1,Al Amar,الأمار
531,1,'Usaylan,عسيلان
532,1,As Sidriyah,السدرية
533,1,Umm Ash Shubrum,أم الشبرم
534,1,Al Hijjaji,الحجاجي
535,1,Al Ghubayya,الغبياء
536,1,Faydah Bin Saeedan,فيضة بن سعيدان
537,1,Abu Humayd,أبو حميض
538,1,An Nubaybi',النبيبيع
539,1,An Naba',النباع
540,1,Al Malqa,الملقى
541,1,Hujayla,حجيلاء
542,1,Al 'Abd,العبد
543,1,Umm Al Jithjath,أم الجثجاث
544,1,Umm Jafr,أم جفر
545,1,Al Khalfiyah,الخلفية
546,2,Al Jidh'an,الجدعان
547,2,Zinqahah,زنقاحة
548,2,Al 'Umshan,العمشان
549,2,Al Judhayyah,الجذية
550,2,Al 'Uqdah,العقدة
551,2,Al Qara,القرا
552,2,Al Futaymah,الفطيمة
553,2,Al Maharizah,المحارزة
554,2,Al Himah,الحمة
555,2,Sayyadah,صيادة
556,2,Al Dufaynah,الدفينة
557,2,Al Wahat,الوهط
558,2,Al Ghunnam,الغنم
559,2,Abu Ghayl,ابو غيل
560,2,Umm Al Bikar,ام البكار
561,2,Al Fu'ur,الفعور
562,2,As Sukhayrah,الصخيرة
563,2,As Sirayh,السريح
564,2,Al Mal'ab,الملعب
565,2,Al Ghimayr,الغمير
566,2,Al Wazir,الوزير
567,2,Thumalah,ثمالة
568,2,An Nusbah,النصبة
569,2,'Abbasah,عباسة
570,2,Al Hufayrah,الحفيرة
571,2,Ghirabah,غرابة
572,2,Al Halqah,الحلقة
573,2,Ar Rikhaylah,الرخيلة
574,1,Al Qasab,القصب
575,1,Al Mishash,المشاش
576,1,As Suh,الصوح
577,1,Ushayqir,اشيقر
578,1,Umm Tulayhah,ام طليحة
579,1,Ad Dahinah,الداهنة
580,1,Al Hariq,الحريق
581,1,Al Juraifah,الجريفة
582,1,Al Waqf,الوقف
583,1,Al 'Uluwah,العلوة
584,1,Farhah,فرحة
585,1,'Arawa,عروى
586,1,Fardah,فردة
587,1,Muwaysil,مويسل
588,1,Ash Shat,الشاة
589,1,Al Sirr,السر
590,1,Mushrif,مشرف
591,1,Badai' Suwayqah,بدائع سويقة
592,1,As Sulubiyah,الصلبية
593,1,Heddah(Mushrifah),حدة (مشرفة)
594,1,Mazari' Ar Rawdah,مزارع الروضة
595,4,Hurmulah,هرمولة
596,4,Faydat Aban Alahmar,فيضة ابان الاحمر
597,4,Ad Darah,الدارة
598,1,Mutribah,مطربة
599,1,Raghlah,رغلة
600,1,Mushrifah,مشرفة
601,1,Dabbah,ضبة
602,1,Al 'Atawi,العطاوي
603,1,Al Hafair,الحفائر
604,1,Mazari' Tinan,مزارع طينان
605,1,Munifah,منيفة
606,1,Quway'an,قويعان
607,1,Al Hanabij,الحنابج
608,1,Ash Shifallahiyah,الشفلحية
609,1,Rawdat Wuthaylan,روضة وثيلان
610,1,Abu Rukab,ابو ركب
611,1,Al Khalidiyah,الخالدية
612,1,Al Hifnah,الحفنة
613,1,Abu Uraynah,أبو عرينة
614,1,Al Far'ah,الفرعة
615,1,Bihar Al Jadid,بحار الجديد
616,1,Hamayyan,حميان
617,6,Al Jarboeyyah,الجربوعية
618,1,Al 'Uqlah,العقلة
619,1,Numaileen,نميلين
620,1,Ad Dahasiyah,الدهاسية
621,1,Al Maslum,المصلوم
622,1,Sa'dah,سعدة
623,1,Umm Radmah,أم رضمة
624,1,As Sinnariyah,السنارية
625,1,Ad Dirirah,الديرية
626,1,Al Mighzal,المغزل
627,1,Jubah,جوباح
628,1,Al Qarnah,القرنة
629,1,Wuthaylan,وثيلان
630,1,'Ayn As Suwayni',عين الصوينع
631,1,Al Artawi,الأرطاوي
632,1,Ath Thiduwah,الثندوة
633,1,Abu Jilal,أبو جلال
634,1,Janub Al Burud,جنوب البرود
635,1,Gharb Al Burud,غرب البرود
636,1,Ar Rishiyah,الريشية
637,1,'Ablah Al Rafayia,عبلة الرفايع
638,1,Mazra'at Al Bidah,مزرعة البيضة
639,1,As Sulaysiyah,السليسية
640,1,Mazra'at Sulaysan,مزرعة سليسان
641,1,Al 'Uwayja,العويجاء
642,1,Al 'Idwah,العدوة
643,1,Al Jadidah,الجديدة
644,1,Badai' Al Hamjah,بدائع الهمجة
645,1,Faydat Al Quwazin,فيضة القوازين
646,1,Mazari' Musayqirat,مزارع مصيقرة
647,1,Al Fayha,الفيحاء
648,1,Ad Dasmah,الدسمة
649,1,Saffaqah,صفاقة
650,1,Qubay'ah,قبيعة
651,1,Ash Shubrumiyah,الشبرمية
652,1,Kuwaykibah,كويكبة
653,8,Al Raeelah,الرعيلة
654,1,Al Wusayta,الوسيطاء
655,1,Ar Raqibah,الرقيبة
656,1,Bid' As Si'aki,بدع الصعكي
657,1,Sultanah,سلطانة
658,1,'Ablah,عبلة
659,1,Al Milayyiniyah,الملينية
660,1,Al Badi'ah,البديعة
661,1,Rawdat Jaham,روضة جهام
662,1,Mazari' Al Jadidah,مزارع الجديدة
663,1,Munifah Al Maghayirah,منيفة المغايرة
664,1,Ad Dir'iyah,الدرعية
665,1,Ar Rumayhah,الرمحية
666,1,Hasu Al Hayd,حسو الحيد
667,1,Hudayjah,حديجة
668,1,Ad Darah,الدارة
669,1,Ad Duwadimi,الدوادمي
670,1,Ad Damthi,الدمثي
671,1,Udakh,أوضاخ
672,1,Kabshan,كبشان
673,1,Hudayjah,حديجة
674,1,Al Qararah,القرارة
675,1,Al Awshaziyah,العوشزية
676,1,Al Jimsh,الجمش
677,1,Najkh,نجخ
678,1,Juraysah,جريسة
679,1,Umm Al 'Athakil,ام العثاكل
680,1,Arja',عرجاء
681,1,Umm Sulaym,أم سليم
682,1,Sajir,ساجر
683,1,Ar Rafi'ah,الرفيعة
684,1,Nifi,نفي
685,1,Masadah,مصدة
686,1,Al Khufayfiyah,الخفيفية
687,1,'Usaylah Al Wusta,عسيلة الوسطي
688,1,Artawi Ar Raqqas,أرطاوي الرقاص
689,1,'Ushayran,عشيران
690,1,Mazra'at Al Khufaysah,مزرعة الخفيسة
691,1,'Ayn Al Qannur,عين القنور
692,1,At Tasrir,التسرير
693,1,Al Athlah,الاثلة
694,1,'Urayfijan,عريفيجان
695,1,As Sakran,السكران
696,1,Jifin,جفن
697,1,Al Burud,البرود
698,1,Jifana,جفنا
699,1,As Salhiyah(Al Ardan),الصالحية (العرضان)
700,1,Al 'Adhiriyah,العاذرية
701,1,Al Bijadiyah,البجادية
702,1,Ar Rafai',الرفائع
703,1,Jaham,جهام
705,1,Al Huzaymiyah,الحزيمية
706,1,Khuff,خف
707,1,Al Muhammadiyah,المحمدية
708,1,Al Hufayrah,الحفيرة
709,1,Masal,ماسل
710,1,Al Qa'iyah,القاعية
711,1,Munifah,منيفة
712,1,Radwa,رضوى
713,1,Artawi Hillit,ارطاوي حليت
714,1,'Awwadah,عواضة
715,1,Shararah,شرارة
716,1,Al Hazm,الحزم
717,1,Saqrah,صقرة
718,1,Al Uqayshiyah,العقيشية
719,1,Al Qurayn,القرين
720,1,Uqlat Al Uwayri,عقلة الغويري
721,1,Umm Zumu',ام زموع
722,1,'Ayn Al Barahah,عين البراحة
723,1,Mughayra',مغيراء
724,1,Ad Dahawi,الضحوي
725,1,'Usaylah,عسيلة
726,1,Al Maghib,المغيب
727,1,Faydat Al Mafass,فيضة المفص
728,1,'Urayyidah,عريدة
729,1,Ash Sha'ra',الشعراء
730,1,Al 'Azimiyah,العازمية
731,1,Al Mahawi,المحوي
732,1,Al Mudarri',المدرع
733,1,Sururah,سرورة
734,1,Asma',عصماء
735,1,Umm Tulayhah,ام طليحة
736,1,Mushrifah Nifi,مشرفة نفي
737,1,Musawi,مساوي
738,1,An Niq'ah,النقعة
739,1,Afqirah,افقرا
740,1,Ar Rufa',الرفاع
741,1,Al Fuqarah,الفقارة
742,1,Al Wuday,الودي
743,1,Ar Rafi'ah,الرفيعة
744,1,Al Khubbah,الخبة
745,1,An Nabuwan,النبوان
746,1,Ar Radifah,الرديفة
747,1,Ar Rishawiyah,الرشاوية
748,1,Mutribah,مطربة
749,1,Al Mustajiddah,المستجدة
750,1,Al Amiriyah,العامرية
751,1,Al Hazimiyyah(Ar Rafi'ah),الحازمية (الرفيعة)
752,1,Adh Dhalmawi,الظلماوي
753,1,Shubayrimah,شبيرمة
754,1,Isam,عصام
755,1,Abbadah,عبادة
757,1,Al 'Abal,العبل
758,1,Artawi Al Hamamid,ارطاوي الحماميد
759,1,Badai' Ibn Najim,بدائع ابن نجم
760,3,Al Marriyah,المرية
761,3,Ash Shuqran,الشقران
762,3,Al Kurayziyah,الكريزية
763,3,Dharah,ذارة
764,3,Qusayba,قصيباء
765,3,Rahbat 'Allush,رحبة علوش
766,3,Al Muqrin,المقرن
767,3,Ar Rafai',الرفائع
768,3,Sabha,صبحا
769,3,Hazrah,حزرة
770,3,Ghurab,غراب
771,3,Al Hijriyah,الحجرية
772,3,Abu Mughayr,أبو مغير
773,3,Al 'Idd,العد
774,3,Ar Rabtah,الربثة
775,3,Al Birkah,البركة
776,3,An Nafazi,النفازي
777,3,Al Hinakiyah,الحناكية
778,3,Al Mahaffar,المحفر
779,3,An Nakhil,النخيل
780,3,As Samad,الصمد
781,3,Ad Dumayriyah,الضميرية
782,3,Al Mahamah,المحامة
783,3,Al Hisu,الحسو
784,3,Al Humayj,الهميج
785,3,Sukhaybirah,صخيبرة
786,3,Hadban,هدبان
787,3,Bilghah,بلغة
788,3,Al Mawiyah,الماوية
789,3,Qusayrah,قصيرة
790,3,Al Awshazi,العوشزي
791,3,Arja',عرجاء
792,3,Talal,طلال
793,1,Al Hazm,الحزم
794,1,At Tawqi,الطوقي
795,1,Huraymila,حريملاء
796,1,Malham,ملهم
797,1,Sudus,سدوس
798,1,Hizwa,حزوى
799,1,Diqalah,دقلة
800,1,Hulayfah,حليفة
801,1,Sulbukh,صلبوخ
802,1,Al Barrah,البرة
803,1,Al Uwaynid,العويند
804,1,Al Buwayb,البويب
805,7,Uyaynah,عيينة
806,1,Ibn Ghannam,إبن غنام
807,1,Al Ghanamiyah,الغنامية
808,1,Al 'Ammaj,العماج
809,1,Hit,هيت
810,1,Al Hair,الحائر
811,1,Kahf Barmah,كهف برمة
812,1,Banban,بنبان
813,1,Ath Thumamah,الثمامة
814,1,Laban,لبن
815,1,Al 'Uraydiyah,العريدية
816,1,Al 'Abbasiyah,العباسية
817,1,Umm Radmah,أم رضمة
818,1,Umm Sulaym,أم سليم
819,1,Tharmada',ثرمداء
820,1,Marat,مرات
821,1,Uthaythiyah,أثيثية
822,1,Labkhah,لبخة
823,1,Rawdat Al Faras,روضة الفرس
824,1,Umm Talhah,ام طلحة
825,1,Huwaytah,حويتة
826,1,At Tawilah,الطويلة
827,1,Ubayr,أوبير
828,1,Ad Dir'iyah,الدرعية
829,1,'Irqah,عرقة
830,1,Al Uyainah,العيينة
831,1,Al Wusayl,الوصيل
832,1,Aba Al Kibash,أبا الكباش
833,1,Al Jubaylah,الجبيلة
834,1,Al 'Ammariyah,العمارية
835,1,Bawdah,بوضة
836,1,Al 'Ulayya,العليا
837,1,Qasr Al Quraynah,قصر القرينة
838,1,Qasr Fayhaq,قصر فيهق
839,1,Duruma,ضرما
840,1,Qusur Al Muqbil,قصور المقبل
841,1,Al Ghutghut,الغطغط
842,1,Qasr Ibn Shuhayl,قصر ابن شهيل
843,1,Al Maghrafiyah,المغرفية
844,1,Jaww,جو
845,1,Al Ghuzayz,الغزيز
846,1,Ath Thumamy,الثمامي
847,1,Wa'alah,وعلة
848,1,Ash Shamaniyah,الشامانية
849,1,Al Qusuriyah,القصورية
850,1,Mazallah,مزلة
851,1,'Usaylah,عصيلة
852,1,Ash Shawah,الشواة
853,1,'Ilayyan,عليان
854,1,Idan,عيدان
855,1,Sayh Ad Dubul,سيح الدبول
856,1,Al Hamjah,الهمجة
857,4,Abu Sudairah,ابو سديرة
858,1,Al Kadrah,الكدرة
859,1,Al Faydah,الفيضة
860,1,Al Khis,الخيس
861,1,Ad Duwayrah,الدويرة
862,1,Abu Marwah,أبو مروة
863,1,Samah,سماح
864,1,Al Qarnah,القرنة
865,1,Dahis,داحس
866,1,Dasman,دسمان
867,1,Al 'Uwaysiyah,العويسية
868,1,Al 'Ulayya,العلياء
869,1,Mazra'at Miz'ilah,مزرعة مزعلة
870,1,Al Qawsah,القوسة
871,1,Ar Rawgh,الروغ
872,1,Al Wusayta,الوسيطاء
873,1,Al Bu'aythiyah,البعيثية
874,1,Ash Shatlaniyah,الشتلانية
875,1,Jaddalah,جدالة
876,1,Qafarah,قفرة
877,1,Ajzala,أجزالا
878,1,Al Jafarah,الجفارة
879,1,Ghawdah,غودة
880,1,Al Quway'iyah,القويعية
881,1,Halaban,حلبان
882,1,Sanam,سنام
883,1,Ar Raj',الرجع
884,1,Tuhayy,طحي
885,1,Ar Ruwaydah,الرويضة
886,1,Al Khunayqiyah,الخنيقية
887,1,An Nasifah,الناصفة
888,1,Al Mathnah,المثناة
889,1,Jellah,الجلة
890,1,Ar Rabwa,الربواء
891,1,Laj'ah,لجعة
892,1,Nukhaylan,نخيلان
893,1,'Inan,عنان
894,1,Al Bada',البدع
895,1,Sabha,صبحاء
896,2,Al Qasr,القصر
897,2,Tir'ah,ترعة
898,2,Dhalam,ظلم
899,2,Al Khafashah,الخفاشة
900,2,Barash,براش
901,2,Ash Sharif,الشريف
902,1,Jellah And Tebrak,الجلة وتبراك
903,2,Al Far',الفرع
904,2,Harjal,حرجل
905,2,Hidayl,هديل
906,2,Umm Al Hisn,ام الحصن
907,2,Al Lahyan,اللحيان
908,2,Al Asrab,الاسراب
909,2,Al Athriyah,العثرية
910,4,Al Watah,الوطاة
911,4,Ghudayy,غضي
912,4,Al Haytan,الحيطان
913,4,As Sarif,الصريف
914,4,Al Fayziyah,الفايزية
915,4,As Su'aybiyah,الصعيبية
916,4,Nuqrat Al 'Amarin,نقرة العمارين
917,4,Rughaylah,رغيلة
918,4,Mazari' Ad Daghmaniyat,مزارع الدغمانيات
919,4,Mazari' Ar Rashid,مزارع الراشد
920,4,Al 'Ulayya,العليا
921,4,Ar Rawdah,الروضة
922,4,Ablaq,أبلق
923,4,Diras,ضراس
924,4,Umm Makriyah,أم مكرية
925,4,Al Khinnasah,الخناصة
926,4,Mazari' As Suqayriyat,مزارع الصقيريات
927,4,Riyad Ar Rimah,رياض الرماح
928,4,Al 'Uqlah,العقلة
929,4,Rawd Ibn Kumayyan,روض ابن كميان
930,4,Al Qaru,القرو
931,4,Al Hadidiyah,الحديدية
932,4,Al Bi'ithah,البعيثة
933,4,As Sughayriyah,الصغيرية
934,4,Huwaylan,حويلان
935,4,As Subakh,الصباخ
936,4,Al Lusayb,اللسيب
937,4,Ad Da'isah,الدعيسة
938,4,Al 'Aqul,العاقول
939,4,Al Busur,البصر
940,13,Al Murayshdiyah,المريشدية
941,4,At Turfiyah,الطرفية
942,4,Al Qar'a,القرعاء
943,4,Al Mulayda',المليداء
944,4,Al Butayn,البطين
945,4,Mihir At Turmus,محير الترمس
946,4,Shari,شري
947,4,Ash Shiqqah Al 'Ulya,الشقة العليا
948,4,Ash Shiqqah As Suflah,الشقة السفلى
949,4,Az Zubayrah,الزبيرة
950,4,Qusayba,قصيباء
951,4,Al Quwarah,القوارة
952,4,Al Hudayyah,الهدية
953,4,Al Ghammas,الغماس
954,4,Mudarraj,مدرج
955,4,Qibah,قبة
956,1,Umm Surayhah,أم سريحة
957,1,Al Kharwa'iyah,الخروعية
958,1,Al Majdhamiyah,المجذمية
959,1,Alhasat,الحصاة
960,1,Al Harmaliyah,الحرملية
961,1,Khabra Ath Thawir,خبراء الثوير
962,1,Ar Rayn,الرين
963,1,Muhairiqah,محيرقة
964,1,Marqan,مرقان
965,1,Umm Nakhilah,ام نخيلة
966,1,Umm Ad Dibay,ام الدبي
967,1,Khabra Halwah,خبراء حلوة
968,1,Hujayla,حجيلا
969,1,Al Fuwayliq,الفويلق
970,1,Al Quway',القويع
971,1,Miz'il,مزعل
972,1,Badai' Al Masha'ilah,بدائع المشاعلة
973,1,Khabra Faran,خبراء فاران
974,1,Khubayb Ar Rim,خبيب الريم
975,1,Al Qararah,القرارة
976,1,Umm Tulayh,أم طليح
977,1,Al Mani'iyah,المانعية
978,1,Al Jadidah,الجديدة
979,1,Al 'Idwah,العدوة
980,1,Adh Dhibiyah,الذيبية
981,1,As Sadr,الصدر
982,1,Abraqiyah,ابرقية
983,1,Hajrufah,حجرفة
984,1,Ma'aniq,معانيق
985,1,As Sayhad,الصيهد
986,1,Al Laghfah,اللغفة
987,1,Al Khafaq Al Jadid,الخفق الجديد
988,1,Dhalma,ظلماء
989,1,Al Khalaiq Ash Sharqiyah,الخلائق الشرقية
990,1,Al Muzahimiyah,المزاحمية
991,1,Tebrak,تبراك
992,1,Al Faydah,الفيضة
993,1,Al Awsat,الاوسط
994,1,Al Huwayrrah,الحويرة
995,1,Khashm Mi'dad,خشم معضد
996,1,Al Bakhra,البخرا
997,1,Al Lughfiyah,اللغفية
998,1,Al Masbar,المسبر
999,1,An Nadhim,النظيم
1000,1,Hafirat Nisah,حفرة نساح
1001,1,'Ajaj,عجاج
1002,1,Al Masha'ilah,المشاعلة
1003,1,Qunayfidhah,قنيفذة
1004,1,Ifriyah,عفرية
1005,1,Al Khalaiq Al Gharbiyah,الخلائق الغربية
1006,1,Al Jufayr,الجفير
1007,3,Al Astah,الأسطح
1008,3,Ar Raj',الرجع
1009,3,Duman,دمان
1010,3,Al Mafraq,المفرق
1011,3,Al Ghuzlan,الغزلان
1012,3,Al Jadid,الجديد
1013,3,Wajmah,وجمة
1014,3,Arqus,عرقوص
1015,3,Al 'Unayq,العنيق
1016,3,Murattijah,مرتجة
1017,3,Al Faqrah,الفقرة
1018,3,Khals,خلص
1019,3,Al Qifaf,القفاف
1020,3,Umm Al Birak,أم البرك
1021,3,Muraykhah,مريخة
1022,3,Al 'Abla,العبلا
1023,3,Marmuma,مرموماء
1024,3,Qurudhah,قرظة
1025,3,Umm Fahi,أم فحي
1026,3,Al Birkah,البركة
1027,3,Al Hada,الهدى
1028,3,Al Ghur,الغور
1029,3,Math'ar,مثعر
1030,3,Al Husayniyah,الحسينية
1031,3,Ash Shufayyah,الشفية
1032,3,As Sulaymiyah,السليمية
1033,3,Abu Qarn,أبو قرن
1034,3,Al Masjid,المسجد
1035,3,Al Lahban,اللهبان
1036,3,Al Jawabirat,الجوابرة
1037,3,Khuruss,خرص
1038,3,Asir,عاصر
1039,3,Al Athud,الأثود
1040,3,Tarjim,ترجم
1041,3,Kitaydah,كتيدة
1042,3,Safa,سفاء
1043,3,Rahqan,رحقان
1044,3,Thu'ayyil,ثعيل
1045,3,Al Mafraq,المفرق
1046,3,Al Mayth,الميث
1047,3,Bir Al Ghanam,بئر الغنم
1048,3,Al Murtajjah,المرتجة
1049,3,Al Ma'ayzilah,المعيزلة
1050,3,Al Har,الحار
1051,3,As Sudayyirah,الصديرة
1052,3,Diraybis,دريبس
1053,3,Badr,بدر
1054,3,Bi'r Qaydi,بئر قيضي
1055,3,Al Wasithah,الواسطة
1056,3,Ar Rayis,الرايس
1057,3,Al Musayjid,المسيجيد
1058,1,Al 'Ayn,العين
1059,1,Khafs Daghrah,خفس دغرة
1060,1,Al Biyad,البياض
1061,1,Al Kharj,الخرج
1062,1,Al Yamamah,اليمامة
1063,1,Ar Rufa',الرفاع
1064,1,Al Barrah,البرة
1065,1,Farzan,فرزان
1066,1,Ar Rafi'ah,الرفيعة
1067,1,Ar Rafai',الرفائع
1068,1,Al 'Adhar,العذار
1069,1,Zumayqah,زميقة
1070,1,Al Hazm,الحزم
1071,1,Al Hayathim,الهياثم
1072,1,Al Bada' Al Qadim,البدع القديم
1073,1,Ad Dilam,الدلم
1075,1,Na'jan,نعجان
1076,1,Hai Al Qitar,حي القطار
1077,1,An Nasifah,الناصفة
1078,1,As Silimiyah,السلمية
1079,1,Al Bada',البدع
1080,1,As Sahba',السهباء
1081,1,Ath Thalima,الثليما
1082,1,At Tawdihiyyah,التوضيحية
1083,1,Al Mahattah,المحطة
1084,1,Ar Rughayb,الرغيب
1085,1,Al Muhammadi,المحمدي
1086,1,As Sahanah,الصحنة
1087,3,Al Juraysiyah,الجريسية
1088,3,Al Ghamr,الغمر
1089,3,Al Mazri',المزرع
1090,3,Haba,هبا
1091,3,As Sahan,الصحن
1092,3,Mashuqah,مشوقة
1093,3,Umm Al 'Arad,أم العراد
1094,3,Al Harrarah,الهرارة
1095,3,As Sidrah,السدرة
1096,3,Al Jissah,الجصة
1097,3,Al Huwaymidah,الحويمضة
1098,3,Qaran,قران
1099,3,Al Khufayq,الخفيق
1100,3,Al Humayjah,الهميجة
1101,3,As Salhiyah,الصالحية
1102,3,Murayghan,مريغان
1103,3,Al 'Ashshay,العشاي
1104,2,Al Qa'ar Al Asfal,القعر الاسفل
1105,2,Khulays,خليص
1106,2,Al Hadba,الحدباء
1107,2,Ar Rahwah,الرهوة
1108,2,Al Qawz,القوز
1109,2,Al Khunfusah,الخنفسة
1110,2,Hishash,حشاش
1111,2,Ad Dubayyah,الضبية
1112,2,Al Buraykah,البريكة
1113,2,Al Fazz,الفز
1114,2,At Tinah,الطينة
1115,2,Umm Al Jurm,ام الجرم
1116,2,Ad Duwwarah,الدوارة
1117,2,Abu Maraghah,ابو مراغة
1118,2,Al Hafya,الحفياء
1119,2,Al Khayf,الخيف
1120,2,Al Maksir,المكسر
1121,2,Al Fij,الفيج
1122,2,Al Saham,السهم
1123,2,Ad Daff,الدف
1124,2,Al Musharifah,المشريفة
1125,2,Al Waqib,الوقب
1126,2,Al Halqah,الحلقة
1127,2,Julayyil,جليل
1128,2,Hilimah,حلمة
1129,2,Al Jid',الجضع
1130,2,Al Biyar,البيار
1131,2,Al Ma'ali,المعالي
1132,2,Al Madid,المديد
1133,2,Al Maraysi',المريصيع
1134,2,Jilayyilah,جليلة
1135,2,Al Masammah,المسماة
1136,2,Al Husayniyah,الحصينية
1137,2,Al Ghuruf,الغروف
1138,2,Al Bahawal,البحول
1139,2,Dawqah,دوقة
1140,2,Al Bakhtariyah,البخترية
1141,2,Al Barzah,البرزة
1142,2,As Sulaym,السليم
1143,2,Al Mahaya',مهايع
1144,2,Al Ma'ada,المعداء
1145,2,Umm Al 'Urmut,ام العرمط
1146,2,Al Milayhah,المليحة
1147,2,Ad Dahlah,الدحلة
1148,2,As Salaylat,الصليلات
1149,2,Ghusayyin,غصين
1150,2,Al Kamil,الكامل
1151,2,Al 'Aybah Al 'Ulya,العيبة العليا
1152,5,Al Taleah,الطليعة
1153,2,Al Qu'ur,القعور
1154,2,Al Gharayyib,الغريب
1155,2,Mishriq,مشرق
1156,2,Al Lusub,اللصب
1157,2,Al 'Uqlah,العقلة
1158,2,Al 'Amudah,العمودة
1159,2,Al Waqbah,الوقبة
1160,2,Al Fari',الفارع
1161,2,Al Khidayd,الخديد
1162,2,Al Maghawi,المغاوي
1163,2,Al Maqfa,المقفي
1164,2,Al Hatamiyah,الحطامية
1165,2,Kidwat Al 'Awaj,كدوة الأعوج
1166,2,Hishaymah,هشيمة
1167,2,Khabt Mizqah,خبت مزقة
1168,2,As Sabt,السبت
1169,2,An Nilah,النيلة
1170,2,Al Qarn,القرن
1171,2,Al Hulayfah,الحليفة
1172,2,Al Musaylim,المسيليم
1173,2,Al Qara,القرى
1174,6,Jum'at At Rabiah,جمعة ربيعة
1175,2,Al Faliq,الفالق
1176,2,Khamis Harb,خميس حرب
1177,2,Al Jard,الجرد
1178,2,Ar Rakh,الركح
1179,2,As Sabatah,السبطة
1180,2,Ath Thuluth,الثلوث
1181,2,Ash Shasarah,الشصرة
1182,2,'Amrat,عمرات
1183,2,'Ajah,عاجة
1184,2,Al 'Uqdah(Al Smariyah),العقدة (السمارية)
1185,2,Al Khumjan,الخمجان
1186,2,Al Kadanah,الكدنة
1187,2,Shaynanah,شينانة
1188,2,Al Jilamah,الجلمة
1189,2,As Sarh,الصرح
1190,2,As Sa'ayb,الصعيب
1191,2,Al Qurayyah,القرية
1192,2,Al Madhah,المضحاة
1193,2,An Nihaymiyah,النهيمية
1194,2,Al Gharif,الغريف
1195,2,Ash Shar',الشرع
1196,2,Ad Dughmiyah,الدغمية
1197,2,Umm Rakah,أم راكة
1198,2,Ad Dubayyilah,الدبيلة
1199,2,Jabbar,جبار
1200,2,Al Hajf,الحجف
1201,2,Abu Jumaydah,أبو جميدة
1202,2,Ghithah,غثاة
1203,2,Ad Dahya,الضحياء
1204,4,At Tiraq,الطراق
1205,8,Al Khuraymi,الخريمي
1206,8,Mazari' Ad Dawayyah,مزارع الدوية
1207,8,Al Qarfa,القرفاء
1208,6,Al Tuwaifah,الطويفح
1209,8,Mubaraz,مبرز
1210,8,As Sulayyil,السليل
1211,8,Sibi'ah,سبيعة
1212,8,Ar Rishawiyah,الرشاوية
1213,8,Al Mirakah,الميركة
1214,8,Ash Shallalah,الشلالة
1215,8,Umm Al 'Amayir,أم العماير
1216,8,Mazari Takhayil,مزارع تخاييل
1217,8,Badai' Ibdah,بدائع إبضة
1218,8,Al Hawra,الحورا
1219,8,Qaryat Al Butain,قرية البطين
1220,8,Ibdah,إبضة
1221,8,Thiral,ثرال
1222,8,Zikhin,زيخين
1223,8,Al Khayt,الخيط
1224,8,As Sulubiyah,الصلبية
1225,8,Al Ma'azil,المعازل
1226,8,Al Madabi',المضابيع
1227,8,As Saqiyah,الساقية
1228,8,Ash Shinan,الشنان
1229,8,Al 'Idwah,العدوة
1230,8,As Su'ayyirah,السعيرة
1231,8,Rakk,رك
1232,8,Al Fuwaileq / Ar Rishawiyah,الفويلق / الرشاوية
1233,8,Al Ubaitir,الابيتر
1234,8,Al Kihayfiyah,الكهيفية
1235,8,Al 'Udhaim,العظيم
1236,2,Al Muqaysir,المقيصر
1237,2,Al Watah,الوطاة
1238,2,Az Zirb,الزرب
1239,2,Al Luwayyat,اللويات
1240,2,Al Urayqit,الأريقط
1241,2,Al Mu'azilah,المعيزيلة
1242,2,Ash Shurufiyah,الشرفية
1243,2,Al Buraykah,البريكة
1244,2,Ad Dhalim,الظليم
1245,2,Al Hinu,الحنو
1246,2,Al Ju'ayrah,الجعيرة
1247,2,Al Hazm,الحزم
1248,2,Al Khurmah,الخرمة
1249,2,Al Gharif,الغريف
1250,2,Shubayrim,شبيرم
1251,2,Mityah,مطية
1252,2,Daff Zayni,دف زيني
1253,2,An Nuwaydirah,النويدرة
1254,2,As Samad,الصمد
1255,2,Al Murshidiyah,المرشدية
1256,2,Ad Dawh Al Kabir,الدوح الكبير
1257,2,Al Jumum,الجموم
1258,2,Abu 'Urwah,ابو عروة
1259,2,Al Brabir,البرابير
1260,2,Qarn As Surur,قرن السرور
1261,2,Al Humaimah,الحميمة
1262,2,Harat Al Jabal,حرة الجبل
1263,2,Samd Al Humaymah,سمد الحميمة
1264,2,An Nuzhah,النزهة
1265,6,Ash Shu'abah,الشعبة
1266,6,Al Qadhal,القذال
1267,6,Shawahit,شواحط
1268,6,'Adaman,عدمن
1269,6,Al Munaydhir,المنيظر
1270,6,Mahabbah,محبة
1271,6,Al Fasilah,الفصيلة
1272,6,Al Maslamah,المسلمة
1273,6,Al Khawsh,الخوش
1274,6,Al Kanabi,الكنبي
1275,6,Al Qiwar,القيوار
1276,6,Al Qana'at,القنعات
1277,6,Al Mifa,الميفاء
1278,6,Sa'aban,صعابان
1279,6,Makhaf,مكهاف
1280,6,Al Mandhar,المنظر
1281,6,Umm Fura',أم فرع
1282,6,Al Qurayhah,القريحة
1283,6,Al Far'ah,الفرعة
1284,6,Umm Sh'bayn,أم شعبين
1285,2,Mushrif,مشرف
1286,6,Quzzah,قزة
1287,6,Sayalah,سيالة
1288,6,Al Ahsar,الأحسر
1289,6,Al Fadiyah,الفاضية
1290,6,Na's,نعص
1291,6,Ad Dahi,الضحي
1292,6,Al Hayd 'Abs,الحيد عبس
1293,6,At Taraqah,الطرقة
1294,6,Al Majardah,المجاردة
1295,6,Al Himah,الحمة
1296,6,Al Aqiqah,العقيقة
1297,6,Bariq,بارق
1298,6,Al Hurayr Ash Sharqi (Al Jazi),الهرير الشرقي - الجازي
1299,6,Tayyib Al Ism,طيب الإسم
1300,6,Al 'Ammarah,العمارة
1301,6,Bishah,بيشة
1302,6,Al Mazarqah,المزارقة
1303,6,Al Ghaythan,آل غيثان
1304,6,Al Ash Shirayfi,آل الشريفي
1305,6,Al At Tum,آل التوم
1306,6,Al Suwayd,آل سويد
1307,6,As Simidah,الصمدة
1308,6,Al Fayd,الفيض
1309,6,Al Mirayyih,آل مريح
1310,6,Safwan,صفوان
1311,6,Ar Runah,الرونة
1312,6,Al Adh Dhib,آل الذيب
1313,6,Rawdan,روضان
1314,4,Faydah Ash Shi'b,فيضة الشعب
1315,2,Hada',حداء
1316,2,Al Maqayth,المقايث
1317,2,Al Qurainah / Hadat Ash Sham,القرينة / هداة الشام
1318,2,Al Qi'dubah,القعضبة
1319,2,Az Zallal,الزلال
1320,2,Ar Ruwayghag,الرويغة
1321,2,Al 'Asb,العصب
1322,2,Al Qa'arah,القعرة
1323,2,Al Ma'lah,المعلاة
1324,2,Al Jarf,الجرف
1325,2,Al Jayshi,الجيشي
1326,2,Az Zurayb,الزريب
1327,2,Al Binayah,البناية
1328,2,Faydah,فيدة
1329,2,Ash Shamiyah,الشامية
1330,2,Al Muqayti',المقيطيع
1331,2,Al Maqaytah,المقايتة
1332,2,Al Miqarr,المقر
1333,2,Abu Hasaniyah,ابو حصانية
1334,2,An Nawariyah,النوارية
1335,2,Al Khayf,الخيف
1336,2,Adh Dhars,الضرس
1337,2,Al Qurayyah,القرية
1338,2,Mushaji,مشجي
1339,2,Al Khulasah,الخلاصة
1340,2,Al Qahah,القاحة
1341,2,Al Qa',القاع
1342,2,'Isfan,عسفان
1343,2,Al Majma'ah,المجمعة
1344,2,Madrakah,مدركة
1345,2,'Ayn Shams,عين شمس
1346,2,Ar Rayyan,الريان
1347,1,Jarir,جرير
1348,1,Al Faiziyah,الفائزية
1349,1,Al Masarir,المصارير
1350,1,An Nuway'mah,النويعمة
1351,1,Wadi Ad Dawasir,وادي الدواسر
1352,1,Abraq An Na 'Am,ابرق النعام
1353,1,Kamdah,كمدة
1354,1,Al Faw,الفاو
1355,1,Hirjat Az Zufur,حرجة الزفر
1356,1,Hajlat As Suwad,حجلة السواد
1357,1,Al Kawakib,الكواكب
1358,1,Ad Dhala'aby,الدلعبي
1359,1,Bani Labib,بني لبيب
1360,1,Khashm Al Bazum,خشم البازوم
1361,1,As Sulayyil,السليل
1362,1,Khayran,خيران
1363,1,Tamrah,تمرة
1364,1,Himam,حمام
1365,1,Rayda,ريدا
1366,2,Al Wasqah,الوسقة
1367,2,Al Midrij,المدرج
1368,12,Al Hadabah,الحدبة
1369,2,Al Khasirah,الخصرة
1370,2,'Uwayyah,عوية
1371,2,Al Mishash,المشاش
1372,6,Rwam,روام
1373,2,Al Hasahis,الحصاحص
1374,2,Al Mudir,المدير
1375,2,Dhi Rahjan,ذي رهجان
1376,2,Al Lughaysim,اللغيسيم
1377,2,Al Waqrayn,الوقرين
1378,2,As Suwamilah,الصواملة
1379,2,As Sadiyah,الصدية
1380,2,Suq Al Jum'ah,سوق الجمعة
1381,12,Masa'dah,مسعدة
1382,12,Dhaha,ظهي
1383,2,Salam Az Zuwahirah,سلم الزواهرة
1384,2,Umm Ash Shawk,أم الشوك
1385,12,Al Hariqah,الحريقة
1386,2,Al Habqah,الحبقة
1387,12,Karsh,كرش
1388,2,Miftah,مفتاح
1389,2,Al Kurdum,الكردم
1390,2,Al Lith,الليث
1391,2,Al Jaizah,الجائزة
1392,2,Qa'is,قاعس
1393,2,Al Madhah,المضحاة
1394,2,Al Maytha,الميثاء
1395,2,Al Ghurrat,الغرات
1396,2,Sala'ah,صلعة
1397,2,Dubay'ah,ضبيعة
1398,2,Ash Shu'abah,الشعبة
1399,2,Al Hulay,الحلي
1400,12,Al Quray,القري
1401,2,Ar Runayfah,الرنيفة
1402,2,Suq Al Lusafah,سوق اللصفة
1403,2,Uyun Harrah,عيون حارة
1404,2,As Siwahah,السوحة
1405,2,Rubu' Al Ayn,ربوع العين
1406,2,Al Mijayrimah,المجيرمة
1407,2,As Sa'diyah,السعدية
1408,2,Suq Dhara,سوق ذرى
1409,2,Suq Tara'a,سوق ترعا
1410,2,Ar Rafugh,الرفغ
1411,2,Qaradah,قرضة
1412,2,Al Barid,البرد
1413,2,Suq Bani Yazid,سوق بني يزيد
1414,2,Haqal,حقال
1415,2,As Sa'i,الساعي
1416,2,Dhanaba,ذنباء
1417,2,Al Maqsabah,المقسبة
1418,2,Sharaqib,شراقب
1419,2,Shaybay,شيباي
1420,2,Qufaylan,قفيلان
1421,2,As Salif,الصالف
1422,2,Sabah,صبح
1423,2,Al Ghalah,الغالة
1424,2,Ghumayqah,غميقة
1425,12,Al Hajrah,الحجرة
1426,2,Lamlam,لملم
1427,12,Al Jarin,الجرين
1428,2,Al Shaqqah (As Shwah),الشاقة / الصهوة
1429,6,As Safah,السفح
1430,6,Hazam Miftah,حزم مفتاح
1431,6,Jash,جاش
1432,6,Rawdat Jash,روضة جاش
1433,6,Al Harfayn,الحرفين
1434,6,La'is,لاعس
1435,6,Murayghan,مريغان
1436,6,Ad Dirayb,الدريب
1437,6,Al Jazi',الجازع
1438,6,Al Fakhriyah,الفاخرية
1439,6,Kutnah,كتنة
1440,6,Al Jazirah,الجزيرة
1441,6,Al Hanek,الحنيك
1442,6,Muraykhah,مريخة
1443,6,Tathlith,تثليث
1444,6,Al Suwaydan,ال سويدان
1445,6,Al Ayfan,ال عيفان
1446,6,Al Khumaysah,ال خميسة
1447,6,Al Qirah,القيرة
1448,6,Al Hamdah,الحمضة
1449,6,Az Zurq,الزرق
1450,6,Habiyah,حبية
1451,6,Rughwan,رغوان
1452,6,Al 'Ayn,العين
1453,6,Al Amwah,الامواه
1454,6,As Subaykhah,الصبيخة
1455,12,Al Ishta,الإشتاء
1456,12,Al Makatim,المكاتيم
1457,12,Al Hukman,الحكمان
1458,12,Al Kalibah,الكلبة
1459,12,Ath Tharawin,الثراوين
1460,12,Quraysh Al Hasan,قريش الحسن
1461,12,Ad Dubay'at,الضبيعات
1462,12,Wadi Bathan,وادي بطحان
1463,12,Al Karadisah,الكرادسة
1464,12,Sabihah Al 'Ulya,سبيحة العليا
1465,12,Al Qara,القرى
1466,12,Al Atawlah,الاطاولة
1467,12,Baydah,بيدة
1468,12,Al Qisamah,القسمة
1469,12,Nikhal,نخال
1470,6,Al Khalij,الخليج
1471,6,As Sabihi,الصبيحي
1472,6,Al Madra,المدراء
1473,6,Al Baqirah,الباقرة
1474,6,Namran,نمران
1475,6,Shudayq,شديق
1476,6,Al Harf,الحرف
1477,6,Al 'Atf,العطف
1478,6,Ad Duhu,الدحو
1479,6,Al Hurayrah,الحريرة
1480,6,Ash Shaqiqah,الشقيقة
1481,6,An Naqi',النقيع
1482,6,Ar Rafai',الرفائع
1483,6,Al Junaynah,الجنينة
1484,6,Idan,عيدان
1485,6,Umm Al Furugh,أم الفروغ
1486,6,'Aqiliyah,عقيلية
1487,6,Baynah,بينة
1488,6,'Arman,عرمان
1489,6,Al Qadihy,القديحي
1490,6,Wa'ir,واعر
1491,6,Ash Shatt,الشط
1492,6,Al Marwah,المروة
1493,6,Al Mahamil,المهامل
1494,6,Al Majma'ah,المجمعة
1495,6,Al Hifah,الحيفة
1496,6,Muhr,مهر
1497,6,Al Bahim,البهيم
1498,6,Al Ghafrat,الغفرات
1499,6,Al Ma'din,المعدن
1500,6,Al Qawz,القوز
1501,6,Badiyah,بادية
1502,6,Al Qa',القاع
1503,6,Kutnah,كتنة
1504,6,Mujahhim,مجحم
1505,6,Al Hajun,الحجون
1506,6,Samakh,صمخ
1507,6,Al Hufayrah,الحفيرة
1508,6,Ath Thaniyah,الثنية
1509,6,Al Qawziyah,القوزية
1510,6,Al Qawba,القوباء
1511,6,Qutbah,قطبة
1512,6,Dafir Kharshan,دفرخرشان
1513,6,Jalal,جلال
1514,6,Bishah,بيشة
1515,6,Ad Dailami,الديلمي
1516,6,Ar Ruqaita',الرقيطاء
1517,6,Tabalah,تبالة
1518,6,Al Hazmi,الحازمي
1519,6,Al Khadra,الخضراء
1520,12,Al Hadabah,الهضبة
1521,12,Al Abna,الأبناء
1522,12,Bani Jarrah,بني جرة
1523,12,Al Marzuq,آل مرزوق
1524,12,Al Himayd,آل حميد
1525,12,Jabr,جبر
1526,12,Hawalah,حوالة
1527,12,Al Azahirah,الأزاهرة
1528,12,Dar As Suq,دارالسوق
1529,12,Bani Kabir,بني كبير
1530,12,Al Humran,الحمران
1531,12,Biljurashi,بلجرشي
1533,12,Bal Shaham,بالشهم
1534,12,Badiyat Bani Kabir,بادية بني كبير
1535,12,Bal'ala,بلعلاء
1536,12,Al 'Ufus,العفوص
1537,12,Khirah,خيرة
1538,12,Qarn Dhabi,قرن ظبي
1539,12,Shibriqah,شبرقة
1540,12,Al Ghashamrah,الغشامرة
1541,12,Al 'Abbas,العباس
1542,12,Bahah,الباحة
1543,12,Raghdan,رغدان
1544,12,Adh Dhafir,الظفير
1545,12,Bani Hasan,بني حسن
1546,12,Baydan,بيضان
1547,12,As Saghrah,الصغرة
1548,12,Bani Dhabyan,بني ظبيان
1549,6,Ash Shaqiq,الشقيق
1550,6,Al Badhdhadhah,البظاظة
1551,6,Al Harajah,الحرجة
1552,6,Al Yazid,آل يزيد
1553,6,Al Qa'arah,القعرة
1554,6,Al Far',الفرع
1555,6,Al Balas,البلس
1556,6,Al 'Idhah,العظة
1557,6,As Sarf,الصرف
1558,6,Thamma,ثما
1559,6,Al 'Asirah,العاسرة
1560,6,Hijab,حجاب
1561,6,Al Husanah,الحصنة
1562,6,Al Az Zariyah,آل الزارية
1563,6,Al Hasba,الحصباء
1564,6,Al Salamah,آل سلمة
1565,6,Al Ash Shaykh,ال الشيخ
1566,6,Al Bashair,البشائر
1567,2,Al Qa',القاع
1568,2,Abu 'Ali,أبو علي
1569,2,Al 'Amudiyah,العمودية
1570,6,Qarn Bin Sahir,قرن بن ساهر
1571,2,Thuluth 'Imarah,ثلوث عمارة
1572,2,Harf Mibrah,حرف مبرة
1573,2,Al Fayijah,الفايجة
1574,2,Al Hamdah,الحمضة
1575,2,Nakhusah,ناخسة
1576,2,Numarah,نمرة
1577,2,Al Qaza'ah,القزعة
1578,2,As Sahanah,الصحنة
1579,2,Al Mu'aqas,المعقص
1580,2,Al Marwah,المروة
1581,2,As Sufay,الصفي
1582,2,Ash Shaghaz,الشغز
1583,2,Al Qadab,القضب
1584,2,Al 'Ajalin,العجالين
1585,2,Ash Shi'b,الشعب
1586,2,As Sulb,الصلب
1587,2,Al Fariq,الفريق
1588,2,As Salamah,السلامة
1589,2,As Sahwah,الصهوة
1590,2,'Unaykir,عنيكر
1591,2,Al Kidsah,الكدسة
1592,2,Ajlan,عجلان
1593,2,Al Quhman,القحمان
1594,2,Al 'Arja,العرجاء
1595,2,Al Buraym,البريم
1596,2,Al Farshah,الفرشة
1597,2,Az Za'atirah,الزعاترة
1598,2,Al 'Amayir,العماير
1599,2,As Samrah,السمرة
1600,2,Sha'ib Samir,شعب سامر
1601,2,As Sadah,السادة
1602,2,Al Qahb,القحب
1603,2,Ballaqah,بلاقة
1604,2,Zubayd,زبيد
1605,2,Makhshush,مخشوش
1606,2,Al 'Aynah,العينة
1607,2,Khabt As Sabt,خبت السبت
1608,2,Al Fahimah,الفاهمة
1609,2,Thurayban,ثريبان
1610,2,Al Mabna,المبنى
1611,6,Al Qa',القاع
1612,2,Al Hudhayfah,الحذيفة
1613,2,Nakhis,ناخس
1614,2,Az Zubayri,الزبيري
1615,2,Ghurab,غراب
1616,2,As Sirr,السر
1617,6,Al 'Amir,آل عامر
1618,2,An Nubay'ah,النبيعة
1619,2,Al Harsh,الحرش
1620,2,Al Hadba,الحدباء
1621,2,As Sudarah,الصدرة
1622,6,Al Haddarah,الهدارة
1623,2,Ash Shara,الشرى
1624,2,Al Anafah,الأنفة
1625,2,Al Qunfidhah,القنفذة
1626,6,Balqarn,بلقرن
1627,6,Sabt Al 'Alayah,سبت العلاية
1628,2,Al Qawz,القوز
1629,2,Kiyad,كياد
1630,2,As Suffah,الصفة
1631,2,Al Mudhaylif,المظيلف
1632,2,Al Habil,الحبيل
1633,2,Sabya',صبياء
1634,6,Bashut,باشوت
1635,2,Ma'shuqah,معشوقة
1636,2,Dawqah,دوقة
1637,2,Sabt Shumran,سبت شمران
1638,2,Ahd Bani Zayd,احد بني زيد
1639,2,Sabt Al Jarah,سبت الجارة
1640,6,Qudrayn,قدرين
1641,6,Al Sufyan,آل سفيان
1642,6,Al Badlah,البدلة
1643,6,Mamlah,مملح
1644,6,Al Jawdah,آل جودة
1645,6,Bani Zuhayr,بني زهير
1646,6,Al Hadba,الحدباء
1647,6,Al Ithibah,آل إثيبة
1648,6,Tala,تلاء
1649,6,Al Qaysah,القيسة
1650,6,Al Faris,آل فارس
1651,6,Adh Dhafra,الذفراء
1652,6,Bathah,بطحة
1653,6,Bani Qays,بني قيس
1654,6,Al Qadwa,القضوى
1655,6,Al Humayyitah,الحميطة
1656,6,Ar Rashda,الرشداء
1657,6,Labwah,لبوة
1658,6,Al Hidaynan,آل حضينان
1659,6,Al Mujra,المجرا
1660,6,Al Kharb,الخرب
1661,6,Al Saqr,آل صقر
1662,6,Jilayyilah,جليلة
1663,6,Ti'mah,طعمة
1664,6,Al Mu'amalah,المعاملة
1665,6,Al Haymah,الحيمة
1666,6,Al Batnah,البطنة
1667,6,Bish,بيش
1668,6,Al Hifah,الحيفة
1669,6,At Turayf Al A'la,الطريف الأعلى
1670,6,Al Maddah,المضة
1671,6,'Irqah,عرقة
1672,6,Thafrah,ثفرة
1673,6,Far'at Quwa,فرعة قواء
1674,6,Al Barqa,البرقاء
1675,6,Farasan,فرسان
1676,6,Lasas,لسس
1677,6,Al Qawz,القوز
1678,6,As Safa Al Mulabad,الصفا الملبد
1679,6,Ath Thu'aylibah,الثعيلبة
1680,6,At Talhah,الطلحة
1681,6,Badiyah,بادية
1682,6,Al 'Ayn,العين
1683,6,Al Baghath,البغث
1684,6,Al Murayfiq,المريفق
1685,6,Al Harfayn,الحرفين
1686,6,Al Qaddah,القضة
1687,6,Al Hamid,الحامض
1688,6,At Tilah,الطلاح
1689,6,Wasit,واسط
1690,6,Khashm Sha',خشم شاع
1691,6,Al Khadayir,الخضاير
1692,6,Mashhidh,مشحذ
1693,6,Buraym As Silil,بريم السليل
1694,6,Al Burdan,البردان
1695,6,Raghwah,رغوة
1696,6,Al Sa'id,آل سعيد
1697,6,Al Ghawl,الغول
1698,6,Al Al Hayilah,آل الهايلة
1699,6,Al Jarman,آل جرمان
1700,6,'Irqah,عرقة
1701,6,Al Hawawish,الحواويش
1702,6,Al Marri,المري
1703,6,Al Shuwayl,آل شويل
1704,6,Kidman,كدمان
1705,6,As Sufayyah,الصفية
1706,6,Ibn Nijam,إبن نجم
1707,6,Al Mathnah,المثناة
1708,5,Hadba',هدباء
1709,6,Wadi Ibn Hashbal,وادي ابن هشبل
1710,6,Al Bi Thawr,ال بي ثور
1711,6,As Sila,السلع
1712,6,Al Maddah,المضة
1713,6,Ar Rawdah,الروضة
1714,6,Khaybar Al Janub,خيبر الجنوب
1715,6,Al Hithadah,الحثدة
1716,6,Al Ba'iq,الباعق
1717,6,Al 'Ard,العرض
1718,6,Umm Dahi,أم ضحي
1719,6,Al Thawban,آل ثوبان
1720,6,Al Haylah,الحيلة
1721,6,Muratikh,مراتخ
1722,6,Umm Dhuhur Ar Rafud,أم ظهور الرفود
1723,6,Majzu'ah,مجزوعة
1724,6,Al Qurunah,القرونة
1725,6,Ar Ri',الريع
1726,6,Qinayfid,قنيفد
1727,6,Al Murabba',المربع
1728,6,Al Fahimah,الفاهمة
1729,6,Al Muhsun,آل محصن
1730,6,An Nusub,النصب
1731,6,Al Muslim,المسلم
1732,6,Ar Raysh,الريش
1733,6,Al Hajib,الحاجب
1734,6,Al 'Illin,آل علين
1735,6,Al Hadan,الحضن
1736,6,Al 'Ayn,العين
1737,6,Al Mukaththir,المكثر
1738,6,Al Barik,البارك
1739,6,Al Maghmar,المغمر
1740,6,Al 'Idah,العيدة
1741,6,Al Hajf,الحجف
1742,6,Al Maqa'id,المقاعد
1743,6,Shi'b Durayb,شعب دريب
1744,6,Al Kadid,الكديد
1745,6,As Sahar,السحر
1746,6,Ibn 'Abidi,إبن عبيدي
1747,6,Al Jabhah,الجبهة
1748,6,Al Harrah,الحرة
1749,6,Ma'sam,معصم
1750,6,Al Hadabat,الحدبات
1751,6,Al Ma'shur,المعشور
1752,6,Al Maslamah,المسلمة
1753,6,Bayn Al Jablayn,بين الجبلين
1754,6,Al Hashaf,الحشف
1755,6,Rayman,ريمان
1756,6,Al Khalif,الخليف
1757,6,Ar Rahah,الراحة
1758,6,Al 'Afarah,العفارة
1759,6,Al Bajili,البجيلي
1760,6,Al 'Aql,العقل
1761,6,Al Majma'ah,المجمعة
1762,6,Sayyal,سيال
1763,6,Al Ma'lawi,آل معلوي
1764,6,Al Khutaym,الخطيم
1765,6,Al Fayy,الفي
1766,6,Al Jardan,الجردان
1767,6,Kharif,خارف
1768,6,Ash Sharaf,الشرف
1769,6,Sarah,سارة
1770,6,Siqamah,سقامة
1771,6,Al Khabarah,الخبارة
1772,2,Ghudayqah,غديقة
1773,2,Al Kharjah,الخرجة
1774,2,Ad Dubaniyah,الدبانية
1775,2,As Sabkhah,الصبخة
1776,2,Sa'bah,صعبة
1777,2,Sur Bin Shakwan,صور بن شكوان
1778,2,Al Khashashah,الخشاشة
1779,2,Al 'Awsa,العوصاء
1780,2,Al Khashah,الخشة
1781,2,Laghab,لغب
1782,2,Ar Raha,الرحى
1783,2,Harizah,حريزة
1784,2,Al Khadra,الخضراء
1785,2,Al Hawrah,الحورة
1786,2,Radwan,رضوان
1787,6,Habath,حبث
1788,6,Al Nahiyah,آل ناهية
1789,6,Al Adh Dhib,آل الذيب
1790,6,Futah,فتاح
1791,6,Maslat,مسلت
1792,6,Al Shaddadi,آل شدادي
1793,6,Al 'Asimi,آل عاصمي
1794,6,Dhi Husaymu,ذي حصيمو
1795,6,Wusanib,وسانب
1796,6,Az Zaha,الزهراء
1797,6,Al Masqawi,المسقوي
1798,6,Hidah,هدة
1799,6,Al Ghal,الغال
1800,6,Khamis Mutair,خميس مطير
1801,6,Muhayil,محايل
1802,6,Qana Al Bahr,قنا البحر
1803,6,Khamis Al Bahr,خميس البحر
1804,6,Qushay'ah,قشيعة
1805,6,Dalaj,دالج
1806,6,Shatt Ibn Jazi'ah,شط إبن جازعة
1807,6,Manqash,منقش
1808,6,Ad Dimagh,الدماغ
1809,6,Thuluth Rim,ثلوث ريم
1810,6,Al Hadan,الحضن
1811,6,Ad Daji',الضاجع
1812,6,Ar Ras'ah,الرصعة
1813,6,Sanumah,سنومة
1814,6,Al Jarf,الجرف
1815,6,As Sarw,السرو
1816,6,Al Ashah,العشة
1817,6,Al Majam,آل مجم
1818,6,Al Husun,الحصون
1819,6,Al Qariyah,القارية
1820,6,Adh Dhurwah,الذروة
1821,6,Ash Shi'bayn,الشعبين
1822,6,Al 'Isa,آل عيسى
1823,6,Marjumah,مرجومة
1824,6,Bayyagh,بيغ
1825,6,Al Jazwah,الجزوة
1826,6,Faqwah,فقوة
1827,6,Al Mut'ali,آل متعالي
1828,6,Dabla,دبلاء
1829,6,Al Qarn,القرن
1830,6,Kalmah,كلمة
1831,6,Al Masam,آل مصم
1832,6,Yasrah,يسراة
1833,6,Al Athl,الأثل
1834,6,Lasnay,لصناي
1835,6,'Ukyah,عكية
1836,6,Al Qarar,القرار
1837,6,Al Jarf,الجرف
1838,6,Fayshan,فيشان
1839,6,Al 'Ayn,العين
1840,6,Ar Rahah,الراحة
1841,6,Al Lasbah,اللصبة
1842,6,Jaww Jibah,جو جيبة
1843,6,Luhud,لهد
1844,6,Al Hadanah,الهدانة
1845,6,Abu Dhira',أبو ذراع
1846,6,Rijal Al Ma',رجال المع
1847,6,As Sudah,السودة
1848,6,Al Huraydah,الحريضة
1849,6,Al Khutwah,الخطوة
1850,6,Al Habil,الحبيل
1851,6,Al Qifay',آل قفيع
1852,6,Al Madiq,المضيق
1853,6,Al Laghir,آل لغر
1854,6,Al Hadabah,الهضبة
1855,6,Al Dalham,آل دلهم
1856,6,'Unqarah,عنقرة
1857,6,Al Lut,آل لوط
1858,6,Al Makir,آل مكر
1859,6,Al 'Irq,آل عرق
1860,6,Sarayim,سرايم
1861,6,Lazmah,لزمة
1862,6,Ad Darb,الدرب
1863,6,Bani Tamim,بني تميم
1864,6,Al Qarha,القرحاء
1865,6,Al 'Amrah,آل عمرة
1866,6,Al Ad Dahis,آل الداحس
1867,6,Al Zuhayr,آل زهير
1868,6,'Irab,عراب
1869,6,Al Mashhur,آل مشهور
1870,6,Al 'Amir,آل عامر
1871,6,Al Hidaylah,آل حديلة
1872,6,Al Hilami,آل حلامي
1873,6,Safhan,صفحان
1874,5,Samudah,سامودة
1875,2,Al Ghubbah,الغبة
1876,2,Al Mahamid,المحاميد
1877,2,Masna Al 'Azyar,مسنى الازيار
1878,2,Al Hudhayfah Al Qalah,الحذيفة القالة
1879,2,Thuwal,ثول
1880,2,Umm As Salam,ام السلم
1881,3,Ghadn Aliya,غضن علياء
1882,2,Bahrah Al Mujahidin,بحرة المجاهدين
1883,2,Bahrah Al Qadimah,بحرة القديمة
1884,2,Hada' Al Jadidah,حداء الجديدة
1885,2,Dhahban,ذهبان
1886,2,Al Ghawla,الغولاء
1887,2,Al 'Awjaniyah,العوجانية
1888,2,As Safhah,الصفحة
1889,2,Al Qadimah,القضيمة
1890,2,Al Qadimah Port,ميناء القضيمة
1891,2,Al Mawalid,المواليد
1892,12,Daghma,دغماء
1893,2,Al Hufayrah,الحفيرة
1894,2,Al Hufayrah,الحفيرة
1895,12,Al Qahab,القهب
1896,2,Al Jahasah,الجحصة
1897,12,Ad Duqum,الدقم
1898,12,Ash Shuhumah,الشهومة
1899,2,'Uwayyah,عوية
1900,12,Sayhan,سيحان
1901,12,Al Hawiyah,الحوية
1902,12,Humays,خميس
1903,12,Ash Shu'abah,الشعبة
1904,2,Al Ahlaf,الاحلاف
1905,2,Al Muwayh Al Qadim,المويه القديم
1906,2,Al Baharah,البحرة
1907,2,Al Badiriyah,البادرية
1908,2,Al Hufayrah,الحفيرة
1909,2,Adh Dhuwayb,الذويب
1910,2,Marwan,مروان
1911,2,Al Qararah,القرارة
1912,2,Umm Ad Dawm,أم الدوم
1913,2,Dughaybjah,دغيبجة
1914,2,Ar Rumaydah,الرميدة
1915,2,Khadd Al Haj,خد الحاج
1916,2,Shuwayhit,شويحط
1917,2,Witaylih,وطيلح
1918,7,Al 'Anabah,العنبة
1919,2,Al Khudr,الخضر
1920,2,Al Wudiyah,الودية
1921,2,As Salhiyah,الصالحية
1922,2,Al Mahani,المحاني
1923,2,Ad Dar Al Bayda,الدار البيضاء
1924,2,An Namur,النمور
1925,2,Al Mubayriz,المبيرز
1926,2,Malah,ملح
1927,2,Al Ghadirayn,الغديرين
1928,7,Al Hamah,الهامة
1929,7,Bir Abu Al 'Ajjaj,بئر ابو العجاج
1930,7,Bir As Sadi,بئر السادي
1931,7,Qal'at Al Adhnum,قلعة الاذنم
1932,7,Salwa,سلوى
1933,7,Wadi Abu Tinah,وادي ابو طينة
1934,7,As Surah,الصورة
1935,7,Tiraym,تريم
1936,7,Bir Fhayman,بئر فحيمان
1937,7,Qasrah,قاصرة
1938,7,Haddaj,هداج
1939,7,Al Hawawit,الحواويط
1940,7,Jubbah,جبة
1941,7,Al Mharish,المهارش
1942,7,Duji,ضوجي
1943,7,Al Murayr,المرير
1944,7,Shuwaq,شواق
1945,7,Amdan,آمدان
1946,7,Ruwaqa,رواقا
1947,7,Duba,ضبا
1948,7,Al Khuraybah,الخريبة
1949,7,Surr,صر
1950,7,Sadr,صدر
1951,7,Nabi' Dama,نابع داما
1952,7,Qabqab,قبقاب
1953,7,Sharma,شرماء
1954,7,Shaghab,شغب
1955,7,Al Muwaylih,المويلح
1956,7,Ad Disah,الديسة
1957,4,As Salmiyah,السالمية
1958,4,Al Muraydisiyah,المريديسية
1959,4,As Safra,الصفراء
1960,4,Khabb Rawdan,خب روضان
1961,4,Al Muntazah,المنتزة
1962,4,Mushrifah,مشرفة
1963,8,Fayd,فيد
1964,8,Tabah,طابة
1965,8,Al Kahafah,الكهفة
1966,8,Uqlat Ibn Dani,عقلة بن داني
1967,8,Uqlat Al Laban,عقلة اللبن
1968,8,As Safra,الصفراء
1969,8,Al Bir,البير
1970,8,Uqlat Ibn Kulayb,عقلة ابن كليب
1971,8,Uraija',عريجاء
1972,8,Al Matrafiyah,المطرفية
1973,8,Al Mudayyih,المضيح
1974,8,Ghamrah,غمرة
1975,8,An Ni'ayy,النعي
1976,8,Al Juhfah,الجحفة
1977,8,Al 'Ishsh,العش
1978,8,As Sab'an,السبعان
1979,4,Qasr Al 'Abdallah,قصر العبد الله
1980,4,Mazari' Al Hufayrat,مزارع الحفيرات
1981,4,Ash Shananah,الشنانة
1982,4,As Samra,السمراء
1983,4,Al 'Atshan,العطشان
1984,4,As Siq,السيق
1985,4,Al Qa'arah,القعرة
1986,4,Al Asyah,الاسياح
1987,4,At Tannumah,التنومة
1988,4,Al Burud,البرود
1989,4,Khusayyibah,خصيبة
1990,4,Turayf Al Asyah,طريف الاسياح
1991,4,Al Bandariyah,البندرية
1992,4,Hunaydhil,حنيظل
1993,4,Al Ja'alah,الجعلة
1994,4,Aba Al Wurood,ابا الورود
1995,4,Didah,ضيدة
1996,4,An Nimriyah,النمرية
1997,4,Al Mutaywi Ash Shamali,المطيوي الشمالي
1998,4,Al Mahalani,المحلاني
1999,4,Uyun Al Jawa',عيون الجواء
2000,4,Uthal,أوثال
2001,4,Ghaf Al Jiwa,غاف الجواء
2002,4,Rawd Al Jiwa,روض الجواء
2003,5,Ash Shaharin,الشهارين
2005,5,Umm Al 'Arad,أم العراد
2006,5,Al 'Ubaylah,العبيلة
2007,5,Shubaytah,شبيطة
2008,5,Shawwalah,شوالة
2009,5,Markaz Ash Shaybah,مركز الشيبة
2010,5,Markaz Al Khiran,مركز الخيران
2011,5,Hijrat At Tawilah,هجرة الطويلة
2012,5,Ajaib,عجائب
2013,5,At Tarbil,الطربيل
2014,5,At Tuhaymiyah,التهيمية
2015,5,Al Miqdam,المقدام
2016,5,As Sabayirah,السبايرة
2017,5,As Sabat,السباط
2018,5,Al Jarn,الجرن
2019,5,Barqa Al Rukban,برقاء  الركبان
2021,7,'Amrat,عمرات
2022,5,Batha,بطحاء
2023,5,Al 'Adid,العديد
2024,5,'Ardah,عردة
2025,5,Dha'blutin,ذعبلوتن
2026,5,Al Jadidah,الجديدة
2027,5,Na'lat Shadqam,نعلة شدقم
2028,5,Al Khuways,الخويس
2029,5,Shadqam,شدقم
2030,5,Abraqiyah,ابرقية
2031,5,Al Hafayer,الحفاير
2032,5,Ibn Sirhan,ابن سرحان
2033,5,Al Muraddaf,المرضف
2034,5,Al Hawiyah,الحوية
2035,5,Al Udayliyah,العضيلية
2037,5,Harad,حرض
2038,5,Al Uyun,العيون
2039,2,Al Hait,الحائط
2040,2,Al Far'ah,الفرعة
2041,2,Ghazal,غزال
2042,2,As Salamah,السلامة
2044,2,Al Muwayh Al Jadid,المويه الجديد
2045,2,'Abal,عبال
2046,2,Al Ji'lan,الجعلان
2047,2,Halaba,حلباء
2048,2,Haddad,حداد
2049,2,As Sayl As Saghir,السيل الصغير
2050,2,Rayhah,ريحة
2051,2,Al 'Arfa,العرفاء
2052,2,Ar Rahbah,الرحبة
2053,2,Al Quhayb,القهيب
2054,2,Al Qaran,القران
2055,2,Al Hawiyah,الحوية
2056,2,As Sayl Al Kabir,السيل الكبير
2057,2,As Sawarqiyah,السوارفية
2058,2,'Ushayrah Al Jadidah,عشيرة الجديدة
2059,2,Al 'Atif,العطيف
2060,2,Al Qurrashiyat,القرشيات
2061,2,'Ushayrah,عشيرة
2062,2,As Sayilah,السايلة
2063,2,Al Fira',الفراع
2064,2,An Najmah,النجمة
2065,2,Al 'Usman,العصمان
2066,2,Al 'Asid,العاصد
2067,2,Al Ya'asib,اليعاسيب
2068,2,Ash Shubban,الشبان
2069,2,Al Qana',العنع
2070,2,At Tuwal,الطوال
2071,2,Al Fari'ah,الفارعة
2072,2,Al Murayfiq,المريفق
2073,2,As Sadd,السد
2074,2,Mishriq,مشرق
2075,2,Al Burah,البورة
2076,2,Ash Shara,الشرى
2077,2,Rishan,ريشان
2078,2,Mithan,المثان
2079,2,Al Manadih,المناضح
2080,2,Al 'Amar,العمار
2081,2,Al Majrad,المجرد
2082,2,Al 'Ata,آل عطى
2083,2,As Salaqa,السلاقا
2084,2,Al Dar Al Hamra,الدار الحمراء
2085,2,Marran,مران
2086,2,Al Hufayrah,الحفيرة
2087,2,Shaqasan,شقصان
2088,2,Mudallilah,مظللة
2089,2,Umm An Nakhlah,ام النخلة
2090,2,Adh Dhiyabat,الذيابات
2091,2,Ghazayil,غزايل
2092,2,Qiya,قيا
2093,2,Buwa,بوا
2094,2,'Ishayra Maktan,عشيرة مكتن
2095,2,Al Hafair,الحفائر
2096,2,Rumhah,رمحة
2097,2,As Salamah,السلمة
2098,2,Hadan,حضن
2099,2,Bir 'Inn,بئر عن
2100,2,Ath Thabitiyah,الثابتية
2101,2,Julayyil,جليل
2102,2,Sulubah,صلبة
2103,2,Al Akhadir,الاخاضر
2104,2,Al Kharaiq,الخرائق
2105,2,Kulakh,كلاخ
2106,2,Zubaidah,زبيدة
2107,2,Za'faran,زعفران
2108,2,Marfud,مرفوض
2109,2,Al Qudaifah,القضيفة
2110,2,Bisil,بسل
2111,2,As Sudayrah,السديرة
2112,2,Al Ma'qir,المعقر
2113,2,At Tuflan,الطفلان
2114,2,As Sufah,الصفاة
2115,2,Al Halqah,الحلقة
2116,2,Al Jadir,الجدير
2117,2,Al Khalif,الخليف
2118,2,Al Hawtah,الحوطة
2119,2,Juwairah,جويرة
2120,2,At Tufayha,الطفيحاء
2121,2,Jush,جوش
2122,2,Al Qahum,القحوم
2123,2,Al Gharayyib,الغريب
2124,2,Al Hamra,الحمراء
2125,2,Al Qasr,القصر
2126,2,Al Libbah,اللبة
2127,2,Al Qari',القريع
2128,2,Ash Sha'a'ib,الشعاعيب
2129,2,Maysan,ميسان
2130,2,Qaha,قها
2131,12,Barahrah,برحرح
2132,2,As Sur,الصور
2133,2,Abu Rakah,ابو راكة
2134,2,Al Furay',الفريع
2135,2,Al Watah,الوطاة
2136,2,Al Quway'iyah,القويعية
2137,2,Ibn Ghannam,إبن غنام
2138,2,Dhawwad,ذواد
2139,2,Al Mabrak,المبرك
2140,2,Al 'Ilawah,العلاوة
2141,2,Al Hairiyah,الحائرية
2142,2,Du'aymir,دعيمر
2143,2,Wusa'ad,وساعد
2144,2,Al Midarah,المدرة
2145,2,Ad Dayyirah,الديرة
2146,2,Al Khalidiyah,الخالدية
2147,2,Al Ghurabah,الغرابة
2148,2,Al 'Ilabah,العلبة
2149,2,Al 'Abisiyah,العابسية
2150,2,Al 'Irqayn,العرقين
2151,2,Al Gharmul,الغرمول
2152,2,Al 'Isalah,العصلة
2153,2,Zallaqah,زلاقة
2154,2,Al Hashafah,الحشفة
2155,2,Abu Madhallah,ابو مظلة
2156,2,Turbah,تربه
2157,2,Al Hashraj,الحشرج
2158,2,Shi'r,شعر
2159,5,Ar Rabi'iyah,الربيعية
2160,7,Bir Ibn Rashdan,بئر ابن رشدان
2161,5,Al Qudayh,القديح
2162,5,Al Khuwildiyah,الخويلدية
2163,5,Ad Duraidy,الدريدي
2164,5,Al Khatrashiyah,الخترشية
2165,5,Abu Ma'an,ابو معن
2166,5,Umm As Sahik,ام الساهك
2167,5,Safwa,صفوى
2168,5,Hazam Umm As Sahik,حزم ام الساهك
2169,3,Al Farsh,الفرش
2170,5,Al Jish,الجش
2171,5,'Inak,عنك
2172,5,Hulat Muhish,حلة محيش
2173,5,At Tubi,التوبي
2174,5,Al Malahah,الملاحة
2175,3,Al 'Usayli,العصيلي
2176,5,Darin,دارين
2177,5,Al 'Awwamiyah,العوامية
2178,5,An Nabiyah,النابية
2179,5,Az Zawr,الزور
2180,5,Al Furay',الفريع
2182,2,Sharai' Al Mujahidin,شرائع المجاهدين
2183,2,At Tan'im,التنعيم
2184,7,Ash Sharaf,الشرف
2185,2,Ash Sharai',الشرائع
2186,2,Ar Rayjah,الريجة
2187,2,Qabil 'Ifan,قابل عيفان
2188,2,Bani Umayr,بني عمير
2189,2,Al Bijaydi,البجيدي
2190,2,Qura As Sadr,قرى الصدر
2191,2,Al Madiq,المضيق
2192,2,Al Majarish,المجاريش
2193,2,Al Hasan,الحسن
2194,2,Ash Shadqa,الشدقاء
2195,2,Ar Riqah,الريقة
2196,2,Az Zaymah,الزيمة
2197,2,Ash Shumaysi,الشميسي
2198,2,Umm Hubaytir,ام حبيتر
2199,2,As Sarf,الصرف
2200,2,Shadad,شداد
2201,2,Umm Al Zillah,ام الزلة
2202,2,Bani Da'ad,بني دعد
2203,2,Umm Ar Rakah,ام الراكة
2204,2,Ash Shu'aybah,الشعيبة
2205,2,Ad Duhaylah,الدحيلة
2206,2,Ar Rawdah,الروضة
2207,2,Ju'ranah,جعرانة
2208,9,Turaif,طريف
2209,9,Al Jirani,الجراني
2210,13,Al Hamad,الحماد
2211,9,Nu'ayj,نعيج
2212,9,Qa' Al Hinu,قاع الحنو
2213,9,Arar,عرعر
2214,9,Markaz As Sahan,مركز الصحن
2215,9,Al 'Uwayqiliyah,العويقلية
2216,9,Aba Ar Rawath,أبا الرواث
2217,9,Al Kasib,الكاسب
2218,9,Umm Khunsur,أم خنصر
2219,9,Hazam Al Jalamid,حزم الجلاميد
2220,9,Ad Duwayd,الدويد
2221,9,Jadidat 'Ar'ar,جديدة عرعر
2222,13,Kaf,كاف
2223,13,Al Qarqar,القرقر
2224,13,Ithrah,إثرة
2225,13,Ghutayy,غطي
2226,13,Al Qurayyat,القريات
2227,13,'Ayn Al Hawasi,عين الحواسي
2228,13,Qulayyib Khudr,قليب خضر
2229,13,Al Isawiyah,العيساوية
2230,13,Al Hadithah,الحديثة
2231,13,An Nasifah,الناصفة
2232,13,Ash Shaqiq,الشقيق
2233,13,Al Hawi,الحوي
2234,13,Suwayr,صوير
2235,13,Hidrij,حدرج
2236,13,Umm Tulayhah,ام طليحة
2237,13,Sakaka,سكاكا
2238,13,Al Laqayit,اللقايط
2239,13,Subayhah,صبيحة
2240,13,Tubarjal,طبرجل
2241,13,Al Fiyad,الفياض
2242,13,Qara,قارا
2243,13,Ath Thaniyah,الثنية
2244,13,Umm Nakhilah,ام نخيلة
2245,13,Al Murayr,المرير
2246,13,Zallum,زلوم
2247,13,An Nabk Abu Qasr,النبك ابو قصر
2248,13,Tal'at 'Ammar,طلعة عمار
2249,13,'Adhfa,عذفاء
2250,13,Khaw'a',خوعاء
2251,13,Ash Shuwayhitiyah,الشويحطية
2252,9,Markaz Umm Al Hiran,مركز أم الحيران
2253,5,Markaz Samah Al Jadid,مركز سماح الجديد
2254,5,Markaz Adh Dhahrah,مركز الظهرة
2255,9,Ibn Suqi,إبن سوقي
2256,9,Rafha',رفحاء
2257,9,Nisab,نصاب
2258,5,Samah,سماح
2259,9,Lawqah,لوقة
2260,9,Umm Rudmah,ام رضمة
2261,5,Ibn Lughaisim,ابن لغيصم
2262,9,Rawdat Habbas,روضة هباس
2263,9,Timiat,التمياط
2264,9,Ibn Shuraym,إبن شريم
2265,9,Ash Shu'abah,الشعبة
2266,9,Linah,لينة
2267,9,Al Markuz,المركوز
2268,13,Dawmat Al Jandal,دومة الجندل
2269,13,Mayqu',ميقوع
2270,13,Al Adari',الأضارع
2271,13,Safan,صفان
2272,13,Ar Radifah,الرديفة
2273,13,Abu 'Ajram,ابو عجرم
2274,13,At Tuwayr,الطوير
2275,8,Sadyan,صديان
2276,8,Al Wusayta,الوسيطاء
2277,8,Al Bir,البير
2278,8,Al Buwaytin,البويطن
2279,8,Badai' Al 'Ishsh,بدائع العش
2280,8,Sahayy,صحي
2281,8,Al Wubayriyah,الوبيرية
2282,8,Qusayriyat,قصيريات
2283,8,Su'aydan,سعيدان
2284,8,Jufayfa,جفيفاء
2285,8,Al Ghamya,الغمياء
2286,8,Al Farhaniyah,الفرحانية
2287,8,Al Mulayh,المليح
2288,8,Hafirat Ash Shaqayq,حفيرة الشقيق
2289,8,Jurumah,جرمة
2290,8,As Sufun,السفن
2291,8,Munifah Al Qa'id,منيفة القاعد
2292,8,Al Qa'id,القاعد
2293,8,At Tuwal,الطوال
2294,8,Ash Sha'afah,الشعفة
2295,8,Al Jilf,الجلف
2296,8,Al Hurayr,الهرير
2297,8,Tuwayyah,طوية
2298,8,Al Bada',البدع
2299,8,Al Jadidah,الجديدة
2300,8,Ar Ruway',الرويع
2301,8,Al 'Iddi,العضدي
2302,8,Al Marma,المرمى
2303,8,Al Mindassah Ash Sharqiyah,المندسة الشرقية
2304,8,At Tim,التيم
2305,8,Al Qulaybayn,القليبين
2306,8,Raynibah,رينبة
2307,8,Al Makdham,المكظم
2308,8,Al Humayra,الحميراء
2309,8,Al Ghar,الغار
2310,8,Al Mu'ayqilat,المعيقلات
2311,8,Al Muwaykir,المويكر
2312,8,Al Makdham,المكظم
2313,8,Ad Darah,الدارة
2314,8,Ash Shubaykah,الشبيكة
2315,8,Al Mab'uthah,المبعوثة
2316,8,Al Jafr,الجفر
2317,8,Al Mu'taridah,المعترضة
2318,8,Al Liqitah,اللقيطه
2319,8,Minshar,منشار
2320,8,Sahlat Badanah,سهلة بدنة
2321,8,Badai' Murayfiq,بدائع مريفق
2322,8,As Sulayyil,السليل
2323,8,As Sulay'a,الصليعاء
2324,8,As Subayhiyah,الصبيحية
2325,8,Al Athlah,الأثلة
2326,8,Huwayyan,حويان
2327,8,Al Mubaydi',المبيدع
2328,8,Al Mabda',المبدع
2329,7,Kilwah,كلوة
2331,8,Al 'Amair,العمائر
2332,8,Ash Shamli,الشملي
2333,8,Al Musalsal,المسلسل
2334,8,Sibutar,سبطر
2336,8,Ghurmul Al Uwayd,غرمول العويد
2337,8,Al Hamiriyah,الحامرية
2338,8,Al Khubbah,الخبة
2339,8,Al Hati,الحطي
2340,8,As Sunayna',الصنينا
2341,8,Dulayhan,دليهان
2342,8,Ash Shaqiq,الشقيق
2343,8,Aba Al Hiran,ابا الحيران
2344,8,Qalib Al Atram,قليب الاطرم
2345,8,Bayda' Nathil,بيضاء نثيل
2346,8,Qina',قناء
2347,8,Al Mushaytiyah,المشيطية
2348,8,At Turbiyah,التربية
2349,8,Al Khuttah,الخطة
2350,8,Jubbah,جبة
2351,8,Mawqaq,موقق
2352,8,Uqlat Bin Jabrin,عقلة بن جبرين
2353,8,Umm Al Qulban,ام القلبان
2354,8,Mazari' As Sihhal,مزارع السحل
2355,8,Mazari Ar Righliyah,مزارع الرغلية
2356,8,At Tulayhah,الطليحة
2357,8,Mazari' As Safya,مزارع الصفيا
2358,8,Al Badai',البدائع
2359,8,Al Hamjah,الهمجة
2360,8,Al Mihayniyah,المهينية
2361,8,Al Jabiriyah,الجابرية
2362,8,Al Wu'ayli,الوعيلي
2363,8,Mazari' Ar Rikhaysiyah,مزارع الرخيصية
2364,8,Mazari' Bayt,مزارع بيط
2365,8,Al Jithyathah,الجثياثة
2366,8,Al Qas'a,القصعاء
2367,8,Al Luwaybidah,اللويبدة
2368,8,Al Jithamiyyah,الجثامية
2369,8,As Suwayfilah,السويفلة
2370,8,Baq'a,بقعاء
2371,8,Al Ajfar,الاجفر
2372,8,Turbah,تربه
2373,8,Dubay'ah,ضبيعة
2374,8,Ash Shihiyah,الشيحية
2375,8,Ash Shu'aybah,الشعيبة
2376,8,Baq'a' Ash Sharqiyah,بقعاء الشرقية
2377,8,Ath Thinayyan,الثنيان
2378,8,Al Jadidah,الجديدة
2379,8,Ash Sha'laniyah,الشعلانية
2380,8,Talha',طلحاء
2381,7,Al 'Amud,العمود
2382,7,Al Humayrah,الحميرة
2383,7,Al Ghal,الغال
2384,7,Al Sajdah,السجدة
2385,7,Al Hasha,الحشا
2386,7,'Aynunah,عينونة
2387,7,Bir 'Audah,بئر عودة
2388,7,Al Jiddah,الجدة
2389,4,Mutribah,مطربة
2390,4,At Turfiyah Al Gharbiyah,الطرفية الغربية
2391,4,Al Badi'ah,البديعة
2392,4,'Urayfjan Sahuq,عريفجان ساحوق
2393,4,As Sulaybi,الصليبي
2394,4,Az Zihayriyah,الزهيرية
2395,4,Rawdat Qiradan,روضة قرادان
2396,4,Abanat,أبانات
2397,4,Al Hinayniyah,الحنينية
2398,4,Khadra,خضراء
2399,4,Dulay' Rashid,ضليع رشيد
2400,4,Al Khutaym,الخطيم
2401,4,'Ata,عطا
2402,4,'Utayy,عطي
2403,4,Al Hamjah,الهمجة
2404,4,Ruf'ai' Al Luhayb,رفائع اللهيب
2405,4,Al Jardhawiyah,الجرذاوية
2406,4,Ar Ruknah,الركنة
2407,4,Al Batra',البتراء
2408,4,Al 'Uqlah,العقلة
2409,4,Al Hawtah,الحوطة
2410,4,Al 'Ubayl,العبيل
2411,4,Al Wusayta,الوسيطاء
2412,4,Nafjah,نفجة
2413,4,Al Ghaydaniyah,الغيدانية
2414,4,Al 'Abla,العبلة
2415,4,Mazari' Al Jirawah,مزارع الجراوة
2416,4,As Sumayra,السميراء
2417,4,Al Rudaymah,الرضيمة
2418,4,Al Qaw'i,القوعي
2419,4,Mazari' Al 'Aql,مزارع العقل
2420,4,Dukhnah,دخنة
2421,4,Ar Rass,الرس
2422,4,Ash Shananah,الشنانة
2423,4,Ash Shawraqiyah,الشورقية
2424,4,Al Qa',القاع
2425,4,Ar Rawdah,الروضة
2426,4,At Tal'ah,الطلعة
2427,4,Mudhayfirah,مظيفيرة
2428,4,Al Washha,الوشحاء
2429,4,Al Hishah,الهيشة
2430,4,Al Hazm,الحزم
2431,4,Al 'Adan,العدان
2432,4,'Ayn Al 'Uqayli,عين العقيلي
2433,4,Rawdat Al Lawwaf,روضة اللواف
2434,4,Al 'Ikrashiyah,العكرشية
2435,4,Zihlulah,زهلولة
2436,4,Ar Ruhaymiyah,الرحيمية
2437,4,Al Wista,الوسطى
2438,4,Al Mafid,المفيض
2439,4,Al Mahruqah,المحروقة
2440,4,Mazari' Khurayman,مزارع خريمان
2441,4,Ar Ribqiyah,الربقية
2442,4,Umm Tulayhah,ام طليحة
2443,4,Fardah,فردة
2444,4,An Nasiriyah,الناصرية
2445,4,Al Kharma Al Janubiyah,الخرماء الجنوبية
2446,4,An Na'ayim,النعايم
2447,4,Khurayman,خريمان
2448,4,Al Midhnab,المذنب
2449,4,'Alba,علباء
2450,4,Rawdat Al Hisu,روضة الحسو
2451,4,Al Murabba',المربع
2452,4,Al Muhallawiyah,المحلاوية
2453,4,Mazari' Al Hazm,مزارع الحزم
2454,4,Dhulyim,ظليم
2455,4,Al Batin,الباطن
2456,4,Al Murghalah,المرغلة
2457,4,Raghabiyah,رغابية
2458,4,At Tu'miyah,الطعمية
2459,4,Al 'Adayin,العداين
2460,4,Al Buwaytin,البويطن
2461,4,Ar Riqa,الرقة
2462,4,Al 'Abla,العبلة
2463,4,Ar Rawghany,الروغاني
2464,5,Al Khafji,الخفجي
2465,4,Al Awshaziyah,العوشزية
2466,4,Wadi Abu 'Ali,وادى أبو على
2467,4,Riyad Al Khabra,رياض الخبراء
2468,4,Shi'b Al Hamar,شعب الحمر
2469,4,Subayh,صبيح
2470,4,Nubayha,نبيها
2471,4,Ash Shibibiyah,الشبيبة
2472,4,Al Bada'i Umm Tal'ah,البدائع أم تلعة
2473,4,Al Badai Al 'Ulya,البدائع العليا
2474,4,Al 'Ubaylah,العبيلة
2475,4,Mazra'at At 'Abla,مزرعة عبلا
2476,4,'Abal 'Abla,عبل عبلا
2477,4,Ar Rawdah,الروضة
2478,4,Al 'Abdaliyah,العبدلية
2479,4,Al Hajnawi,الحجناوي
2480,4,Ad Dahlah,الدحلة
2481,4,Al Badai',البدائع
2482,4,Duhayma,دهيماء
2483,4,Al Abraq,الابرق
2484,4,Al 'Ubayd,العبيد
2485,4,An Nufayyid,النفيد
2486,4,Al Khabra',الخبراء
2487,8,Al Mahawa,المحوى
2488,4,Faydat Dhiban,فيضة ذيبان
2489,4,Mushrif,مشرف
2490,4,Al 'Abir,العابر
2491,4,Mazari Al Haqba,مزارع الحقباء
2492,4,Al Hajbah,الحجبة
2493,4,Adh Dhabah,الظبة
2494,4,Ad Daathah,الدعثة
2495,4,Ad Dabbah,الضبة
2496,4,Al Haniyah,الحنية
2497,4,Abu Khashabah,ابو خشبة
2498,4,Umm Al Kharasi,أم الخراسع
2499,4,Ath Thamiriyah,الثامرية
2500,4,Ad Dath,الداث
2501,4,Mahdumah,مهدومة
2502,4,Mazari' Umm Arta,مزارع أم أرطى
2503,4,Al Jarrariyah,الجرارية
2504,4,Kharbasha,خربشاء
2505,4,Adh Dhahiriyah,الظاهرية
2506,4,Adh Dhahiriyah Al Janubiyah,الظاهرية الجنوبية
2507,4,An Na'imah,الناعمة
2508,4,Al Watah,الوطاة
2509,4,Al Ghadya And Salmat,الغضياء والسلمات
2510,4,Mazari' Thuwaydij,مزارع ثويدج
2511,4,Al Jarir,الجرير
2512,4,Al Qaysumah,القيصومة
2513,6,Al Kanahbilah,الكنهبلة
2514,6,As Sahwah,السهوة
2515,6,Yanif,يانف
2516,6,Halaba,حلباء
2517,6,Al 'Idwah,العدوة
2518,6,At Talhah,الطلحة
2519,6,An Namas,النماص
2520,11,Hamrah Nithil (Abu Shadad),حمراء نثيل / ابو شداد
2521,11,Khajim,خجيم
2522,11,Yadamah,يدمة
2523,11,Aba Ar Rakham,ابا الرخم
2524,11,Markaz Al Wujid,مركز الوجيد
2525,11,Dhalma,ظلماء
2526,6,Tubash'ah,تباشعة
2527,6,Umm Khisah,أم خيسة
2528,6,Salahlah,صلحلح
2529,6,Al Khidari,آل خضاري
2530,8,An Nuqrah,النقرة
2531,8,Kamp Ad Dulu',كمب الضلوع
2532,8,Al Hufayr,الحفير
2533,8,Al Wuday,الودي
2534,8,Qasr Al Ishruwat,قصر العشروات
2535,8,Sara',سراء
2536,8,Faydat Ibn Suwaylim,فيضة بن سويلم
2537,8,An Nisiyah,النيصية
2538,8,Murayfiq,مريفق
2539,8,Qufar,قفار
2540,8,Tuwarin,توارين
2541,8,'Iqdah,عقدة
2542,8,Al Mahaffar,المحفر
2543,8,Al Mukhtalif,المختلف
2544,8,As Sahwah,الصهوة
2545,8,Al Luwaymi,اللويمي
2546,8,Al Mustajiddah,المستجدة
2547,8,Al 'Ajajah,العجاجة
2548,8,Ar Raqab,الرقب
2549,8,An Nimarah,النمارة
2550,8,Al 'Aythamah,العيثمة
2551,8,Libdah,لبدة
2552,8,Darghat,ضرغط
2553,8,Duraighat,ضريغط
2554,8,Al Humaimah,الحميمة
2555,8,Badai' Awl,بدائع اول
2556,8,Ath Thumamiyah,الثمامية
2557,8,Al Hulayfah Al 'Ulya,الحليفة العليا
2558,8,Marhab Ash Shamali,مرحب الشمالي
2559,8,Al 'Aradiyah,العرادية
2560,8,Faydat Athqab,فيضة اثقب
2561,8,Rawd Ibn Hadi,روض ابن هادي
2562,8,Al Was'ah,الوسعة
2563,8,Ash Shiwaymis,الشويمس
2564,8,Al Barqah,البرقة
2565,8,Ad Dabiyah,الدابية
2566,8,Al Huwayyit,الحويط
2567,8,Al 'Uqlah,العقلة
2568,8,Ama'ir Al Murayr,عمائر المرير
2569,8,Bid' Ibn Khalaf,بدع ابن خلف
2570,8,Al Murayr,المرير
2571,8,Umm Rawshan,ام روشن
2572,8,Sufayt,صفيط
2573,8,An Nuhaytiyah,النحيتية
2574,8,Mubaraz,مبرز
2575,8,Al Ma'arrash,المعرش
2576,8,Al Awshaziyah,العوشزية
2577,8,Wusayta' Al Hafan,وسيطاء الحفن
2578,8,Al Ba'ayith,البعايث
2579,8,Az Zughaibiyah,الزغيبية
2580,8,Al Far'ah,الفرعة
2581,8,Badai' As Sighwa,بدائع الصغوي
2582,8,As Sighawa,الصغوى
2583,4,Faydat Yaklib,فيضة يكلب
2584,4,Mazari' Al Qarain,مزارع القرائن
2585,4,An Nuwaybat,النويبات
2586,4,Mazra'at Mushrifah,مزرعة مشرفة
2587,4,Al Makhram,المخرم
2588,4,At Tiraq,الطراق
2589,4,As Sulubiyah,الصلبية
2590,5,Ras Tannurah,راس تنورة
2591,5,Rahimah,رحيمة
2592,8,Badai' As Sufran,بدائع الصفران
2593,8,Humr Al Qa'asa,حمر القعساء
2594,8,Hurayd,حريد
2595,8,Ad Dimasah,الديماسة
2596,8,Al Qa'asa,القعساء
2597,8,Wutidah,وتدة
2598,8,Uqaylat Al Laban,عقيلة اللبن
2599,8,Al Ballaziyah,البلازية
2600,8,Khanqat Ar Rimahi,خنقة الرماحي
2601,8,Ghisil,غسل
2602,8,Simira',سميراء
2603,8,Ar Rufayi',الرفايع
2604,8,Qusayr Matruk,قصير متروك
2605,8,Kutaifah,كتيفة
2606,8,Wusayt,وسيط
2607,4,Nafjah,نفجة
2608,4,Ar Rawdah,الروضة
2609,4,Al Ma'ada,المعدا
2610,4,Mazari Ash Shihiyah,مزارع الشيحية
2611,4,Ash Shihiyah,الشيحية
2612,4,Umm Qiddah,أم قدة
2613,4,Qalib Khunayfisah,قليب خنيفسة
2614,4,Mazra'at Al Ghibyah,مزرعة الغبية
2615,4,Umm Al 'Arad,أم العراد
2616,4,Ath Thabitiyah,الثابتية
2617,4,Buqay'a Ash Shamaliyah,بقيعاء الشمالية
2618,4,Mazari' Ar Rufai',مزارع الرفائع
2619,4,'Usaylah,عسيلة
2620,4,An Nijibah,النجبة
2621,4,Qalib Ar Rujaymiyah,قليب الرجيمية
2622,4,'Iqdah,عقدة
2623,4,Umm Khutut,أم خطوط
2624,4,Mazari' Al Wusayta,مزارع الوسيطاء
2625,8,Al Makhul,المكحول
2626,4,Kahlah,كحلة
2627,4,Al Artawi Ash Shamali,الأرطاوي الشمالي
2628,4,Al Faydah,الفيضة
2629,4,Al Hilaliyah,الهلالية
2630,4,Al Bukayriyah,البكيرية
2631,4,Al Fuwayliq,الفويلق
2632,4,Mishash Jurud,مشاش جرود
2633,4,Ad Dalfa'ah,الضلفعة
2634,4,At Tuwal,الطوال
2635,4,Al 'Ulayya,العليا
2636,4,Ar Rafi'ah,الرفيعة
2637,4,Ash Shabbakiyah,الشباكية
2638,8,Al Jabiriyah,الجابرية
2639,5,Al Marah,المراح
2640,5,Judah,جودة
2641,5,Salwa,سلوى
2642,5,Al Uqayr,العقير
2643,5,Yabrin / Jabrin,يبرين
2644,5,Al Bataliyah,البطالية
2645,5,Ash Shaqiq,الشقيق
2646,5,Al Qurayn,القرين
2647,5,Al Wizyah,الوزية
2648,5,Al Qarn,القرن
2649,5,Al Khars,الخرس
2650,5,Al Ghuwaybah,الغويبة
2651,5,Muraytibah,مريطبة
2652,5,Sudah,سوده
2653,5,Al Umran,العمران
2654,6,Al Mijadib,آل مجادب
2655,6,As Sabt,السبت
2656,6,Al As Sa'di,آل الصعدي
2657,6,Sadwan,سدوان
2658,6,Ash Sha'af,الشعف
2659,6,Larbu'ah,لربوعة
2660,6,Qiraysh,قريش
2661,6,Al Dahman,آل دحمان
2662,6,Al Jafr,الجفر
2663,6,An Namas,النماص
2664,6,Shuhitah,شوحطة
2665,6,Ar Rahwah,الرهوة
2666,6,Qaha,قاها
2667,6,Al 'Azzah,آل عزة
2668,6,Bihan,بيحان
2669,6,Quraniyah,قرآنية
2670,6,Al 'Utuf,العطوف
2671,4,Talhah,طلحة
2672,8,Al Qusayr,القصير
2673,8,Al Mahash,المهاش
2674,8,Al Qa'iyah,القاعية
2675,8,Badai' Qunay,بدائع قني
2676,8,Mughaydah,مغيضة
2677,8,Butayhan,بطيحان
2678,8,Al Qahsiyah,القحصية
2679,8,Ad Duwadimi,الدوادمي
2680,8,Al Bananah,البنانة
2681,8,Ar Rukayyah,الركية
2682,8,Marmuthat Al 'Alam,مرموثة العلم
2683,8,Nakhlah,نخلة
2684,8,An Numayyirah,النميرة
2685,8,Qusayba,قصيباء
2686,8,Malha,ملحاء
2687,8,At Tarfawi,الطرفاوي
2688,8,Ash Shiqqah,الشقة
2689,8,Shuayla Al Masae,شعيلا المصع
2690,8,Badai' Al Fuqayy,بدائع الفقي
2691,8,Umm Hashim,أم هشيم
2692,8,Khufayj Umm Hashim,خفيج أم هشيم
2693,8,Al Baha,الباحة
2694,8,Al 'Amair,العمائر
2695,8,As Sur,الصور
2696,8,Qaryat 'Ishayrah,قرية عشيرة
2697,8,Uqlat Al Makhruq,عقلة المخروق
2698,8,Al Dughaibjah,الدغيبجة
2699,8,Masadah,مصدة
2700,8,Ablah,أبلة
2701,8,Al Qusailah,القصيلة
2702,8,As Sulaymi,السليمي
2703,8,Al Hamad,الحماد
2704,8,Al Wuhaybiyat,الوهيبيات
2705,8,Uraynibah,أرينبة
2706,8,Firtaj,فرتاج
2707,8,Ash Shibriyah As Safra,الشبرية الصفراء
2708,8,Ash Shibriyah Al Hamra,الشبرية الحمراء
2709,8,Al Wusayti,الوسيطي
2710,8,As Sikhinah,الصخنة
2711,8,Afay'iyah,أفيعية
2712,8,Al Hamjah,الهمجة
2713,8,Al Ma'adhib,المعاذب
2714,8,Al Hudayyah,الهدية
2715,8,Al Ghazalah,الغزالة
2716,8,Al Gharisah,الغريسة
2717,8,Al Mijayssah,المجيصة
2718,8,Al Birkah,البركة
2719,8,Tuluh,طلوح
2720,8,Al Hulayfah As Suflah,الحليفة السفلى
2721,8,Al Hait,الحائط
2722,8,Ar Rawdah,الروضة
2723,8,Qa' Hajla,قاع حجلا
2724,8,Al Khufj,الخفج
2725,8,Al Fuqay,الفقي
2726,8,An Nabuwan,النبوان
2727,8,Al 'Uqlah,العقلة
2728,8,Al Awshari,العوشري
2729,8,Marghan,مرغان
2730,8,Al Huwaidi,الهويدي
2731,8,Al Qusaysah,القصيصة
2732,8,Al Masjid,المسجد
2733,8,Saqf,سقف
2734,8,Bid' Bin Huwayyit,بدع ابن حويط
2735,8,Badai' As Suda'iyah,بدائع الصداعية
2736,8,Ri' Al Bakr,ريع البكر
2737,5,Al Kilabiyah,الكلابية
2738,5,Al Munaizlah,المنيزلة
2739,5,Al Qarah,القارة
2740,5,Al Mansurah,المنصورة
2741,5,Al Mazawi,المزاوي
2742,5,Al Hawtah,الحوطة
2743,5,Al Markaz,المركز
2744,5,Al Fudul,الفضول
2745,5,Ar Rumaylah,الرميلة
2746,5,Al Jishshah,الجشة
2747,5,Ash Shu'abah,الشعبة
2748,5,Al Mubarraz,المبرز
2749,5,Al Julijlah,الجليجلة
2750,5,Al Mutairifi,المطيرفي
2752,5,Bani Mu'n,بني معن
2754,5,Al Khinn,الخن
2755,5,Umm Athlah,ام اثلة
2756,5,Khurays,خريص
2757,5,Uray'irah,عريعرة
2758,5,Matali' / Umm Tali',متالع / ام تالع
2759,5,Al Tuwaythir,التويثير
2760,5,Ad Dalwah,الدالوة
2761,5,Ash Shahadin,الشهادين
2762,5,Al Halilah,الحليلة
2763,5,At Taraf,الطرف
2764,5,Al Jafr,الجفر
2765,5,Al Hunayy,الحني
2766,5,Al Qusaybi,القصيبي
2767,5,Al Habl,الحبل
2768,5,Al Harmaliyah,الحرملية
2769,5,Nibak,نباك
2770,4,Al Barjasiyah,البرجسية
2771,4,Mazra'at Az Zarqa,مزرعة الزرقاء
2772,4,Mazrai' Umm Dhuhayrah,مزارع أم ظهيرة
2773,4,An Nabta Rayyah,النبتى رية
2774,4,Ar Ruwaydah,الرويضة
2775,4,Ar Rukayyah,الركية
2776,4,Umm Tulayhah,ام طليحة
2777,4,Ash Shimasiyah,الشماسية
2778,4,Ar Rabi'iyah,الربيعية
2779,4,Al 'Uwayqiliyah,العويقلية
2780,4,An Nubqiyah,النبقية
2781,4,Umm Hazm,أم حزم
2782,7,Al Khashah,الخشة
2783,4,Al Qurayn,القرين
2784,4,Al Hubayriyah,الهبيرية
2785,4,Al Bada',البدع
2786,4,Saq,ساق
2787,4,Ash Shuqran,الشقران
2788,4,Al Bakrah,البكرة
2789,4,Dawbah,دوبح
2790,4,Al Faydah,الفيضة
2791,4,Tuwal Jubayrah,طوال جبيرة
2792,4,Jubayrah,جبيرة
2793,4,Ar Ruhaymiyah,الرحيمية
2794,2,Al Jimdah,الجمدة
2795,2,Umm Al Furugh,ام الفروغ
2796,2,Al Fajjanah,الفجانة
2797,2,Al Hajrah,الحجرة
2798,2,Al Jurayf,الجريف
2799,2,Al Hujayrah,الحجيرة
2800,2,Ranyah,رنية
2801,2,Al 'Amair,العمائر
2802,2,Al Qawz,القوز
2803,2,Al Abraq,الابرق
2804,2,Kuwaykib,كويكب
2805,2,Ad Duram,الضرم
2806,2,Al 'Uwaylah,العويلة
2807,2,Al Amlah,الاملح
2808,2,Turabat Al Khiyalah,تربة الخيالة
2809,12,Bani Farwah,بني فروة
2810,12,Khid'ah,خدعة
2811,12,Al Hudayri,الحضيري
2812,12,An Na'arah,النعرة
2813,12,Ath Thudah,الثودة
2814,6,Ji'abah,جعبة
2815,12,Bani Sar,بني سار
2816,12,Ar Rabwah,الربوة
2817,12,Al Hashraj,الحشرج
2818,6,Maraziq,مرازيق
2819,12,Al Aqiq,العقيق
2820,12,Al Mutariyah,المطرية
2821,12,Ma'shuqah,معشوقة
2822,12,Wurakh,وراخ
2823,12,Jarab,جرب
2824,12,Kara Al Hait,كرا الحائط
2825,12,An Nasba,النصباء
2826,12,Balhakam,بالحكم
2827,12,Al Suqa'ah,آل صقاعة
2828,12,Al Maghthah,المغثة
2829,12,Hadhwah,حظوة
2830,12,Al 'Aqib,العقب
2831,12,'Amdan,عمضان
2832,12,Al Habibah,آل حبيبة
2833,12,Marawah,مراوة
2834,12,As Safh,الصفح
2835,12,Al Mandaq,المندق
2836,12,Bal Khazmar,بالخزمر
2837,12,Al Qarn,القرن
2838,12,Al Na'mah,ال نعمة
2839,12,Daws,دوس
2840,12,At Taraf,الطرف
2841,12,Al Khalif,الخليف
2842,12,Abu Ghubar,أبو غبار
2843,4,Marghan,مرغان
2844,4,Al Ifayhid,الإفيهد
2845,4,Al Hamadah,الحمادة
2846,4,Ashqar An Numaniyat,أشقر النومانيات
2847,4,An Numaniyah,النومانية
2848,4,Al 'Amudah Al Janubiyah,العمودة الجنوبية
2849,4,Al 'Amudah Ash Shamaliyah,العمودة الشمالية
2850,4,Al Jarir,الجرير
2851,4,Al Ishay'il,الأشيعل
2852,4,Al Qihabiyah,القهيبية
2853,4,Ash Shi'faniyah,الشعيفانية
2854,4,Al Mishash,المشاش
2855,4,Diraymihah,دريميحة
2856,4,Al Masak,المصك
2857,4,Quraytah,قريطة
2858,4,Mazari' Al Wusayta,مزارع الوسيطاء
2859,4,Qasr Al Battah,قصر البطاح
2860,4,As Seeh,السيح
2861,4,Al Himliyah,الحملية
2862,4,As Suwaytiyah,الصويتية
2863,4,Al Asamir,الأسامر
2864,4,Al Asas,الأساس
2865,4,Abu Nakhlah,أبو نخلة
2866,4,Ash Shubaykiyah,الشبيكية
2867,4,Al Wusayta,الوسيطاء
2868,4,Jadid,جديد
2869,4,At Tarfawi,الطرفاوي
2870,4,Al Khishaybi,الخشيبي
2871,4,Al Hajjaziyah,الحجازية
2872,11,Zur Al 'Aqarib,زور العقارب
2873,11,Al Ghafiyah,الغافية
2874,11,Sufah,صفاه
2875,11,Al 'Adabat,العضبات
2876,11,Qatan,قطان
2877,11,Thar,ثار
2878,11,Hima,حمى
2879,6,Ash Shurafat,الشرفات
2880,6,Ar Ra'y,الرعي
2881,6,At Tirq,الطرق
2882,6,Al Jirmah,الجرمة
2883,6,Al Hashafah,الحشافة
2884,6,Hamadah,حمضة
2885,6,Al Mat'an,المطعن
2886,6,Al Manjahah,المنجحة
2887,6,Al Fayd,الفيض
2888,6,Ghalib,غالب
2889,6,Sa'idah,سعيدة
2890,6,Al Ajra' Ash Shamali,الأجرع الشمالي
2891,6,Dhahban,ذهبان
2892,6,Dabsa,دبساء
2893,6,Al Birk,البرك
2894,6,Al Qahmah,القحمة
2895,6,'Amaq,عمق
2896,6,Al Hadhirah,الحظيرة
2897,6,Al Hamid,آل حامد
2898,6,Al Yusuf,آل يوسف
2899,6,Al Badlah,البدلة
2900,6,Lawlah,لولاة
2901,6,Najd Qarad,نجد قرض
2902,6,Jumman,جمان
2903,6,Kathm,كثم
2904,6,As Salamah,السلامة
2905,6,Al Mathnah,المثناة
2906,6,Al Hadabah,الهضبة
2907,6,Li'san,لعصان
2908,6,Al Mahalah,المحالة
2909,6,Ash Sharaf,الشرف
2910,6,Sirr Al As Siri',سر آل السريع
2911,6,Al 'Abab,العبب
2912,6,Ad Darah,الدارة
2913,6,Al Jarjar,الجرجر
2914,6,'Adwan,عدوان
2915,6,Al 'Ayn,العين
2916,6,Al Ja'ja',الجعجاع
2917,6,Al Mawsatah,الموسطة
2918,6,Al Jum'ah,آل جمعة
2919,6,Al 'Azizah,العزيزة
2920,6,Al Hurayr Al Gharbi,الهرير الغربي
2921,6,Itarah,إيتارة
2922,6,Abu Nakhlah,أبو نخلة
2923,6,Al Qurh,القرح
2924,6,Al 'Araf,العرف
2925,6,Abu Jarshah,أبو جرشة
2926,6,Al Khashm,الخشم
2927,6,Rugh Al 'Anid,روغ العاند
2928,6,Al Balfalah,آل بالفلاح
2929,6,Hajla,حجلا
2930,6,Al 'Utfah,العطفة
2931,6,Tanah,تانة
2932,6,Al Ash Shaykh,آل الشيخ
2933,6,Hubayyib,حبيب
2934,6,Rughfah,رغفة
2935,6,'Adadah,عضاضة
2936,6,Al Sirhan,آل سرحان
2937,6,Al Qa'arah,القعرة
2938,6,Al Yazid,آل يزيد
2939,6,Al Majma',المجمع
2940,6,As Sayhani,الصيحاني
2941,6,Al Bihaymah,البهيمة
2942,6,Al Qar'a,القرعاء
2943,6,Al Jarr As Saghir,الجر الصغير
2944,6,Ash Sha'af,الشعف
2945,6,Tamniyah,تمنية
2946,6,Al Qarn,القرن
2947,6,Al 'Ali,آل علي
2948,6,'Ayn Adh Dhibah,عين الذيبة
2949,6,Al Barik,البارك
2950,6,Qaradah,قرضة
2951,6,Al Zaydi,آل زيدي
2952,6,Husn Al Jarin,حصن الجرين
2953,6,Al 'Asim,آل عاصم
2954,6,Al Janfur,الجنفور
2955,6,'Arayis,عرايس
2956,6,'Umam,عمام
2957,6,Rahwah Al Ghina,رهوة الغيناء
2958,6,Shuhat,شوحط
2959,6,Manadir Al 'Ayn,منادرالعين
2960,6,Bani Rizam,بني رزام
2961,6,Al Malahah,الملاحة
2962,6,At Talhah,الطلحة
2963,6,Sharmah,شرمة
2964,6,Al Hanaq,الحنق
2965,6,Al Qurayn,القرين
2966,6,Al Mujammal,آل مجمل
2967,7,Bajdah,بجدة
2968,6,Tabab,طبب
2969,6,Al Shutat,الشطاط
2970,6,Al 'Abidiyah,العبيدية
2971,6,As Sabt,السبت
2972,6,Himalah,حمالة
2973,6,Al Aqiq,العقيق
2974,6,Al Wasat,الوسط
2975,6,Al Bassam,آل بسام
2976,6,Al Dukayn,آل دكين
2977,6,Al Mahadi,آل مهدي
2978,6,Al Misyad,المصياد
2979,6,Al Juz'ah,الجزعة
2980,6,Al Mashdud,آل مشدود
2981,6,Al Jihmah,الجهمة
2982,6,Al 'Usran,العسران
2983,6,Al Bihabib,آل بحبيب
2984,6,Al Qawsha',آل قوشع
2985,6,Al Qarn,القرن
2986,4,Ad Dilaymiyah,الدليمية
2987,4,Al Fawwarah,الفوارة
2988,4,Uqlat As Suqur,عقلة الصقور
2989,4,Adh Dhibiyah,الذيبية
2990,4,Qasr Ibn 'Uqayyil,قصر ابن عقيل
2991,4,Qitan,قطن
2992,4,Al Basiri,البصيري
2993,4,Al Khuraysha,الخريشاء
2994,4,Ad Dahlah,الدحلة
2995,4,An Nuqrah,النقرة
2996,4,Embary,امباري
2997,4,Al Jifn,الجفن
2998,4,Daym,ديم
2999,4,Al Humayliyah,الهميلية
3000,4,Amayir Si'idah,عماير سعيدة
3001,4,Dhawqan Ar Rakaya,ذوقان الركايا
3002,4,Ad Dahi,الضاحي
3003,4,Al Wahalan,الوهلان
3004,4,Al 'Awniyah,العونية
3005,4,Al Hufayrah,الحفيرة
3006,4,Al Ashrafiyah,الأشرفية
3007,4,Mazra'at Al Bassamiyah,مزرعة البسامية
3008,4,Ad Dal'ah,الضلعة
3009,4,Ghadfa,غدفاء
3010,4,Al Ghuraybiyah,الغريبية
3011,4,Al Fayha,الفيحاء
3012,4,Umm Ghuwayfah,أم غويفة
3013,4,Al Janah,الجناح
3014,4,Al Hazm,الحزم
3015,4,Riyad Qana,رياض قناء
3016,4,Al Mundassah,المندسة
3017,4,Ruf'ai' Al Humaymah,رفائع الحميمة
3018,4,Mudhayfir,مظيفر
3019,4,Al 'Amudah,العمودة
3020,4,Ar Rawdah,الروضة
3021,4,Abu Talh,ابو طلح
3022,4,Mihayyidah,مهيضة
3023,4,Wadi Al Nakhil,وادي النخيل
3024,4,Fayyadah,فياضة
3025,4,Kahlah,كحلة
3026,4,Ruf'ai' Al Hajrah,رفائع الحجرة
3027,4,Mishash Rukayyan,مشاش ركيان
3028,4,Abu 'Arda,أبو عرداء
3029,4,An Nasifah,الناصفة
3030,4,An Nabhaniyah,النبهانية
3031,4,Thadij,ثادج
3032,4,Rubayq,ربيق
3033,4,Samudah,سامودة
3034,4,Al Malqa,الملقاء
3035,4,Al Kharma,الخرماء
3036,4,Al Kharma Ash Shamaliyah,الخرماءالشمالية
3037,4,Al Haysuniyah,الحيسونية
3038,4,Al Qu'ayyir,القعير
3039,4,Al 'Amar,العمار
3040,3,Quraydah,قريضة
3041,3,Al Jissah,الجصة
3042,3,Abyar Ali,ابيار علي
3043,3,Abu Kabir,أبو كبير
3044,3,Ad Duwaykhilah,الدويخلة
3045,3,Al Wu'ayrah,الوعيرة
3046,4,Umm Jarfan,ام جرفان
3047,3,Al Uyun,العيون
3048,3,Al Khulayl,الخليل
3049,3,Na'amin,نعامين
3050,3,Mulayhah,مليحة
3051,3,Al 'Aqul,العاقول
3052,3,Al Har As Sufla,الحار السفلى
3053,3,Mufarrihat,مفرحات
3054,3,Al Qutay'a,القطيعاء
3055,3,Al Far',الفرع
3056,3,Al Fuqarah,الفقارة
3057,3,Arbaq,أرباق
3058,3,Al Mulaylih,المليليح
3059,3,Al Magharah,المغرة
3060,3,Abu Numasat,أبو نمصات
3061,3,Dithir,دثير
3062,3,Al 'Uqaylah,العقيلة
3063,3,Al 'Uwaynah,العوينة
3064,3,Al Khadra,الخضراء
3065,3,Ath Tha'alah,الثعلة
3066,3,Al Har Al 'Ulya,الحار العليا
3067,3,Al Mudaybi'ah,المضيبعة
3068,3,As Susi,السوسي
3069,3,Ash Shalayil,الشلايل
3070,3,Uwaydik,أويدك
3071,3,Al Gharid,الغريض
3072,3,As Sayfi,الصيفي
3073,3,Al Ghusan,الغصن
3074,3,Adh Dhamu,الظمو
3075,3,Al Tarqiyah,الطرقية
3076,3,Umm Al 'Iyal,أم العيال
3077,3,Al Malbanah,الملبنة
3078,3,Hanadh,حنذ
3079,3,Al Hindiyah,الهندية
3080,3,Al Murayr,المرير
3081,3,Ad Duhu,الدحو
3082,3,An Nuqay'a,النقيعاء
3083,3,Al Mushayniyah,المشينية
3084,3,Al Qafilah,القافلة
3085,3,Al Luthamah,اللثامة
3086,3,Al Malhah,الملحة
3087,3,Al 'Ayza,العيزاء
3088,3,An Nuqrah,النقرة
3089,3,Al Bardiyah,البردية
3090,3,Al 'Ushayrah,العشيرة
3091,3,Al Qisayyibah,القصيبة
3092,3,Ash Shuwamin,الشوامين
3093,3,Ash Shufayyah,الشفية
3094,3,Taytad,تيتد
3095,3,Al Buyayrat,البييرات
3096,3,Hurumah,هرمة
3097,3,Al 'Uthayya,العثيا
3098,7,Shiqri,شقري
3099,3,Shajwa,شجوى
3100,3,Al Buwair,البوير
3101,3,Ash Shuqrah,الشقرة
3102,3,As Suwaydirah,الصويدرة
3103,3,Al Furaysh,الفريش
3104,3,Ar Rayyan,الريان
3105,3,Al Mulaylih,المليليح
3106,3,Ar Rasi'ah,الرصيعة
3107,3,Abyar Al Mashi,ابيار الماشي
3108,3,Ruwawah,رواوة
3109,3,Al Jafr,الجفر
3110,3,Abu Diba',ابو ضباع
3111,3,Al Madiq,المضيق
3112,3,Al Akhal,الاكحل
3113,3,Al Yitimah,اليتمة
3114,3,Al Faqir,الفقير
3115,3,Al Mundassah,المندسة
3116,3,Buwat,بواط
3117,3,Al 'Usaylib,العصيلب
3118,3,Al Jifdur,الجفدور
3119,4,Miskah,مسكة
3120,4,Umm Al Mahash,أم المحاش
3121,4,'Idah,عيدة
3122,4,Ar Rafai',الرفائع
3123,4,Sumayir,صميعر
3124,1,Faydat Salam,فيضة سلام
3125,4,Tufaylah,طفيلة
3126,4,Hulaywah,حليوة
3127,4,Hurmul,هرمول
3128,1,Rawdat 'As'as,روضة عسعس
3129,4,Al Mutaywi,المطيوي
3130,4,Badai' Huwayshilah,بدائع هويشلة
3131,1,Al Kuffiyah,الكفية
3132,4,Buqay'a Al Janubiyah,بقيعاء الجنوبية
3133,4,Ar Rufayi' Al Najh,الرفايع النجج
3134,4,Adh Dhahiriyah,الظاهرية
3135,4,Al Mundassah,المندسة
3136,4,Al 'Uqlah,العقلة
3137,4,Al Qa'iyah,القاعية
3138,1,Ad Dubay'ah,الضبعية
3139,4,Badai Ad Dib'iyah,بدائع الضبعية
3140,4,Jafrat Al Jadidah,جفرة الجديدة
3141,4,Jafrah,جفرة
3142,4,Al Hamadah,الحمادة
3143,4,Badai' Mushrifah,بدائع مشرفة
3144,4,Najkh Al Janubi,نجخ الجنوبي
3145,4,Najkh Al Shamali,نجخ الشمالي
3146,4,Al Quway'iyah,القويعية
3147,4,Su'aynin,صعينين
3148,4,Laym,ليم
3149,4,As Sulaysiyah,السليسية
3150,1,Faydat Noman,فيضة نومان
3151,4,Dariyah,ضرية
3152,4,As Sum'uriyah,الصمعورية
3153,4,Salam,سلام
3154,4,Al 'Aqir,العاقر
3155,4,Badai' Riman,بدائع ريمان
3156,4,Badai' Ad Dubtan,بدائع الضبطان
3157,4,Al Ba'ja,البعجاء
3158,1,Al Hariq,الحريق
3159,1,Na'am,نعام
3160,1,Hawtat Al Hilwah,حوطة الحلوة
3161,1,Hawtat Bani Tamim,حوطة بني تميم
3162,1,Asfal Al Batin,اسفل الباطن
3163,1,Al Far'ah,الفرعة
3164,1,Al Mith'ab,المثعب
3165,1,Al Hilwah,الحلوة
3166,1,Al Haytan,الحيطان
3167,1,Wadi Al Bark,وادي البرك
3168,1,Ash Shukrah,الشكرة
3169,1,Al Faysaliyah,الفيصلية
3170,1,An Naifiyah,النايفية
3171,1,Al Qatin,القطين
3172,1,Al Kharfah,الخرفة
3173,1,Ar Rawdah,الروضة
3174,1,Layla,ليلى
3175,1,Swidana,سويدانا
3176,1,Marwan,مروان
3177,1,Wasit,واسط
3178,1,Al Hamr,الحمر
3179,1,Al Badi' Al Janubi,البديع الجنوبى
3180,1,Al Badi' Ash Shamali,البديع الشمالي
3181,1,Al Haddar,الهدار
3182,1,Saqi An Nahid,ساقي الناهض
3183,1,Al Ghayl,الغيل
3184,1,Sitarah,ستارة
3185,1,Haradah,حراضة
3186,2,Al Far'ah,الفرعة
3187,2,Al 'Uthaythi,العثيثي
3188,2,Al Hafa'ir,ا لحفائر
3189,2,As Salam,السلم
3190,2,Al Qa'iyah,القاعية
3191,2,Al Quwamah,القوامة
3192,2,Al Ghafah,الغافة
3193,2,Al Hiddah,الحدة
3194,2,Al Maghara,المغراء
3195,2,Al 'Ufayriyah,العفيرية
3196,2,Abu Miluh,أبو ملوح
3197,2,An Naghar,النغر
3198,2,As Sadr,السدر
3199,2,Al Jarr Thamiyyah,الجر ثمية
3200,2,Al Hajf,الحجف
3201,12,Ibn Ghuf,إبن غوف
3202,12,Al Mifa,الميفا
3203,12,Al Qarn,القرن
3204,12,Al Umrah,الامرة
3205,12,An Najil,النجيل
3206,12,At Tayf,الطيف
3207,12,As Sama'ah,السمعة
3208,12,Nabir,نابر
3209,12,Ad Dahi,الضاحي
3210,12,Az Zira'ah,الزرعة
3211,12,Al Ishayrah,الاشيرة
3212,12,As Sur,الصور
3213,12,Fara't Al 'Atardah,فرعة العطاردة
3214,12,Al Qahab,القهب
3215,12,Al Hashas,الحصحص
3216,12,Qurama,قراما
3217,12,Al 'Ayyash,العياش
3218,12,Al Sa'id,آل سعيد
3219,12,Al Ghasanah,الغصنة
3220,12,Qilwah,قلوة
3221,12,Ash Sha'ra',الشعراء
3222,12,Nira,نيرا
3223,12,Al Jawwah,الجوة
3224,12,Al Far',الفرع
3225,12,Al Hatafirah,الهتافرة
3226,2,Al Qari',القريع
3227,12,Al Maswadah,المسودة
3228,12,Al Hashu,الحشو
3229,2,Fara't Bani Suhaym,فرعة بني سهيم
3230,2,Al 'Uqdah,العقدة
3231,2,Al 'Awasiyah,العواصية
3232,12,Al Qusayba,القصيباء
3233,12,Ar Rahwah,الرهوة
3234,12,Al Husn,الحصن
3235,12,Ghamid Az Zinad,غامد الزناد
3236,12,Al Mukhwah,المخواة
3237,12,Nusubah,نصبة
3238,12,Nawan,ناوان
3239,6,Al Arq,العرق
3240,6,Ka'b,كعب
3241,6,Al Khadirah,الخاضرة
3242,6,Al Qarn Al Abyad,القرن الأبيض
3243,6,Ad Dahid,الدحض
3244,6,Adh Dhaharah,الظهارة
3245,6,Makhdarah,مخدرة
3246,6,Al Khadra,الخضراء
3247,6,Al Qurayyah,القرية
3248,6,Bani Mulayh,بني مليح
3249,6,Wadi Al Ghayl,وادي الغيل
3250,6,Mulayh,مليح
3251,6,Rubu' As Sarw,ربوع السرو
3252,6,Al Bukhishayf,آل بو خشيف
3253,6,Bahwan,بهوان
3254,6,Ad Daribayn,الضاربين
3255,6,Al Makhlad,آل مخلد
3256,6,Al 'Abbas,آل عباس
3257,6,Al Midrah,آل مضرة
3258,6,Ghashirah,غاشرة
3259,6,Dhabub,ذبوب
3260,6,Mijalid,مجالد
3261,6,Al Sakhaytah,آل سخيطة
3262,6,'Aballah,عبالة
3263,6,Al 'Ubayd,آل عبيد
3264,6,Al Misha'ir,آل مشاعر
3265,6,Misfirah,مسفرة
3266,6,Al Farsh,آل فرش
3267,6,Al Hufah,الحفاة
3268,6,As Surrah,الصرة
3269,6,Hawra,حوراء
3270,6,Al Qarn Wal Juhaifah,القرن والجهيفة
3271,6,Kubadah,كبدة
3272,6,Al 'Aynayn,العينين
3273,6,Tanumah,تنومة
3274,6,Al Wadiyayn,الواديين
3275,6,Billasmar,بللسمر
3276,6,Al Lajam,آل لجم
3277,6,Al Ithnayn,الاثنين
3278,6,Al Ghalfaq,آل غلفق
3279,6,Suhayban,سحيبان
3280,6,Al 'Ammarah,العمارة
3281,6,Qiyan,قيان
3282,6,Al Ghars,الغرس
3283,6,Al Hakimah,الحكيمة
3284,6,Ar Raqwah,الرقوة
3285,6,Al Al Jildah,آل الجلدة
3286,6,Mashrufah,مشروفة
3287,6,Lahmah,لاهمة
3288,6,Al Fuhayd,آل فهيد
3289,6,Al Hadba,الحدباء
3290,6,Al Sunayj,آل صنيج
3291,6,Al 'Urfan,آل عرفان
3292,6,Al Kushaym,آل كشيم
3293,6,Al Hadhyan,الحذيان
3294,6,Al 'Urfan,العرفان
3295,6,Hafidh,حافظ
3296,6,Al 'Ulubi,العلوبي
3297,6,Ar Rumadah,الرمضة
3298,6,Al 'Arin,العرين
3299,6,Turaib,فرعة طريب
3300,6,Az Zahrah,الزهرة
3301,6,Al Ma'addi,آل معدي
3302,6,Al Ghiliqah,الغلقة
3303,6,Al Jildah,الجلدة
3304,6,Al Qunbah,آل قنبة
3305,6,Ar Riba'ah,الربعة
3306,6,Al Wahabah,الوهابة
3307,6,Al Sa'idah,آل سعيدة
3308,6,Al Kulat,آل كولت
3309,6,Al Jallal,آل جلال
3310,6,Al Mihi,آل محي
3311,6,Al Hadba,الحدباء
3312,6,Al Hunjur,الحنجور
3313,6,Al Hinu,الحنو
3314,6,Al Manabiyah,المنابية
3315,6,Az Zuhayd,الزهيد
3316,6,Al Muhazmah,المحزمة
3317,6,Ad Darbayn,الدربين
3318,10,Ash Sha'aqah,الشعاقة
3319,6,'Adan,عدن
3320,6,Al Ghawl,الغول
3321,6,Diramah,درامة
3322,6,Al Al Khalaf,آل الخلف
3323,6,Al Mani',آل مانع
3324,6,Naq'ah,نقعة
3325,6,Al Ghubran,آل غبران
3326,6,Al Fuqa'is,الفقاعيس
3327,6,Al Hariqah,الحريقة
3328,6,Sarat Abidah,سراة عبيدة
3329,6,Al 'Utfah,العطفة
3330,6,Al Farshah,الفرشة
3331,6,Ar Rabuah,الربوعة
3332,6,Al Jawwah,الجوة
3333,6,Ardayn,عرضين
3334,11,Umm Al Whaht,ام الوهط
3335,11,Al Minkhali,المنخلي
3336,11,Khad Qays,خد قيس
3337,11,Al Hamdah,الحمضة
3338,11,Tirimah,تريمة
3339,11,Adh Dhahirah,الظاهرة
3340,11,Rudayyah,رضية
3341,11,Hazamah,حزامة
3342,11,Badr Al Janub,بدر الجنوب
3343,11,Al Harshaf,الحرشف
3344,11,Hadadah,هدادة
3345,11,Al Khaniq,الخانق
3346,11,Al Jifah,الجفة
3347,11,Sharurah,شرورة
3348,11,Shiqqat Al Kanawir,شقة الكناور
3349,11,At Tamani,التماني
3350,11,Al Wadi'ah,الوديعة
3351,6,Al Majma',المجمع
3352,6,Shaybat Miswarah,شيبة مسورة
3353,6,Al Thabit,آل ثابت
3354,6,Al Jirbah,الجربة
3355,6,Al Ghayl,الغيل
3356,6,Al Majza'ah,المجزعة
3357,6,Al 'Alya,آل عليا
3358,6,Al Bayda,آل بيضاء
3359,6,Al Mu'ammar,آل معمر
3360,6,Al Malhah,الملحة
3361,6,Al Hajir,الحاجر
3362,6,Alb,علب
3363,6,Al Malta,الملطاء
3364,6,Ar Rahwah,الرهوة
3365,6,Al Mijazah,المجازة
3366,6,Bin Lakram,بن لكرم
3367,6,As Salatin,السلاطين
3368,6,Al Mahjar,المحجر
3369,6,Al Wasat,الوسط
3370,6,Al 'Uqdah,العقدة
3371,6,Al Al Ash'ath,آل الأشعث
3372,6,Al 'Anthari,العنثري
3373,6,Al 'Imran,آل عمران
3374,6,Al Jihali,آل جحالي
3375,6,Al 'Araf,العرف
3376,6,Dihir,دهر
3377,6,Al Hadhirah,الحظيرة
3378,6,Al Khadra,الخضراء
3379,6,'Allaf,علاف
3380,6,Al Ya'la,آل يعلى
3381,6,Dhahran Al Janub,ظهران الجنوب
3382,6,At Talhah,الطلحة
3383,6,Al Harajah,الحرجة
3384,6,Al Kulah,الكولة
3385,6,Al Qasab,القصب
3386,6,Humran,حمران
3387,6,Al Lahwah,آل لهوة
3388,11,Al Huwaymil,الهويمل
3389,11,Bir Khubash,بئر خباش
3390,11,Al Khadra,الخضراء
3391,11,Qabil Minif,قابل منيف
3392,11,Al Hawid,الهويد
3393,11,Al Hajf,الحجف
3394,11,Ad Dawas,الدواس
3395,11,Lahumah,لاهومة
3396,11,Hubuna,حبونا
3397,11,Al Husayniyah,الحصينية
3398,10,Qarar,قرار
3399,10,Al Kadarah,الكدارة
3400,10,Al Hajanbah,الهجنبة
3401,10,Al Qa',القاع
3402,10,Ad Darb,الدرب
3403,10,Abu As Sadad,ابو السداد
3404,10,Ash Shaqiq,الشقيق
3405,10,Al Huruf,الحروف
3406,10,'Itwad,عتود
3407,10,Ramlan,رملان
3408,10,Al Minjarah,المنجارة
3409,10,Ad Dawlah,الدولة
3410,10,Misliyah,مسلية
3411,10,Al Fatihah,الفطيحة
3412,11,Al Faysaliyah,الفيصلية
3413,11,Ma'mar Riman,معمر ريمان
3414,11,Dawwah,دوح
3415,11,An Naq'a,النقعاء
3416,11,An Naq'a Hatrush,نقعاء حتروش
3417,11,Najran,نجران
3418,11,Bi'r 'Askar,بئر عسكر
3419,11,Nahuqah,نهوقة
3420,11,Al Shahi,ال شهي
3421,11,Rijla',رجلاء
3422,11,Alsuwar,آل سوار
3423,11,Al Majma',المجمع
3424,11,Al Birk,البرك
3425,11,Al 'Arayyisah,العريسة
3426,10,Rakhyah,رخية
3427,10,Ar Rayth,الريث
3428,10,Ar Rahwah,الرهوة
3429,10,'Athwan,عثوان
3430,10,Al Qa'qa',القعقاع
3431,10,Ash Shamlah,الشملاة
3432,10,As Suhayyah,السهية
3433,10,'Irab,عراب
3434,10,Al Khutwah,الخطوة
3435,10,Al Hinnayah,الحناية
3436,10,An Nafi'ah,النفيعة
3437,10,Zawza,زوزاء
3438,10,Ar Rukbah,الركبة
3439,10,Al 'Izzah,العزة
3440,10,Khuway'imah,خويعمة
3441,10,Ad Dikarah,الدخرة
3442,10,Al Khashah,الخشعة
3443,10,Al Kawabisar,الكوابسة
3444,10,Al Hayja,الهيجاء
3445,10,Al Yamaniyah,اليمانية
3446,10,Fayfa,فيفاء
3447,10,Ad Dair,الدائر
3448,10,'Aiban,عيبان
3449,10,At Taraf,الطرف
3450,10,Dhahirat As Safa,ظاهرة الصفا
3451,10,Al Qa',القاع
3452,10,Al Qatab,القتب
3453,10,Al Hiyaj,الهياج
3454,10,Al 'Uqdah,العقدة
3455,10,Al 'Aydabi,العيدابي
3456,10,Muqza',مقزع
3457,10,Harub,هروب
3458,10,Ash Shari'ah,الشريعة
3459,10,Al Hajruf,الحجروف
3460,10,Nurah,نورة
3461,10,Al Athlah,الأثلة
3462,10,Bish,بيش
3463,10,Al Hadan,الحضن
3464,10,Qouz Al Jaafrah,قوز الجعافره
3465,10,Al Haqu,الحقو
3466,10,Al Quwam,القوام
3467,10,Al Mat'an,المطعن
3468,10,Al 'Addayah,العداية
3469,10,Al Bahir,الباحر
3470,10,Al Mu'tarid,المعترض
3471,10,Nakhlan,نخلان
3472,10,Al Ghara,الغرا
3473,10,Al 'Abadilah,العبادلة
3474,10,Al 'Arish,العريش
3475,10,Mushallahah,مشلحة
3476,10,Ar Rayighah,الرايغة
3477,10,Al Malha,الملحاة
3478,10,Ad Dahna,الدهناء
3479,10,Sabya,صبيا
3480,10,Qa'im Ad Dashsh,قائم الدش
3481,10,Sabya Al Jadidah,صبيا الجديدة
3482,10,Al Kudmi,الكدمي
3483,10,Al Ashah,العشة
3484,10,As Salam Al 'Ulya,السلام العليا
3485,10,Abu Alqa'ayid,ابو القعايد
3486,10,Abu As Sala',ابو السلع
3487,10,Al 'Aliyah,العالية
3488,10,Ghawwan,غوان
3489,10,Al Husayni,الحسيني
3490,10,Al Dhabyah,الظبية
3491,10,Al Jammalah,الجمالة
3492,10,Al Sabakhah,السبخة
3493,10,Al Faqrah Najran,الفقرة نجران
3494,10,Khabt Sa'idah,خبت سعيدة
3495,10,Al Hima,الحمي
3496,10,As Sulayyil,السليل
3497,10,Al Jahw,الجهو
3498,10,Al Qamri,القمري
3499,10,Damad,ضمد
3500,10,Al Khudayrah,الخضيرة
3501,10,Alshuqayri,الشقيري
3502,10,Zabarat Rashid,زبارة رشيد
3503,10,Qanbura,قنبورة
3504,10,Bahrah,بحرة
3505,10,Al Qaim,القائم
3506,10,Al Muhsam,المحصام
3507,10,Al Hajajah,الحجاجة
3508,10,Al Jirbah,الجربة
3509,10,As Sadiliyah,السادلية
3510,10,Muraykhiyah,مريخية
3511,10,Al 'Arus,العروس
3512,10,Al Khuznah,الخزنة
3513,10,Al 'Usaylah,العسيلة
3514,10,Sadd Malaki,سد ملاكي
3515,10,Al Kutayfah,الكتيفة
3516,10,As Syabah,السيبة
3517,10,Al Marzuq,المرزوق
3518,10,Al Hariqah,الحريقة
3519,10,Ar Radd,الرد
3520,10,Dudah,دودة
3521,10,Ad Dawshiyah,الدوشية
3522,10,Umm Al Hajal,أم الحجل
3523,10,Al Muqaydir,المقيدر
3524,10,As Salamah,السلامة
3525,10,Abu Arish,ابو عريش
3526,10,Al Humayrah,الحميرة
3527,10,Falas,فلس
3528,10,Hakimah,حاكمة
3529,10,As Sayyabah,الصيابة
3530,10,Al 'Abbasiyah,العباسية
3531,10,Al Kurus,الكروس
3532,10,Al Mubayyat,المبيت
3533,10,As Sirdah,السرداح
3534,10,Al Mi'zab,المعزاب
3535,10,As Sawadi,السودي
3536,10,Al Halhalah,الحلحلة
3537,10,Wa'lan,وعلان
3538,10,Al Baysuri,البيسري
3539,10,Dayhamah,ديحمة
3540,10,Al Khalayif,الخلايف
3541,10,Al Shanamirah,الشنامرة
3542,10,Samtah,صامطة
3543,10,Al Juradiyah,الجرادية
3544,10,Abu Hajar Al Asfal,ابو حجر الاسفل
3545,10,Ad Dagharir,الدغارير
3546,10,Hakimah,حاكمة
3547,10,Hakimah Ad Dagharir,حاكمة الدغارير
3548,10,Al Qufl,القفل
3549,10,As Sirr,السر
3550,10,Al Laqyah,اللقية
3551,10,Abu Hajar Al A'la,ابو حجر الأعلى
3552,10,An Nujamiyah,النجامية
3553,10,Shi'b Adh Dhib,شعب الذئب
3554,10,Al Khawjarah,الخوجرة
3555,10,At Tuwal,الطوال
3556,10,Al Mijannah,المجنة
3558,10,Al Jadhi',الجاظع
3559,10,Ar Rukubah,الركوبة
3560,10,Muj'ur,مجعر
3561,10,Al Muwassam,الموسم
3562,11,Al Kharkhir,الخرخير
3563,10,Abu Tawq,أبو طوق
3564,10,Al 'Uqail,العقيل
3565,10,Khatb,ختب
3566,10,Sir,صير
3567,10,Al Qsar,القصار
3568,10,Al Muharq,المحرق
3569,10,Gnaba,جنابه
3570,10,New Port,الميناء الجديد
3571,10,Farasan,فرسان
3572,3,Umm Sumdayn,أم صمدين
3573,3,Al Mishran,المشران
3581,7,Bir Ibn Hermas,بئر بن هرماس
3582,5,Al Hulaysiyah,الحليسية
3583,5,Ras Umm Qusbah,راس ام قصبة
3584,10,Khabt Al Baqar,خبت البقر
3585,10,Al Hanabah,الحنبة
3586,10,Irq,عرق
3587,10,Abu Al 'Usharah,أبو العشرة
3588,10,Jarrar,جرار
3589,10,Al 'Ayshah,العيشة
3590,10,Jabal 'Abadil,جبل عبادل
3591,10,Al Bihthah,البحثة
3592,10,Al Mijazi,المجازيع
3593,10,Al Maskiyah,المسكية
3594,10,Hamayah,حمية
3595,10,As Sahhar,السحار
3596,10,Al Qasabah,القصبة
3597,10,Al 'Aridah,العارضة
3598,5,Sanabis,سنابس
3599,10,Qays,قيس
3600,10,Al Wahlah,الوحلة
3601,10,Al 'Ishwah,العشوة
3602,10,Al Fuqaha,الفقهاء
3603,10,Duhayqah,دحيقة
3604,10,Ash Shawajirah,الشواجرة
3605,10,Bakhshah,بخشة
3606,10,Al Asamilah,الاساملة
3607,10,Al Khalfah,الخلفة
3608,10,Jadi' Al Mahadin,جاضع المحاضين
3609,10,Al Khums,الخمس
3610,10,Masturah,مستورة
3611,10,As Sudad,السداد
3612,10,Az Zahabayn,الزهبين
3613,10,Sanbah,صنبة
3614,7,Al Bada',البدع
3615,10,Al Ma'buj,المعبوج
3616,10,Al Khasawiyah,الخصاوية
3617,10,Al Madayah,المضاية
3618,10,Al Badi' Wal Qarafi,البديع والقرفي
3619,10,Mizhirah,مزهرة
3620,10,Al Karbus,الكربوص
3621,10,Al Wasili,الواصلي
3622,10,Ar Rayyan,الريان
3623,10,Qamizah,قامزة
3624,10,Shahrayn,شهرين
3625,10,Al Marwah,المروة
3626,10,Adh Dhahar,الظهر
3627,10,Al 'Aqum,العقم
3628,10,As Subkhayah,الصبخاية
3629,10,Jilah,جلاح
3630,10,Ar Rahah,الراحة
3631,10,Al Mihdaf,المهدف
3632,10,Makhshush,مخشوش
3633,10,Al Khawbah,الخوبة
3634,10,Al Qahmah,القحمة
3635,10,Al Khashal,الخشل
3636,10,Al Jabiri,الجابري
3637,10,Juha,جحا
3638,10,As Sirr,السر
3639,10,Al Hajanbah,الهجنبة
3640,10,Ash Shutayfiyah,الشطيفية
3641,10,Al Hassamah,الحصامة
3642,10,Al Khadra Ash Shamaliyah,الخضراء الشمالية
3643,10,Al Suwaydiyah,السويدية
3644,10,Rashah,رعشة
3645,10,Al Mujammah,المجامة
3646,10,Al Mukhashshaliyah,المخشلية
3647,10,Al Hamidah,الحامضة
3648,10,Al Ja'diyah,الجعدية
3649,10,Al Mahamil,المحامل
3650,10,Al Hasamah,الحصمة
3651,10,Hakimah,حاكمة
3652,10,Ahad Al Musarihah,احد المسارحة
3653,10,Al Hijfar,الحجفار
3654,10,At Tahiriyah,الطاهرية
3655,10,Al Hadrur,الحضرور
3656,10,Ad Duray'iyah,الدريعية
3657,10,Al Badawi,البدوي
3658,10,Al Halliyah,الهلية
3659,10,Al Hanini,الحنيني
3660,10,Qama'ah,قمعة
3661,10,Al Minjarah,المنجارة
3662,10,Al Maqarqam,المقرقم
3663,10,Al Mahattah,المحطة
3664,10,Al Haqlah,الحقلة
3665,10,Abu Ar Radif,أبو الرديف
3666,2,King Abdullah Economic City,مدينة الملك عبدالله الاقتصادية
3667,10,Al Kharish,الخارش
3668,10,As Sahi,السهي
3669,10,Ramada,رمادا
3670,10,Rawan,روان
3671,5,Hijrat Shuhayl,هجرة شهيل
3672,1,Al Barzah,البرزة
3673,1,Umm Sidrah,أم سدرة
3674,1,Mashdhubah,مشذوبة
3675,1,Al Mufaijir,المفيجر
3676,6,Wadi Al Hayat,وادي الحياة
3677,5,Al Ahsa,الاحساء
3678,6,Tendaha,تندحة
3679,9,As Sulaimaniyah,السليمانية
3680,6,Al Wadiyayn,الواديين
3681,6,Al Fayd,الفيض
3682,6,Khatbah,ختبة
3683,1,Mushrifah,مشرفة
3684,2,Adham,اضم
3685,8,Al Khlusah,الخلصة
3686,5,As Seeh,السيح
3687,6,Hiswah,حسوة
3688,6,Al Faraain,الفرعين
3689,6,Billahmar,بللحمر
3690,6,Bahr Abu Sukaynah,بحر ابو سكينة
3691,1,Al Umaq,العمق
3692,6,Yaara,يعرى
3693,6,Al Aysh,العيش
3694,7,Sanafir Island,جزيرة صنافير
3695,7,Tiran Island,جزيرة تيران
3696,3,Salilat Juhaynah,سليلة جهينة
3697,6,Al Masqi,المسقي
3698,1,As Safwiyah,الصفوية
3699,10,Al 'Ali,آل علي
3700,5,Jawatha,جواثا
3701,13,Ar Rafi'ah,الرفيعة
3702,5,Ras Al Khair,رأس الخير
3703,3,Al Buraykah,البريكة
3704,3,Light Industrial Zone,منطقة الصناعات الخفيفة
3705,8,Shuaib As Saqa'a,شعيب الصقعاء
3706,8,Mashash Ibn Jazi,مشاش ابن جازي
3707,8,Faydat As Sammar,فيضة السمار
3708,7,Dharfi,ذرفي
3709,11,Al Mishaliyah,المشعلية
3710,8,Al Khawi,الخوي
3711,6,Al Rahmah,آل رحمة
3712,2,As Saddain,السدين
3753,1,Al Wusayta,الوسيطاء
3755,1,Al Dubayah,الضبيعة
3771,1,Al Aziziyah,العزيزيه
3788,1,Sharaf,شراف
3794,1,Al Hababiyah,الحبابيه
3813,1,Al Maghmi,المغمي
3874,1,Al Tarafiyyah,الطرفية
3901,1,As Sadryah,السدريه
3902,1,Al Huwaydyah,الهويديه
3903,1,Al Enadyah,العناديه
3905,1,Na'am,نعام
3945,1,Abu Sidr,ابو سدر
3946,1,Mushrifah Al Krashmah,مشرفة الكراشمه
3996,1,Al Mutawi,المطاوي
4019,1,Abu Ashr,ابو عشر
4021,4,Al Nashiriyah,الناشرية
4028,1,Al Hayd,الحيد
4050,1,Khuraiman,خريمان
4080,1,Al Rajhiyah,الراجحية
4088,1,As Seeh,السيح
4092,1,As Salhiyah,الصالحية
4118,1,Barzan,برزان
4129,1,Hunaidir,حنيدر
4131,1,Southern Sudair,الجنوبية بسدير
4396,1,Al Wasita,الوسيطا
4574,1,Jellah Al Janubi,الجلة الجنوبي
4594,1,Daho,دهو
4604,1,As Salam,السلام
4620,1,Qamran,قمران
4621,1,Umm Sulaim,ام سليم
4632,1,Sayha,صيحة
4636,1,Balthaqa,بلثقاء
4643,1,Al Jubailah,الجبيلة
4644,1,Al Farishah,الفريشة
4670,1,Al Saghu,الصغو
4678,1,Wasilah,وسيلة
4680,1,Al Ajiliyyah,العجلية
4684,1,Al Farshah,الفرشة
4729,1,Al Jawa,الجوى
4748,1,Umm Sheih,ام شيح
4765,1,Al Hayaniyah,الحيانية
4785,1,Baydaa Nathil,بيضاء نثيل
4790,1,Al Nabah,النباه
4807,1,Salhiyat Kaf,صالحية كف
4815,1,Al Musayfiqih,المصيفقيه
4816,1,An Nasifah,الناصفة
4837,1,Al Baynih,الباينيه
4841,1,Ar Rawdah,الروضة
4848,1,An Nuzhah,النزهة
4865,1,Al Jamieyah,الجامعية
4873,1,Ruf'ai' Al Muzaini,رفايع المزينى
4885,1,Bashayir,بشاير
4910,1,Darat Al Mardamah,دارة المردمة
4947,1,Al Jaforah,الجافورة
4972,1,Al Hufayrah,الحفيرة
4997,1,Al Qurainah,القرينه
5001,1,Ghianah Wahurqan,غيانه وحرقان
5022,1,Al Abdaliyah,العبدليه
5080,2,Al Ghobban,الغبان
5164,2,As Sadr,الصدر
5181,2,Al Murabba',المربع
5571,2,Aala Wadi Ardah,اعلى وادي عرضة
5608,2,Umm Sidrah (Al Badayie),ام سدرة (البدايع)
5642,2,Qahwat Al Abd,قهوة العبد
5730,2,Al Aqiq,العقيق
5731,2,Dughbaj,دغبج
5877,2,Al Baydain,البيضين
5879,2,Al Khadraa,الخضراء
5959,2,Al Watah,الوطاة
6045,2,Mundhir Al Buhayrah,منذر البحيرة
6051,2,Harf Al Marwah,حرف المروة
6052,2,Faridat Al Silah,فريدة الصلة
6137,2,Al Tarahiyyah,الطراحية
6138,2,Al Masaid,المساعيد
6175,2,Al Falhah,الفلحة
6302,2,Dahyaa,ضهياء
6778,2,Haffar,حفار
6907,2,Al Saghu,الصغو
7035,2,Gharan,غران
7642,2,Al Raknah,الركنة
7680,2,Al Shabashibah,الشباشبة
8238,2,Al Gharisah,الغريسة
8653,2,Al Mathanah,المطحنه
8654,2,Al Janah,الجناح
8749,2,Mushrif,مشرف
9176,2,Daqm Al Dhanib,دقم الذنيب
9594,3,Al Radhaya,الرذايا
9605,3,Yanbu Al Sinaiyah,ينبع الصناعية
9666,3,Tal'ah Nazah,تلعة نزة
9812,3,Al Adhib,العذيب
9814,3,Qaraqir,قراقر
9906,3,Abar Al Tuwairqiyyah,آبار الطويرفة
9936,3,Al Roozah,الروزه
10064,3,Al Suraihiyah,السريحية
10351,3,Rahbat Al Husna,رحبة الحسنى
10364,3,Ar Rafi'ah,الرفيعة
10366,3,Al Majradiyah,المجرذية
10367,3,Duwail,ضويل
10437,3,Sabha Al Jahfah,صبحا الجحفه
10444,3,Badai' Al Hanahanah,بدائع الحناحنه
10445,3,Badai' Al Awd,بدائع العوض
10456,3,Batha,بطحى
10475,3,Malah,ملح
10706,4,Al Jadidat,الجديدات
10723,4,Mabhal,مبهل
10724,4,Al Hiijrah,الحجره
10742,4,Al Ardaa,العرداء
10772,4,Harifiyat Dareih,حريفيات درعه
10784,4,Al Makili,المكيلي
10808,4,Al Ahmadiyyah,الاحمدية
10809,4,'Ayn  Ibn Fuhayd,عين ابن فهيد
10824,4,Tal'ah Rashid,تلعة رشيد
10826,4,Kofat,كفت
10827,4,Al Nuwaisifah,النويصفة
10828,4,As Sahaf,الصحاف
10829,4,Mushrifah Amudan,مشرفة عمودان
10831,4,Al Ukhaydir,الاخيضر
10832,4,Faydat Al Salmat,فيضة السلمات
10833,4,Al Khuraysha,الخريشاء
10835,4,Al 'Azimiyah,العازمية
10842,4,Abu Qaleebat,ابو قليبات
10843,4,Al Juhfah,الجحفة
10845,4,Qaradiyyah,قراضية
10849,4,Al Khanqah,الخنقة
10850,4,Daminah,ضمينة
10852,4,Ad Dirirah,الديرية
10853,4,Malhah,ملحة
10867,4,Aba Al Hayas,اباالحياص
10868,4,Abu Tarfa,ابو طرفاء
10870,4,Al Laghfiyyah,اللغفية
10872,4,Al Marmuthah,المرموثة
10873,4,Al Marmuthah Ash Shamaliyah,المرموثة الشمالية
10879,4,Mazunah,مازونة
10880,4,Al Salbiyah,الصلبيه
10889,4,Al Kadadiyah,الكدادية
10908,4,Abu Hamadah,ابو حمادة
10917,4,Ash Shuqran Al Hajr,شقران الحاجر
10919,4,Al Ramthiyyah,الرمثية
10934,4,Umm Salam,ام سلم
10939,4,Al Fayziyah,الفايزية
10953,4,Faydat Al Resheyah,فيضة الريشية
11040,5,Hijrat Fudailah,هجرة فضيلة
11046,5,As Salmiyah,السالمية
11050,5,King Khalid Military City,مدينة الملك خالد العسكرية
11051,5,Abu Tutahah Al Barazi,ابو طوطاحه البرازي
11054,5,Ar Ruq'i,الرقعى
11055,5,Adh Dhibiyah,الذيبية
11061,5,Ma’raj Al Suban,معرج السوبان
11062,5,Khubaira,خبيراء
11075,5,Umm Al Hamam,ام الحمام
11090,5,Tanajib,تناقيب
11094,5,Ghazlan,غزلان
11099,5,Al Thumamah,الثمامة
11113,5,Al Jawiyah,الجوية
11123,5,Damigh,دميغ
11124,5,Al Rajihah,الراجحة
11127,5,Al Fardaniyah,الفردانية
11128,5,Khawr Al Dhiyabah,خور الذيابة
11129,5,Al Jaishiyah,الجيشية
11130,5,Annaqeer,انقير
11151,5,Mulayhah,مليحة
11192,6,Al Masarah,المسارة
11193,6,Al Badi,البادي
11194,6,Al Sahraa,السحراء
11198,6,'Ayn  Bin Musafih,عين بن مصافح
11215,6,Khaymah,خيمة
11222,6,Sir Al Sirhi,سر آل سرحي
11223,6,Al Shabariqah,الشبارقة
11224,6,Al Mijthil,ال مجثل
11225,6,Sir Al Shabariqah,سر الشبارقة
11227,6,Al Al Aalaa & Lajwah & Sir Al Badlah,آل العلاء ولجوة وسر البدلة
11228,6,Al Yazidiyyin,ال يزيديين
11229,6,Al Makhad,المخض
11231,6,Al Malhaa,الملحاء
11232,6,Al Malasah,الملصة
11238,6,Al Irq (Taraf Al Irq),العرق (طرف العرق)
11239,6,Al Aqwaz,الأقواز
11240,6,Al Batinah,الباطنة
11241,6,Al Umm Said,آل أم سعيد
11295,6,Sharaf Al Aws,شرف العوص
11296,6,Al Mashriq & Harbah & Al Majiz,المشرق وحربة والمعجز
11297,6,Ayn Al Jawfaa,عين الجوفاء
11298,6,Mahsan & Al Dakhilah,محصان والداخلة
11300,6,Ras Al Sir & Al Jamah,راس السر والجامة
11301,6,Al Suq & Barik Al Jahariyyah,السوق وبارك الجهارية
11302,6,Al Ruh & Al Said,الروح والصعيد
11304,6,Maqhab Al Saqa,مقهب السقا
11305,6,Al Saqa,السقا
11308,6,Al Misrab & Al Fara,المسراب والفرع
11309,6,Qawah Al Saqqa,قعوه السقا
11310,6,Shat Al Khadraa,شط الخضراء
11311,6,Al Habwah,الحبوة
11312,6,Al Maqdi & Al Ismail,المقضي وآل اسماعيل
11314,6,Qaryat Shaikhah Al Siyahiyyah,قرية شيخة السياحية
11315,6,Siar Al Badlah & Al Habwah,سر البدلة والحبوة
11318,6,Al Shat Al Aala & Al Asfal,الشط الاعلى والاسفل
11320,6,Al Marzan,ال مرزن
11321,6,Al Hawzah & Al Kharijah,الحوزة والخارجة
11322,6,Al Dahiyyah (Al Azizah),الضحية (العزيزة)
11323,6,Al Maqafi,المقافي
11324,6,Al Qaddah (Al Tamam),القدة ( ال تمام)
11326,6,Qaddat Al Amshiyah,قدة ال امشيبة
11327,6,Qaddat Al Abu Faydah,قدة ال ابو فايدة
11330,6,Al Sakran,ال سكران
11331,6,Ras Al Fiyyah,راس الفية
11332,6,Dhanab Al Sar,ذنب السر
11333,6,Al Yatim,ال يتيم
11334,6,Dhanab Al Qaimah,ذنب القائمة
11335,6,Rayat Al Boban,راعية البيبان
11336,6,Al Majaz,المجاز
11337,6,Rahmah Al Muhalhal,رهمه المهلل
11338,6,Al Naghrah & Al Marzah,النغره والمرازه
11339,6,Al Bukhah,البوخه
11340,6,Qaawat Al Farhan & Al Athraa,قعوة ال فرحان والعثراء
11341,6,Sar Al Ubaid & Al Saqayif,سر آل عبيد والسقايف
11342,6,Al Shariqah,الشارقة
11343,6,Al Mahraq,آل محرق
11344,6,Jal Al Amir,جال ال عامر
11345,6,Al Imhaj,ال امحاج
11346,6,Al Al Qabyai,ال القبيعي
11347,6,Haqbat Raidah,حقبهة ريدة
11348,6,Jadyan,جديان
11350,6,Wadi Al Dhahar,وادي الظهار
11353,6,Maslamah & Shat Khabib,مسلمة وشط خبيب
11354,6,Hubail Al Yasad,حبيل ال يسعد
11355,6,Arafah Umm Raqu,عرفة ام رقو
11357,6,Al Fatihah,الفطيحة
11358,6,Al Hadbaa,الحدباء
11359,6,Al Dawkhah,الدوخة
11360,6,Al Ghamrah,الغمرة
11361,6,Al Khalfaa,الخلفاء
11362,6,Al Hajirah,الحاجرة
11363,6,Al Mujahid & Al Jamah,ال مجاهر والجامة
11365,6,Qawrah,قورة
11366,6,Mawjamah,موجمة
11367,6,Litwi,ليتوي
11368,6,Wadi Habu & Al Tarafah,وادي حبو والطرقة
11369,6,Al Mahrath,المحرث
11370,6,Am Huru,محورو
11372,6,Al Rayah & Dhanab Al Rayah,الرايه وذنب الراية
11373,6,Masqam & Al Nawabi,مسقام والنوابي
11374,6,Al Ghamdah,الغمدة
11375,6,Dhnab Ahmarain & Al Sarb,ذنب احمرين والسرب
11376,6,Al Qada,القضى
11377,6,Al Harmalah,الحرملة
11378,6,Hubail Al Tamam,حبيل ال تمام
11379,6,Hubail Mahzat Al Tamam,حبيل محزاة ال تمام
11380,6,Anqat Al Mahaj,عنقة ال محاج
11381,6,Lathbah,لثبة
11389,6,Al Jahayif (Al Mabarrah),الجهايف (آل مبرة)
11565,6,Mandir Marabah,مندرمربة
11641,6,Masawly,مصاولي
11645,6,Tihan,تيهان
11899,6,Sadr Wailah (Al Majma),صدر وائلة (المجمع)
11900,6,Rathmat Wailah,رثمة وائلة
12005,6,Rawdat Bin Nourah,روضة بن نورة
12199,6,Al Shabwah Subdivision,مخطط ال شبوه
12351,6,Al Shuqayriyah,الشقيريه
12700,6,Al Al Shaikhain & Al Jarar,آل الشيخين وآل جرار
12701,6,Namran,نمران
12702,6,Al Al Sunnaa,ال الصناع
12703,6,Al Rasilah,الرسلية
12704,6,Al Ghazalah,ال غزالة
12705,6,Al Shiban,ال شيبان
12706,6,Farah,فارعة
12707,6,Mashniyyah & Al Bassam,مشنية وال بسام
12708,6,Al Al Sahim,ال السحيم
12709,6,Al Jaadibah,الجعادبة
12711,6,Al Safh Al Ajrad,الصفح الاجرد
12713,6,Al Quraydah,القريضة
12715,6,Al Naqbah,النقبة
12716,6,Al Tawf,الطوف
12717,6,Al Talhah,ال طلحة
12718,6,Al Samalah,ال سملة
12719,6,Al Mufrih,ال مفرج
12720,6,Al Rawdan,ال روضان
12721,6,Dhat Al Ulab,ذات العلب
12722,6,Al Ghathran & Al Al Khishah,ال غثران والخيشة
12723,6,Al Razzah,الرزة
12724,6,Habqah,حبقة
12725,6,Al Shuabah & Al Mandi & Al Manzil (Al Husaykah),الشعبة والمندي والمنزل (ال حسيكة)
12726,6,Al Hatam,ال حطام
12728,6,Al Al Shair,ال الشاعر
12729,6,Al Lahifah,ال لهيفة
12730,6,Al Atifah,ال عطيفة
12731,6,Al Mahfudh,ال محفوظ
12732,6,Al Al Asfaa,ال الاصفاء
12733,6,Al Juaiddah,ال جعيد
12734,6,Saqain,ساقين
12738,6,Rahu Al Markib,رهو المركب
12739,6,Al Marbaah,المربعة
12740,6,Al Marwah,المروة
12741,6,Rahu Al Kharq,رهو الخرق
12743,6,Al Munqala,المنقلع
12744,6,Kharif,خارف
12747,6,Al Hinah,الحينة
12748,6,Al Athbat,الاثبات
12749,6,Al Malibat,المليبات
12753,6,Al Mahdhar,المحظر
12755,6,Al Amrah,الامرح
12756,6,Al Surrah,ال صره
12758,6,Lafat,لفت
12759,6,Al Jahil (Al Arif),ال جاهل ( ال عارف )
12760,6,Al Juhur,الجحور
12761,6,Al Qarn & Al Ammar & Al Shamilah,القرن وال عمار وال شميلة
12762,6,Dhi Atim,ذي عتيم
12763,6,Al Al Tabaq,ال الطبق
12764,6,Al Sahah & Al Najfah,ال ساحة والنجفة
12765,6,Al Farshah,الفرشة
12766,6,Al Hallah (Al Tidah),ال حلة (لتيدة)
12767,6,Al Khuzaym,ال خزيم
12768,6,Wadi Al Ayn & Al Sultan,وادي العين وال سلطان
12769,6,Al Khuraim,ال خريم
12770,6,Al Sudan & Al Qarn,ال سودان والقرن
12771,6,Al Faah,الفرعة
12772,6,Hallat Al Faqir,حلة الفقير
12774,6,Hallat Shuabat Al Jamal,حلة شعبة الجمل
12775,6,Hallat Shuabat Al Sidrah,حلة شعبة السدرة
12776,6,Mahallat Wadaah,محلة وضاعة
12777,6,Al Wafizah (Hallat Sharafiyyah),الوفيزة (حلة شرفية)
12778,6,Al Waliyyah (Hallat Sharafiyyah),الولية (حلة شرفية)
12779,6,Aknan (Hallat Sharafiyyah),عكنان (حلة شرفية)
12780,6,Bumadar (Hallat Sharafiyyah),بومدر (حلة شرفية)
12781,6,Shabariq (Hallat Sharafiyyah),شبارق (حلة شرفية)
12782,6,Al Hadah (Hallat Sharafiyyah),الهداة (حلة شرفية)
12783,6,Al Mawbil (Hallat Sharafiyyah),الموبل (حلة شرفية)
12784,6,Jaradah (Hallat Sharafiyyah),جرادة حلة شرفية)
12785,6,Hadha (Hallat Sharafiyyah),حظا (حلة شرفية)
12834,6,Shiab Akhim,شعب اخيم
12892,6,Hubail Al Amir,حبيل الامير
12914,6,Al Qad Al Aala,القاد الاعلى
12915,6,Al Musbah,المصبح
12919,6,Turqesh,ترقش
13050,6,Qarn Hadi,قرن هادي
13660,6,Al Milayhah,المليحة
13867,6,Zahrah Bani Bishr,زهرة بني بشر
13989,6,Al Qibrah Al Quoziyah,آل قبره والقوزيه
14136,6,Laqa,لقع
14137,6,Al Asdar,الاصدار
14138,6,Dhat Masak,ذات مساك
14139,6,Dhahrat Al Salih,ظهرة ال صالح
14141,6,Al Khayrah,ال خيرة
14143,6,Al Shaqqah,الشقة
14147,6,Wasalya,وسالع
14148,6,Mahjan,محجان
14150,6,Mandar Al Us,مندر العوص
14151,6,Sahiyah,ضاحية
14152,6,Hubail Al Ahlaj,حبيل الاحلاج
14153,6,Dhahrat Al Masdamah,ظهرة المصدمة
14154,6,Al Haqu,الحقو
14155,6,Jazaat Al Us,جزعة العوص
14156,6,Ghanamah,غنمة
14157,6,Al Mashaya,ال مشابع
14158,6,Al Mabyu,ال مبيوع
14159,6,Athalif,عثالف
14160,6,Quwwah,قوة
14163,6,Al Athriyyah,العثربة
14164,6,Thaabah,ثعابة
14165,6,Dhahr Al Nawashirah,ظهر النواشرة
14166,6,Aqmah (Al Alayim),عمقة (ال علايم)
14167,6,Al Mamar,الممر
14169,6,Lahaj Ibn Zafilah,لحج بن زافلة
14170,6,Wadi Dharafah,وادي ظرافة
14171,6,Yadaman,يدامان
14174,6,Wadi Karim,وادي كريم
14175,6,Watan Al Radif,وطن الرديف
14177,6,Thaqfi,ثفقي
14179,6,Al Dhurah,الذرة
14180,6,Khalaf Majuf,خلف مجوف
14185,6,Samnan,سمنان
14186,6,Al Jawz Al Asfal,الجوز الاسفل
14187,6,Al Jawz Al Aala,الجوز الاعلى
14188,6,Wajh Al Irq,وجه العرق
14190,6,Al Saday,الصعداي
14191,6,Al Shaqibah,الشافية
14192,6,Al Khaw,الخو
14193,6,Al Maqam,المعقم
14194,6,Dhat Al Hali,ذات الحلي
14195,6,Dhahrat Al Barid,ظهرة ال بريد
14196,6,Mainah,معينة
14197,6,Multaqa Al Sadrain,ملتقى الصدرين
14198,6,Dhahran,ظهران
14199,6,Mataq Al Hibah,معتق ال هبة
14200,6,Al Jurf Al Qadim,الجرف القديم
14201,6,Ardah,عرضة
14202,6,Al Jurf Al Jadid (Manwash),الجرف الجديد (منقش)
14203,6,Dhahir Al Qammash,ظاهر القماش
14204,6,Asfal Faw,اسفل فو
14206,6,Tawqan,طوقن
14207,6,Al Qaham,القحام
14208,6,Al Raha,الرهي
14210,6,Al Muamalat,المعاملات
14211,6,Mayman,ميمن
14213,6,Dhahrat Al Mahdi,ظهرة ال مهدي
14214,6,Dhahrat Al Hassan,ظهرة ال حسن
14216,6,Batilah Al Mudawi,بتيلة ال مداوي
14217,6,Jazah Al Riqaq,جزعة الرقاق
14218,6,Labakh,لبخ
14219,6,Jazat Al Masht,جزعة المشط
14220,6,Watan Anin,وطن عانين
14223,6,Shat Al Maad,شط المعد
14224,6,Al Raqah,الرقعة
14225,6,Jabu,جابو
14226,6,Darima,دريما
14228,6,Sarran,صران
14229,6,Dhahrat Sannumah,ظهرة سنومة
14232,6,Jarf Al Salaa,جرف السلع
14233,6,Al Rabua,الربوع
14234,6,Bir Malhah,بئر ملحة
14235,6,Dabyan,ضبيان
14236,6,Al Manafish,المنافش
14237,6,Maqhumah,مقحومة
14238,6,Dadhaa,ضدحاء
14239,6,Dhahran Al Mashuzah (Al Khaniq),ظهران المشوزة (الخانق)
14241,6,Wajh Al Asaf,وجه العسف
14242,6,Al Ahqab,الاحقاب
14245,6,Al Sharar,الشرار
14246,6,Al Adhnab,الاذناب
14247,6,Al Sadah,الصدعة
14248,6,Al Ratikh,الراتخ
14249,6,Madar,مدر
14250,6,Al Kara (Al Ashah),الكرى (العشة)
14251,6,Dahyan,ضحيان
14253,6,Amsalhaa,امصلحاء
14254,6,Mataq Mahali,معتق محالي
14256,6,Sama (Al Jandalah),سمعي (الجندلة)
14257,6,Al Rajua,الرجوع
14259,6,Al Hardah,الحرد
14261,6,Jazat Wasanib,جزعة وسانب
14262,6,Bahan,باحان
14265,6,Dhahart Qahdah,ظهرة قهدة
14266,6,Al Maymanah,الميمن
14267,6,Watan Wasanib,وطن وسانب
14272,6,Al Hathran,الحثران
14273,6,Al Hasyaa,الحصياء
14306,6,Nakhr Al Wadan Al Aala,نخر الودن الاعلى
14378,6,Dha Al Tarayim,ذا الترايم
14386,6,Al Khatl,الخطل
14403,6,Watan Al Midwah,وطن ال مضواح
14404,6,Duha Al Luwaa,ضحى اللواء
14406,6,Watan Al Dharwah,وطن الذروة
14407,6,Al Mawfa,الموفا
14409,6,Al Riks (Al Jin),الركس (الجن)
14410,6,Al Dajajah,الضجاجة
14411,6,Qaat Ghamrah,قاعة غمرة
14415,6,Al Mawahib,المواهب
14419,6,Qarya,قارية ال قديمة
14420,6,Al Bazakh,البزخ
14421,6,Al Majzaa,المجزاع
14422,6,Dhi Taliq,ذي تالق
14423,6,Muyah,موياح
14424,6,Haramat,حرمات
14425,6,Al Sahayah,السحاية
14426,6,Al Ghazul,الغزول
14427,6,Dham Sanun,ذم سنون
14429,6,Qaryat Ghamrah,قارية غمرة
14430,6,Qaryat Awal Ali,قارية عوال علي
14431,6,Al Janbah,الجنبة
14434,6,Al Qaflaa,القفلاء
14435,6,Al Qaalil,القعاليل
14437,6,Al Haramat,ال حرمات
14438,6,Al Jalal,الجلل
14440,6,Janb Najd,جنب نجد
14441,6,Quwaid Al Lahaj,قويد اللحج
14443,6,Al Lafj,اللفج
14446,6,Lahaj Ghalaq,لحج غلق
14447,6,Al Kahfain,الكهفين
14448,6,Shiab Jawhar,شعاب جوهر
14449,6,Al Sayalah,السيالة
14451,6,Hajum,هجوم
14452,6,Al Anizah,العانزة
14454,6,Jaw Ghamrah,جو غمرة
14455,6,Lahaj Al Ayn,لحج العين
14456,6,Shat Al Salif,شط الصليف
14458,6,Al Rafdah,الرفدة
14459,6,Hatayin,هتاين
14460,6,Al Qaribah,القاربة
14461,6,Sarhah,سرحة
14462,6,Al Musalla (Shaul),المصلى (شعول)
14463,6,Shafa Al Ghurab,شفا الغراب
14464,6,Mahdan,محضان
14466,6,Duha Shawqab,ضحى شوقب
14467,6,Al Shakhis,الشاخص
14468,6,Al Bir Al Ziyad,البير ال زياد
14470,6,Al Sarfah,الصرفة
14474,6,Al Darah & Al Aniz,الدارة والعانز
14476,6,Al Ghubbah,الغبة
14478,6,Al Sharqi,الشرقي
14479,6,Al Qaraa,القرعاء
14482,6,Laghbah,لغبة
14486,6,Balqat Al Maghram,بلقة ال مغرم
14490,6,Balqat Al Maamalah,بلقة المعملة
14494,6,Ghamrat Al Mirwih,غمرة ال مروح
14497,6,Rika Al Marwah & Al Nasab,ركس المروة والنصب
14498,6,Al Wajih,الوجية
14499,6,Al Masur,المسور
14500,6,Al Aqilah,آل عقيلة
14501,6,Al Qalah,الفالة
14502,6,Dham Hajam,ذم حجم
14504,6,Shanakah,شناكة
14505,6,Malhaj,ملحج
14506,6,Al Khawramah,الخورمة
14507,6,Kharar,خرار
14508,6,Al Salil,الصليل
14510,6,Atf Al Maskatah,عطف المسكتة
14511,6,Khamis Kasan,خميس كسان
14512,6,Ada Laras,عدا لرس
14515,6,Watan Al Rijal,وطن الرجال
14518,6,Makshaf,مكشف
14519,6,Al Shafa,الشفا
14533,6,Al Dhahri,الظهري
14534,6,Al Qatab,القتب
14535,6,Al Atraf,الاطراف
14545,6,Al Safa,الصفا
14546,6,Amaqfil & Al Muhalhal,امقفيل والمهلل
14547,6,Hala,حلا
14548,6,Amaqda & Al Fasayil,امقضى والفصايل
14549,6,Haba,هبا
14550,6,Al Riks & Al Malijah & Al Arid,الركس والمليجة والعارضن
14551,6,Imhadhwab,امهذوب
14552,6,Lahaj Al Maa,لحج الماء
14554,6,Al Bih,البيح
14555,6,Dhanab Sanam,ذنب سنام
14558,6,Jallat Shasah,جلة شصعة
14559,6,Al Awdah (Al Said),العودة (ال سعيد)
14560,6,Aryaman,أريمن
14561,6,Al Nahrah,النحرة
14567,6,Al Aqsah,العقصة
14568,6,Qaryat Al Jurf,قرية الجرف
14570,6,Watan Al Salim,وطن ال سالم
14571,6,Dhanab Al Waqya,ذنب الوقيع
14572,6,Al Maqraa,المقراء
14573,6,Saral Hajil,سرال حجيل
14574,6,Salal,سلل
14575,6,Sharaf Al Zaabil,شرف الزعابل
14576,6,Al Makabbah,المكبة
14577,6,Al Ajwal,الاجوال
14578,6,Al Mugharifah,المغردة
14580,6,Qaryat Al Masgqi,قرية ال مشقي
14581,6,Al Hadmah,الحدمة
14582,6,Al Mashbalah,المشبله
14584,6,Rajih (Qaryat Bani Junah),راجح (قارية بنى جونة)
14585,6,Saral Mahrus,سرال محروس
14587,6,Qara Asfal Al Jar,قرا اسفل الجر
14588,6,Al Saadan,السعدان
14589,6,Al Makhlafah,المخلفة
14590,6,Al Hadhrur,الحذرور
14592,6,Al Jaru,ال جرو
14593,6,Harf Al Ayid Jabir,حرف ال عائض جابر
14594,6,Harf Al Masrawi,حرف ال مسروي
14596,6,Maskatat Al Jahlah,مسكتة الحجلة
14597,6,Nukhan,نوخان
14598,6,Jamrah,جمرة
14599,6,Hudun Al Arrah,حضن العرة
14600,6,Hudun Al Fahman,حضن ال فحمان
14601,6,Al Jadya,ال جديع
14602,6,Al Badiyah,البادية
14603,6,Al Said,ال سعيد
14604,6,Al Maslab & Al Harf,المسلب والحرف
14605,6,Dham Sawdah,ذم سودة
14606,6,Labakh,لباخ
14607,6,Al Masharah,المعشرة
14608,6,Umm Al Sai,ام السعي
14609,6,Mandar Dhahaban,مندر ذهبان
14610,6,Al Masabilah,المسابلة
14611,6,Al Radif (Al Atfah),الرديف
14612,6,Al Raqi,الرقي
14613,6,Hawrah,حورة
14615,6,Al Safih,الصفيح
14617,6,Al Ghabirah,الغبيرة
14618,6,Umm Lasub,ام لصوب
14620,6,Dhanab Al Ghalil,ذنب الغليل
14621,6,Al Ghaynaa,الغيناء
14622,6,Saru Al Marar,سرو المرار
14623,6,Al Dajiah,الضاجعة
14624,6,Wajh Al Saru,وجه السرو
14626,6,Hayd Al Sadr,حيد الصدر
14627,6,Hayd Al Halal,حيد الحلل
14628,6,Hayd Al Khalwah,حيد الخلوة
14629,6,Muwairkah (Umm Wiraikah),مويركة (ام ويركة)
14630,6,Qaryat Al Sahbah & Al Qariyyah,قرية الصحبة والقارية
14631,6,Al Jarain,الجرين
14634,6,Al Makbashah,المكبشة
14635,6,Al Al Ruwayi,ال الرويعي
14639,6,Al Saru Al Asfal,السرو الاسفل
14640,6,Saru Al Maslamah (Al Aala),سرو المسلمة (الأعلى)
14644,6,Ras Al Jabal,راس الجبل
14645,6,Al Sharqiyyah,الشرقية
14646,6,Al Maqar,المقعر
14647,6,Jallat Al Mashmatah,جلة المشمطة
14648,6,Jallat Al Mahraqah,جلة المحرقة
14649,6,Qawan,قوعان
14650,6,Al Rahub,الرحوب
14651,6,Sadr Al Maghlabah In Haswah,صدر المغلبة بحسوة
14652,6,Shawkan Al Aala & Al Asfal,شوكان الاعلى والاسفل
14653,6,Dhabah (Sama),ذهبان (صمع)
14654,6,Al Abu Ulbah,ال ابو علبة
14655,6,Nasham (Nahamin),نشام (نهامن)
14656,6,Al Fasilah (Al Asamah),الفصيلة (العسامة)
14657,6,Al Haqbah,الحقبة
14658,6,Al Masaghah,المصاغة
14662,6,Surrah,صرة
14663,6,Al Sarhani,السرحاني
14666,6,Salaa,سلعا
14668,6,Dhalmah,ظلمة
14689,6,Rawq,روق
14690,6,Malayn,معلين
14691,6,Al Mrayia,ال مريع
14693,6,Al Salim,ال سالم
14694,6,Al Shar,ال شار
14695,6,Al Awadhah,ال عواض
14696,6,Al Harf Al Aala (Al Liwaa),الحرف الاعلى (اللواء)
14697,6,Al Sharwah,الشروة
14698,6,Al Mahdathah,المحدثة
14699,6,Al Sidrah,السدرة
14700,6,Hafr Al Maktharah,حرف المكثرة
14701,6,Bahat Rawq,باحة روق
14703,6,Shara Rawq,شرا روق
14704,6,Qaryat Al Amir,قرية ال عامر
14705,6,Harfa Al Maslah,حرف المصلحة
14706,6,Al Sattah,الصطة
14712,6,Sau Al Makharimah (Al Makharimah),سرو المخارمة (المخارمة)
14714,6,Qadhili,قذيلى
14715,6,Al Gharamah,ال غرامة
14716,6,Qaryat Al Al Shiabi,قرية ال الشعبي
14717,6,Al Arraf,ال عراف
14718,6,Tanaf (Al Khawdah),طنف (ال خودة)
14719,6,Al Asadah,العصادة
14720,6,Mandarirah,مندريرة
14722,6,Qariyat Bani Junah,قارية بني جونة
14723,6,Sadrirah,صدريرة
14725,6,Qarah,قراه
14726,6,Al Sadr & Al Ghalil,الصدر والغليل
15001,6,Al Asawad,ال السواد
15400,6,Talala,طلالا
15498,6,Amim Al Salamah,عميم ال سلمة
15504,6,Al Muntazah,المنتزه
15505,6,Al Bisalim,ال بيسالم
15507,6,Al Rayih,ال رايح
15508,6,Al Shaaban,الشعبان
15509,6,Harat Al Salam,حارة السلام
15512,6,Maarah,معراة
15514,6,Irq Mannaa (Al Majmal),عرق مناع (ال مجمل)
15516,6,Al Murtafa (Al Majmal),المرتفع (ال مجمل)
15534,6,Shiaf Balqarin Center,مركز شعف بلقرن
15547,6,Al Aqra,الاقرع
15607,6,Al Aqiq,العقيق
16197,6,Khat,خاط
16303,6,Al Khujaim,آل خجيم
16787,6,Ghavafil,غوافل
16815,6,Al Maqli,المقلي
16819,6,Shiab Umm Sad,شعب ام سد
17411,8,Al Areedah,العريدة
17417,8,Alqarinin,القرينين
17420,8,Badai' Al Jara,بدائع  الجرعاء
17431,8,Al Darbah,الضربة
17444,8,Rijamah,رجامة
17456,8,Az Zubayrah,الزبيرة
17457,8,Al Khuwair,الخوير
17459,8,Umm Raqtain,ام رقتين
17465,8,Al Hayaniyah,الحيانية
17467,8,Al Jabayli,الجبيلي
17475,8,Umm Sarut,ام ساروت
17476,8,An Nasiriyah,الناصرية
17477,8,Al Fuwayliq 2,الفويلق 2
17478,8,Al Fuwayliq 1,الفويلق 1
17482,8,Abu Mazahah,ابو مزحامة
17488,8,Al Sanaf,السناف
17491,8,Badai' Aleulya,بدائع العليا
17492,8,Badai' Al Mahmi,بدائع المحمي
17493,8,Ri' Al Mahmi,ريع المحمي
17501,8,Badaya Al Sabahah,بدائع الصباحة
17514,8,Al Mansuriyah,المنصورية
17522,8,Al Luwaish,اللويش
17569,8,Al Ghafiliyyah,الغفيلية
17573,8,Al Radhfain,الرضفين
17574,8,Al Shaarif,الشارف
17577,8,Rawd Al Abd,روض العبد
17581,8,Al Saadah,السعدة
17608,8,An Nadhim And Lajawi,النظيم واللجاوي
17613,8,Al Ganimiyah,الغانمية
17614,8,Al Hamudiyah,الحمودية
17638,8,Al Sakhirah Al Sabban,الصخيرة الصبان
17639,8,Hama,حمه
17647,8,Thuwayleel,ثويليل
17648,8,Abu Swaisiyat,أبو سويسيات
17652,8,Al Quwainiyah,القوينية
17662,8,Ad Dihwah,الدحوه
17667,8,Al Shuayla,الشعيلاء
17679,8,Hijrat Al Makhruq,هجرة المخروق
17695,8,Adwat Athqab,عدوة اثقب
17698,8,Al Shaq,الشق
17704,8,Badai' Al Shaq,بدائع الشق
17708,8,As Safra,الصفراء
17717,8,Al Mazka,المزكا
17718,8,Kahlah,كحلة
17728,8,Al Malvi,الملوي
17740,8,Al Labana,اللبانه
17743,8,Wasat Al Rass,وسعة الرس
17744,8,Al Tuneib,الطنيب
17750,8,Al Bahra,البحره
17761,8,Umm Sha'arei,ام شعاري
17762,8,Al Lakheen Ubaid,اللخين عبيد
17777,8,Al Manakh,المناخ
17778,8,Al Majasah,المجصة
17780,8,Al Buwaiyidah,البوييضة
17781,8,Abu Duyhat,ابو دويحات
17782,8,Eyal Obeid,عيال عبيد
17788,8,Al Mallah,الملاح
17791,8,Al Maghar,المغار
17795,8,Umm Amayir,ام عماير
17802,8,Marran,مران
17827,8,An Nasifah,الناصفة
17841,8,Farshat Najab,فرشة نجب
17849,8,Al Dufaynah,الدفينة
17853,8,Faydat Al Masa'r,فيضة المسعار
17861,8,Al Dhikra,الذكري
17862,9,Al Shadhi Manahi Ibn Bakr,الشاظي مناحي بن بكر
17863,9,Al Didab,الديدب
17879,9,Zabala,زبالا
17880,9,Al Ajramiyyah,العجرمية
17888,9,Ibn Aesh,ابن عائش
17924,10,Al Naeamia,النعامية
17925,10,Al Hajariah,الهجاريه
17926,10,Al Khawajih,الخواجيه
17927,10,Al Sawalimah,السوالمه
17928,10,Al Batinah,الباطنه
17929,10,Al Shamuh,الشمه
17930,10,Al Rafie,الرافعي
17931,10,Alt Arashah,الطراشه
17932,10,Al Faqrah,الفقرة
17933,10,Abu Alkarsh,ابو الكرش
17934,10,Al Arjeen,العرجين
17935,10,Al Hiwaya,الحواية
17936,10,Al Amaridah,العمارده
17937,10,Al Qasadah,القصاده
17938,10,Al Saruriyah,السروريه
17939,10,Al Nijabah Wal Jahajih,النجابه و الجحاجح
17940,10,Abdullah Al Eyafi (Al Eyafi),عبدالله العيافي (العيافي)
17941,10,Al Jaeawunah,الجعاونه
17942,10,Halah Muhsin Al Muhasana,حله محسن  المحاسنة
17943,10,Al Dawahishah,الدواحشه
17944,10,Tyhan (Hulat Tyhan),تيهان (حلة تيهان)
17945,10,Al Khawarah,الخواره
17946,10,Al Shawahiyah,الشواهية
17947,10,Al Shiarah,الشعاره
17948,10,Al Qawaea,القواعة
17991,10,Al Shaakhir,الشاخر
17992,10,Umm Al Shibaqa,ام الشباقاء
17993,10,Al Lakhabsia,اللخبصية
17994,10,Al Samikh,الصامخ
17995,10,Al Jarah Al Qadiumah,الجاره القديمه
17996,10,Al Ziniyah,الزينيه
17997,10,Hulat Ali Bin Musa,حلة علي بن موسى
17998,10,Umm Al Qahfah,ام القحفه
17999,10,Hulat Al Makki,حلة المكي
18000,10,Hulat Al Earshi,حلة العرشي
18001,10,Qibah,قبه
18002,10,Al Khadra,الخضراء
18003,10,Halah Attieh,حله عطيه
18004,10,Halah Abu Marei,حله ابو مرعي
18005,10,Al Daheeqi,الدحيقي
18006,10,Al Hashibiria,الحشيبرية
18008,10,Ar Runah,الرونة
18009,10,Halah Muhamad Eisa,حله محمد عيسى
18010,10,Halah Aleaqibiu,حله العقيبي
18011,10,Halah Al Qamiri,حله القميري
18012,10,Halah Mishary,حله مشاري
18013,10,Halah Al Sahluli,حله الصهلولي
18014,10,Halah Alhawa Tyn,حله الحو تين
18015,10,Halah Bin Alwaan,حله بن علوان
18016,10,Halah Al Hukmaa,حله الحكمى
18017,10,Halah Abdullah Qabea,حله عبدالله قبع
18018,10,Halah Maruei Bin Shamy,حله مروعي بن شامي
18019,10,Halah Al Kalabih,حله الكلابيه
18020,10,Abu Danqur,ابو دنقور
18021,10,Al Jidiayn,الجديين
18022,10,Zubarat Al Jidyeen,زبارة الجديين
18023,10,Shayban,شيبان
18025,10,Qaryat Al Jawabirih,قرية الجوابره
18026,10,Al Shawajirat Wal Jarabiyah,الشواجرة والجرابية
18027,10,Al Zayni,الزيني
18028,10,Al Mahasih,المحاصيه
18029,10,Jameema,جميما
18030,10,Hanaqfah,حنقفه
18031,10,Al Hawamidah Jahish,الحوامضه جحيش
18032,10,Al Zaqlah,الزقله
18038,10,Al Fawarisah,الفوارسة
18042,10,Al Salamah Al Sufla,السلامة السفلى
18043,10,Shahdah,شهده
18044,10,Al Kalibah,الكلبة
18045,10,Al Fisalah Wal Dagharih,الفصاله والدغاريه
18046,10,Al Shiqafah Wal Musawafa,الشقافه والمصاوفة
18047,10,Al Madrak,المدرك
18048,10,Al Shaeafah,الشعافه
18049,10,Abu Al Maqrah,ابوالمقره
18052,10,Al Awajimah,العواجمه
18053,10,Wajah Alhasan,وجه الحسن
18054,10,Alearduh,العرضه
18055,10,Albatih,البطيح
18056,10,Alsidaduh,السداده
18057,10,Al Nazlah,النزلة
18058,10,Eawanah,عوانه
18059,10,Aleabduh,العبده
18060,10,'Abu Altuyur,ابو الطيور
18061,10,Umm Alearsh,ام العرش
18062,10,Mansih,منسيه
18063,10,Alsanif,الصنيف
18064,10,Al Hamdiyah,الحمضيه
18065,10,Al Harf,الحرف
18066,10,Almajdiruh,المجديره
18067,10,Hulat 'Abu Habibuh,حلة ابو حبيبه
18068,10,Alkhawaliduh,الخوالده
18069,10,Alzaydiuh,الزيديه
18070,10,Alhajarayn,الحجرين
18071,10,Jaribuh,جريبه
18072,10,Zarabah,زربه
18073,10,Alhadwaa,الهدوى
18074,10,Alhaqawih,الحقاويه
18075,10,Al 'Usaylah,العسيلة
18076,10,Alrajie,الرجيع
18077,10,Hulat 'Iibrahim Eisaa,حلة ابراهيم عيسى
18078,10,Alkawmuh,الكومه
18115,10,Al Husayniyyah,الحسينية
18191,10,Al Khashabiyah,الخشابية
18202,10,Al Mashayikh,المشايخ
18210,10,Al Shabitah,الشابطه
18217,10,Al Dahaliyyah,الدهالية
18221,10,Al Maashiyyah,المعاشية
18245,10,Abu Lahab,ابو لهب
18285,10,Salam Bani Wasal,سلام بني واصل
18289,10,Khudayrat Ayash,خضيرة عياش
18298,10,Al Mawasah,المواسة
18305,10,Al Kawamilah,الكواملة
18320,10,Khudair,خضير
18326,10,Radis Al Sharqiyyah,رديس الشرقية
18436,10,Al Wasit,الواسط
18447,10,Al Maqdarah,المقدرة
18578,10,Al Rukbah,الركبة
18634,10,Al Kamb Radis,الكمب رديس
19913,10,Udhaibah,عذيبه
19920,10,Al Joroof,الجروف
19922,10,Al Hurani,الحوراني
19924,10,Al Ghafqiyah,الغفقيه
19927,10,Ash Shuafuliyah,الشعفوليه
19931,10,Al Dhabrah,الظبرة
19963,10,Al Mahazirah,المحازره
19966,10,Al 'Uqdah,العقدة
19983,10,Al Khadraa,الخضراء
19989,10,Al Marabi,المرابي
20463,10,Hajan,حجن
21068,10,Samrat Al Jed,سمرة الجد
21167,10,Manshabah,منشبة
21168,10,Al Arq,العرق
21172,10,Al Mubarakah,المباركة
21175,10,Alekarah,العكرة
21176,10,Al Shamhaniyyah Al Ulya,الشمهانية العليا
21177,10,Al Shamhaniyyah Al Sufla,الشمهانية السفلى
21946,12,Al May Al Ahmar,المي الأحمر
21948,12,Al Ghabr Al Asfal,الغبر الاسفل
21978,12,Al Marbah,المرباة
21981,12,Al Farah,الفرح
21982,12,Al Qama,القمع
21984,12,Al Qadhanah,قذانه
22073,12,Al Fasilah And Al Masud,الفصيلة وال مسعود
22075,12,Al Khajah,الخاجة
22076,12,Al Hadban,الحدبان
22181,12,Al Qadaya,القضايا
22785,12,Al Salman,ال سلمان
22799,12,Al-Dahwat,الضحوات
22804,12,Sabihah Al Sufla,سبيحة السفلى
22816,12,Al Habashah,الحبشه
22909,12,Al Fuqaha,الفقهاء
22916,12,Al Gharaba Wal Athimmah,الغرباء والاثمة
22920,12,As Sadr,الصدر
22921,12,Al Shareeq,الشريق
23385,13,Aburawas,ابورواث
23386,13,Hedeb,هديب
23388,13,Al Harrah,الحرة
23408,13,Athnab,أطناب
23416,13,Basithah,بسيطاء
23419,8,Shafa Albayn,شفا البين
23420,4,Abraqiyah,ابرقية
23633,6,Bani Amru,بني عمرو
23640,2,Al Ardhiyah Al Janubiyah,العرضية الجنوبية
23641,2,Al Ardhiyat,العرضيات
23642,2,Al Ardhiyah Al Shimaliyah,العرضية الشمالية
23660,2,Batat,بطاط
23694,1,Al Juwy,الجوي
23695,8,Al Sayayil,السياييل
