code,city_code,region_code,en,ar
10100003001,3,1,Al Amal Dist.,حي العمل
10100003002,3,1,Al Namudhajiyah Dist.,حي النموذجية
10100003003,3,1,Al Jarradiyah Dist.,حي الجرادية
10100003004,3,1,Al Sinaiyah Dist.,حي الصناعية
10100003005,3,1,Manfuha Al Jadidah Dist.,حي منفوحة الجديدة
10100003006,3,1,Al Fakhiriyah Dist.,حي الفاخرية
10100003007,3,1,Al Dirah Dist.,حي الديرة
10100003008,3,1,East Umm Al Hamam Dist.,حي ام الحمام الشرقي
10100003009,3,1,Al Sharafiyah Dist.,حي الشرفية
10100003010,3,1,Al Hada Dist.,حي الهدا
10100003011,3,1,North Mathar Dist.,حي المعذر الشمالي
10100003012,3,1,West Umm Al Hamam Dist.,حي ام الحمام الغربي
10100003013,3,1,Ar Rahmaniyah Dist.,حي الرحمانية
10100003014,3,1,Laban Dist.,حي لبن
10100003015,3,1,Ar Rafiah Dist.,حي الرفيعة
10100003016,3,1,Al Shohda Dist.,حي الشهداء
10100003017,3,1,King Fahd Dist.,حي الملك فهد
10100003018,3,1,Al Suwaidi Dist.,حي السويدي
10100003019,3,1,Al Hazm Dist.,حي الحزم
10100003020,3,1,Utayqah Dist.,حي عتيقة
10100003021,3,1,Al Murabba Dist.,حي المربع
10100003022,3,1,Al Falah Dist.,حي الفلاح
10100003023,3,1,Al Nada Dist.,حي الندى
10100003024,3,1,Al Mursalat Dist.,حي المرسلات
10100003025,3,1,Al Nuzha Dist.,حي النزهة
10100003026,3,1,Al Woroud Dist.,حي الورود
10100003027,3,1,King Faisal Dist.,حي الملك فيصل
10100003028,3,1,2nd Industrial City,المدينة الصناعية الثانية
10100003029,3,1,Al Aziziyah Dist.,حي العزيزية
10100003030,3,1,Al Mansurah Dist.,حي المنصورة
10100003031,3,1,Ghobairah Dist.,حي غبيرة
10100003032,3,1,Al Farooq Dist.,حي الفاروق
10100003033,3,1,Al Faisaliyah Dist.,حي الفيصلية
10100003034,3,1,Al Khalidiyah Dist.,حي الخالدية
10100003035,3,1,Al Jazeerah Dist.,حي الجزيرة
10100003036,3,1,Al Saadah Dist.,حي السعادة
10100003037,3,1,Al Nasiriyah Dist.,حي الناصرية
10100003038,3,1,Al Manakh Dist.,حي المناخ
10100003039,3,1,Al Difaa Dist.,حي الدفاع
10100003040,3,1,Al Noor Dist.,حي النور
10100003041,3,1,King Abdullah Dist.,حي الملك عبدالله
10100003042,3,1,Al Wahah Dist.,حي الواحة
10100003043,3,1,Salahuddin Dist.,حي صلاح الدين
10100003044,3,1,King Abdulaziz Dist.,حي الملك عبدالعزيز
10100003045,3,1,Al Wizarat Dist.,حي الوزارات
10100003046,3,1,Skirinah Dist.,حي سكيرينة
10100003047,3,1,Ar Rabwah Dist.,حي الربوة
10100003048,3,1,Jareer Dist.,حي جرير
10100003049,3,1,Al Mathar Dist.,حي المعذر
10100003050,3,1,As Salhiyah Dist.,حي الصالحية
10100003051,3,1,Al Malaz Dist.,حي الملز
10100003052,3,1,Manfuhah Dist.,حي منفوحة
10100003053,3,1,Olaishah Dist.,حي عليشة
10100003054,3,1,Al Nahdah Dist.,حي النهضة
10100003055,3,1,Al Khaleej Dist.,حي الخليج
10100003056,3,1,Al Dhubbat Dist.,حي الضباط
10100003057,3,1,West Suwaidi Dist.,حي السويدي الغربي
10100003058,3,1,Dirab Dist.,حي ديراب
10100003059,3,1,Ohod Dist.,حي احد
10100003060,3,1,Namar Dist.,حي نمار
10100003061,3,1,Al Shifa Dist.,حي الشفا
10100003062,3,1,Al Muhammadiyah Dist.,حي المحمدية
10100003063,3,1,Al Sulaimaniyah Dist.,حي السليمانية
10100003064,3,1,Al Marwah Dist.,حي المروة
10100003065,3,1,Okaz Dist.,حي عكاظ
10100003066,3,1,Shubra Dist.,حي شبرا
10100003067,3,1,Al Zahrah Dist.,حي الزهرة
10100003068,3,1,Siyah Dist.,حي صياح
10100003069,3,1,Sultanah Dist.,حي سلطانة
10100003070,3,1,Al Yamamah Dist.,حي اليمامة
10100003071,3,1,Al Badiah Dist.,حي البديعة
10100003072,3,1,Al Masani Dist.,حي المصانع
10100003073,3,1,Al Qadisiyah Dist.,حي القادسية
10100003074,3,1,Al Safa Dist.,حي الصفا
10100003075,3,1,Al Olaya Dist.,حي العليا
10100003076,3,1,Al Duraihemiyah Dist.,حي الدريهمية
10100003077,3,1,Al Iskan Dist.,حي الاسكان
10100003078,3,1,Al Salam Dist.,حي السلام
10100003079,3,1,Al Manar Dist.,حي المنار
10100003080,3,1,East Naseem Dist.,حي النسيم الشرقي
10100003081,3,1,Al Quds Dist.,حي القدس
10100003082,3,1,Al Wadi Dist.,حي الوادي
10100003083,3,1,Al Nafel Dist.,حي النفل
10100003084,3,1,Al Maseef Dist.,حي المصيف
10100003085,3,1,Al Taawun Dist.,حي التعاون
10100003086,3,1,Al Ezdihar Dist.,حي الازدهار
10100003087,3,1,Al Andalus Dist.,حي الاندلس
10100003088,3,1,Al Rawdah Dist.,حي الروضة
10100003089,3,1,Al Rawabi Dist.,حي الروابي
10100003090,3,1,Al Rayan Dist.,حي الريان
10100003091,3,1,Dhahrat Al Badeah Dist.,حي ظهرة البديعة
10100003092,3,1,Al Nadheem Dist.,حي النظيم
10100003093,3,1,Al Rimayah Dist.,حي الرماية
10100003094,3,1,Al Bariyah Dist.,حي البرية
10100003095,3,1,Taybah Dist.,حي طيبة
10100003096,3,1,Mansuriyah Dist.,حي المنصورية
10100003097,3,1,Dahiyat Namar Dist.,حي ضاحية نمار
10100003098,3,1,Al Misfat Dist.,حي المصفاة
10100003099,3,1,Assafarat Dist.,حي السفارات
10100003100,3,1,Khashm Al An,خشم العان
10100003101,3,1,Qurtubah Dist.,حي قرطبة
10100003102,3,1,Tuwaiq Dist.,حي طويق
10100003103,3,1,Al Awaly Dist.,حي العوالي
10100003104,3,1,Ar Rabie Dist.,حي الربيع
10100003105,3,1,Al Mughrazat Dist.,حي المغرزات
10100003106,3,1,Al Sulay Dist.,حي السلي
10100003107,3,1,Al Aqeeq Dist.,حي العقيق
10100003108,3,1,Al Nakheel Dist.,حي النخيل
10100003109,3,1,Al Ghadeer Dist.,حي الغدير
10100003110,3,1,Al Muruj Dist.,حي المروج
10100003111,3,1,Al Oud Dist.,حي العود
10100003112,3,1,Thulaim Dist.,حي ثليم
10100003113,3,1,Al Shumaisi Dist.,حي الشميسي
10100003114,3,1,Al Wisham Dist.,حي الوشام
10100003115,3,1,Salam Park,منتزه سلام
10100003116,3,1,Al Dubiyah Dist.,حي الدوبية
10100003117,3,1,Meakal Dist.,حي معكال
10100003118,3,1,Jabrah Dist.,حي جبرة
10100003119,3,1,Al Qura Dist.,حي القرى
10100003120,3,1,Al Marqab Dist.,حي المرقب
10100003121,3,1,Al Futah Dist.,حي الفوطة
10100003122,3,1,Umm Saleem Dist.,حي ام سليم
10100003123,3,1,Al Sahafah Dist.,حي الصحافة
10100003125,3,1,Al Raed Dist.,حي الرائد
10100003126,3,1,West Oraija Dist.,حي العريجاء الغربي
10100003127,3,1,Al Uraija Dist.,حي العريجاء
10100003128,3,1,Middle Oraija Dist.,حي العريجاء الوسطى
10100003129,3,1,Al Hamra Dist.,حي الحمراء
10100003130,3,1,Al Dar Al Baida Dist.,حي الدار البيضاء
10100003131,3,1,Al Butaiha Dist.,حي البطيحا
10100003132,3,1,Al Zahra Dist.,حي الزهراء
10100003133,3,1,Al Fayha Dist.,حي الفيحاء
10100003134,3,1,Al Mutamarat Dist.,حي المؤتمرات
10100003135,3,1,Al Wusayta Dist.,حي الوسيطاء
10100003136,3,1,Al Janadriyah Dist.,حي الجنادرية
10100003137,3,1,Ishbiliyah Dist.,حي اشبيلية
10100003138,3,1,Al Maizalah Dist.,حي المعيزلة
10100003139,3,1,Al Yarmuk Dist.,حي اليرموك
10100003140,3,1,Al Munisiyah Dist.,حي المونسية
10100003141,3,1,Al Khuzama Dist.,حي الخزامى
10100003142,3,1,Irqah,عرقة
10100003143,3,1,Dhahrat Laban Dist.,حي ظهرة لبن
10100003144,3,1,Hiteen Dist.,حي حطين
10100003145,3,1,Al Malqa Dist.,حي الملقا
10100003146,3,1,Al Qairawan Dist.,حي القيروان
10100003147,3,1,Al Yasmeen Dist.,حي الياسمين
10100003148,3,1,Al Arid Dist.,حي العارض
10100003149,3,1,King Khalid International Airport,مطار الملك خالد
10100003150,3,1,Al Narjis Dist.,حي النرجس
10100003151,3,1,Imam Muhammed Bin Saud Islamic University,جامعة الامام محمد بن سعود الاسلامية
10100003152,3,1,Banban Dist.,حي بنبان
10100003153,3,1,Al Rimal Dist.,حي الرمال
10100003155,3,1,Ghirnatah Dist.,حي غرناطة
10100003156,3,1,Al Dahou Dist.,حي الدحو
10100003157,3,1,Al Ammajiyah Dist.,حي العماجية
10100003158,3,1,Hyt Dist.,حي هيت
10100003159,3,1,Al Haer Dist.,حي الحائر
10100003161,3,1,Umm Al Shaal Dist.,حي ام الشعال
10100003162,3,1,Al Ghannamiyah Dist.,حي الغنامية
10100003163,3,1,Oraid Dist.,حي عريض
10100003164,3,1,Badr Dist.,حي بدر
10100003165,3,1,Al Mahdiyah Dist.,حي المهدية
10100003166,3,1,King Saud University,جامعة الملك سعود
10100003167,3,1,West Naseem Dist.,حي النسيم الغربي
10100003168,3,1,Al Mishael Dist.,حي المشاعل
10100003169,3,1,Al Nadwah Dist.,حي الندوة
10100003171,3,1,Al Rabiyah Dist.,حي الرابية
10100003172,3,1,Wady Laban Dist.,حي وادي لبن
10100003174,3,1,Al Sidrah Dist.,حي السدرة
10100003175,3,1,Al Tadamun Dist.,حي التضامن
10100003176,3,1,King Abdullah City For Energy,مدينة الملك عبدالله للطاقة
10100003177,3,1,Al Basatin Dist.,حي البساتين
10100003178,3,1,Al Rehab Dist.,حي الرحاب
10100003179,3,1,Al Majd Dist.,حي المجد
10100003180,3,1,Al Danah Dist.,حي الدانة
10100003182,3,1,Al Risalah Dist.,حي الرسالة
10100003183,3,1,Al Khair Dist.,حي الخير
10100003184,3,1,Al Fursan Dist.,حي الفرسان
10100003185,3,1,Al Sholah Dist.,حي الشعلة
10100003186,3,1,Al Rayah Dist.,حي الراية
10100003187,3,1,Al Zahour Dist.,حي الزهور
10100003188,3,1,Al Zaher Dist.,حي الزاهر
10100003189,3,1,Al Marjan Dist.,حي المرجان
10100003190,3,1,Al Bayan Dist.,حي البيان
10100003191,3,1,Al Ula Dist.,حي العلا
10100003192,3,1,Al Mashriq Dist.,حي المشرق
10100003193,3,1,Al Nakhbah Dist.,حي النخبة
10100003194,3,1,Al Sahab Dist.,حي السحاب
10100003195,3,1,Al Wasam Dist.,حي الوسام
10100024001,24,1,Al Marqab Dist.,حي المرقب
10100024002,24,1,Al Yarmuk Dist.,حي اليرموك
10100024003,24,1,Al Fayha Dist.,حي الفيحاء
10100024004,24,1,King Fahd Dist.,حي الملك فهد
10100024005,24,1,King Salman Dist.,حي الملك سلمان
10100024006,24,1,King Abdulaziz Dist.,حي الملك عبدالعزيز
10100024007,24,1,Al Andalus Dist.,حي الاندلس
10100024008,24,1,Al Matar Dist.,حي المطار
10100024009,24,1,King Abdullah Dist.,حي الملك عبدالله
10100024011,24,1,Industrial Area,المنطقة الصناعية
10100024012,24,1,Al Jamiyin Dist.,حي الجامعيين
10100024013,24,1,Al Muruj Dist.,حي المروج
10100024014,24,1,Al Mustaqbal Dist.,حي المستقبل
10100153002,153,1,Al Basirah Dist.,حي البصيرة
10100153003,153,1,Ar Rawdah Dist.,حي الروضة
10100153004,153,1,Ar Rafiah Dist.,حي الرفيعة
10100162001,162,1,Al Balad Al Qadimah Dist.,حي البلد القديمة
10100162002,162,1,King Fahd Dist.,حي الملك فهد
10100162003,162,1,Al Samriyah Dist.,حي السمرية
10100162004,162,1,Al Qari Dist.,حي القري
10100162005,162,1,Industrial Dist.,حي الصناعية
10100162006,162,1,King Faisal Dist.,حي الملك فيصل
10100162007,162,1,Al Marqab Dist.,حي المرقب
10100162008,162,1,Shiraf Dist.,حي شراف
10100162009,162,1,An Namudhajiyah Dist.,حي النموذجية
10100162010,162,1,Al Jazur Dist.,حي الجزر
10100162011,162,1,New Industrial Dist.,حي الصناعية الجديدة
10100162012,162,1,Al Shuaibah Dist.,حي الشعيبة
10100162013,162,1,Al Wusta Dist.,حي الوسطة
10100162014,162,1,Al Shamalia Dist.,حي الشمالية
10100165001,165,1,Al Yasmin Dist.,حي الياسمين
10100165002,165,1,Ash Shibilyah Dist.,حي الشبيلية
10100165003,165,1,Al Aziziyah Dist.,حي العزيزية
10100165004,165,1,Ar Rabah Dist.,حي الربعة
10100165005,165,1,Goverment Departments Dist.,حي الدوائر الحكومية
10100165006,165,1,Al Qadisiyah Dist.,حي القادسية
10100165007,165,1,Badr Dist.,حي بدر
10100165008,165,1,Ash Shifa Dist.,حي الشفا
10100165009,165,1,An Nuzhah Dist.,حي النزهة
10100165010,165,1,Al Masif Dist.,حي المصيف
10100165011,165,1,Al Halah At Taliyah Dist.,حي الحلة الطالعية
10100165012,165,1,Al Fath Dist.,حي الفتح
10100165013,165,1,Al Nakhil Dist.,حي النخيل
10100165014,165,1,Al Muruj Dist.,حي المروج
10100165015,165,1,Al Yarmuk Dist.,حي اليرموك
10100165016,165,1,An Nahdah Dist.,حي النهضة
10100165017,165,1,Az Zuhur Dist.,حي الزهور
10100167001,167,1,Sudair Industrial And Business City,مدينة سدير للصناعة والأعمال
10100167002,167,1,King Abdullah Dist.,حي الملك عبدالله
10100167003,167,1,King Saud Dist.,حي الملك سعود
10100167004,167,1,An Nahdah Dist.,حي النهضة
10100167005,167,1,King Fahd Dist.,حي الملك فهد
10100167006,167,1,Al Khalidiyah Dist.,حي الخالدية
10100167007,167,1,Al Khalij Dist.,حي الخليج
10100167008,167,1,Muntazah Dist.,حي منتزه
10100167010,167,1,Al Aziziyah Dist.,حي العزيزية
10100167011,167,1,King Faisal Dist.,حي الملك فيصل
10100167012,167,1,Al Yasmin Dist.,حي الياسمين
10100167013,167,1,Ar Rawdah Dist.,حي الروضة
10100167014,167,1,Al Yarmuk Dist.,حي اليرموك
10100167015,167,1,King Abdulaziz Dist.,حي الملك عبدالعزيز
10100167016,167,1,Tumair Industrial Dist.,حي صناعية تمير
10100168001,168,1,Sultanah Dist.,حي سلطانة
10100168002,168,1,Al Fayha Dist.,حي الفيحاء
10100168003,168,1,Ar Rawdah Dist.,حي الروضه
10100168004,168,1,Al Saadah Dist.,حي السعاده
10100168005,168,1,Al Nahdah Dist.,حي النهضه
10100168006,168,1,Al Wurud Dist.,حي الورود
10100168007,168,1,Al Andalus Dist.,حي الأندلس
10100168008,168,1,Al Faisaliyah Dist.,حي الفيصلية
10100168009,168,1,Al Masif Dist.,حي المصيف
10100168010,168,1,Al Khalij Dist.,حي الخليج
10100168011,168,1,Al Nakhil Dist.,حي النخيل
10100168012,168,1,Al Ghadir Dist.,حي الغدير
10100270001,270,1,Hiteen Dist.,حي حطين
10100270002,270,1,Qurtubah Dist.,حي قرطبة
10100270003,270,1,Al Faisaliyah Dist.,حي الفيصلية
10100270004,270,1,Al Aziziyah Dist.,حي العزيزية
10100270005,270,1,Al Quds Dist.,حي القدس
10100270006,270,1,Al Khalidiyah Dist.,حي الخالدية
10100270007,270,1,Ar Rawdah Dist.,حي الروضة
10100270008,270,1,Ar Rabwah Dist.,حي الربوة
10100270009,270,1,Ar Riyan Dist.,حي الريان
10100270010,270,1,An Nahdah Dist.,حي النهضة
10100270011,270,1,Margh  Dist.,حي مرخ
10100270012,270,1,As Sinaiyah Dist.,حي الصناعية
10100270013,270,1,Badr Dist.,حي بدر
10100270014,270,1,Uhd Dist.,حي احد
10100270015,270,1,Tuwik Dist.,حي طويق
10100270016,270,1,Al Farouq Dist.,حي الفاروق
10100270017,270,1,As Sediq Dist.,حي الصديق
10100270018,270,1,Al Yarmok Dist.,حي اليرموك
10100270020,270,1,Al Yamamah Dist.,حي اليمامة
10100270021,270,1,Alkah Dist.,حي علقة
10100270022,270,1,Al Deriyah Dist.,حي الدرعية
10100270023,270,1,Al Muntazah Dist.,حي المنتزة
10100270024,270,1,Al Andalus Dist.,حي الاندلس
10100270025,270,1,Semnan Dist.,حي سمنان
10100270026,270,1,As Salam Dist.,حي السلام
10100270027,270,1,As Sieh Dist.,حي السيح
10100270028,270,1,Urierah Dist.,حي عريعرة
10100270029,270,1,Al Wurud Dist.,حي الورود
10100270030,270,1,King Abdullah Dist.,حي الملك عبدالله
10100270031,270,1,Al Wahah Dist.,حي الواحة
10100270032,270,1,Al Izdihar Dist.,حي الازدهار
10100270033,270,1,Al Hamra Dist.,حي الحمراء
10100270034,270,1,Ishbiliya Dist.,حي اشبيليا
10100270035,270,1,Ghirnatah Dist.,حي غرناطة
10100270036,270,1,Al Yasmin Dist.,حي الياسمين
10100270037,270,1,Ar Rabie Dist.,حي الربيع
10100270038,270,1,As Saadah Dist.,حي السعادة
10100270039,270,1,An Nur Dist.,حي النور
10100270040,270,1,Al Khuzama Dist.,حي الخزامى
10100270041,270,1,An Naql Dist.,حي النفل
10100270042,270,1,Al Khalij Dist.,حي الخليج
10100270043,270,1,Al Fardus Dist.,حي الفردوس
10100270044,270,1,Al Manar Dist.,حي المنار
10100270045,270,1,Al Qadisiyah Dist.,حي القادسية
10100270046,270,1,An Nada Dist.,حي الندى
10100270047,270,1,Al Frosyah Dist.,حي الفروسية
10100270048,270,1,As Sieh Dist.,حي السيح
10100270049,270,1,Al Jawa,الجوى
10100270050,270,1,King Salman Dist.,حي الملك سلمان
10100306001,306,1,Al Wurud Dist.,حي الورود
10100306002,306,1,Az Zuhur Dist.,حي الزهور
10100306003,306,1,Al Andalus Dist.,حي الاندلس
10100306004,306,1,Ar Rabie Dist.,حي الربيع
10100306005,306,1,Al Masiaf Dist.,حي المصيف
10100306006,306,1,Al Yasmin Dist.,حي الياسمين
10100306007,306,1,Al Khuzama Dist.,حي الخزامى
10100306008,306,1,Ghirnatah Dist.,حي غرناطة
10100306009,306,1,Al Ghadir Dist.,حي الغدير
10100306010,306,1,As Sinaiyah Dist.,حي الصناعية
10100306011,306,1,An Naql Dist.,حي النفل
10100306012,306,1,Al Bustan Dist.,حي البستان
10100306013,306,1,Al Nakhil Dist.,حي النخيل
10100306014,306,1,Al Muruj Dist.,حي المروج
10100418001,418,1,Al Idhaah North Dist.,حي شمال الاذاعة
10100418002,418,1,Al Maarid Dist.,حي المعارض
10100418003,418,1,Al Idhaah Dist.,حي الاذاعة
10100418004,418,1,King Fahd Dist.,حي الملك فهد
10100418005,418,1,Al Malaz Dist.,حي الملز
10100418006,418,1,Al Asfar Dist.,حي الاصفر
10100418007,418,1,Al Hujjaj Dist.,حي الحجاج
10100418008,418,1,Al Mihaniyin Dist.,حي المهنيين
10100418009,418,1,An Nahdah Dist.,حي النهضة
10100418010,418,1,King Faisal  Dist.,حي الملك فيصل
10100418011,418,1,As Salhiyah Dist.,حي الصالحية
10100418012,418,1,Al Uud Dist.,حي العود
10100418013,418,1,Al Manfuhah Dist.,حي المنفوحة
10100418014,418,1,As Sinaiyah Dist.,حي الصناعية
10100418015,418,1,Al Khazzan Dist.,حي الخزان
10100418016,418,1,King Khalid  Dist.,حي الملك خالد
10100418017,418,1,As Sulaymaniyah Dist.,حي السليمانية
10100418018,418,1,Al Jamieyah,الجامعية
10100443001,443,1,Ad Dirah Al Qadimah Dist.,حي الديرة القديمة
10100443002,443,1,Al Khalidiyah Dist.,حي الخالدية
10100443003,443,1,Al Aziziyah Dist.,حي العزيزية
10100443004,443,1,Al Faisaliyah Dist.,حي الفيصلية
10100443005,443,1,Al Janadriyah Dist.,حي الجنادرية
10100500001,500,1,Industrial Area,المنطقة الصناعية
10100500002,500,1,Gaslah Dist.,حي غسلة
10100500003,500,1,Al Wakf Dist.,حي الوقف
10100500004,500,1,Ash Shifa Dist.,حي الشفاء
10100500005,500,1,King Fahd Dist.,حي الملك فهد
10100500006,500,1,Ar Rawdah Dist.,حي الروضة
10100500007,500,1,Al Naseem Dist.,حي النسيم
10100500008,500,1,Al Washm Dist.,حي الوشم
10100500009,500,1,Al Rehab Dist.,حي الرحبة
10100574001,574,1,Al Khalidiyah Dist.,حي الخالدية
10100574002,574,1,Al Aziziyah Dist.,حي العزيزية
10100574003,574,1,Al Yasmin Dist.,حي الياسمين
10100574004,574,1,An Nuzhah Dist.,حي النزهة
10100574005,574,1,As Sinaiyah Dist.,حي الصناعية
10100574006,574,1,Ad Dirah Dist.,حي الديرة
10100574007,574,1,Al Faisaliyah Dist.,حي الفيصلية
10100574008,574,1,Ash Sharafiyah Dist.,حي الشرفية
10100574009,574,1,An Nahdah Dist.,حي النهضة
10100574010,574,1,Ash Shifa Dist.,حي الشفا
10100669001,669,1,Mishrifah Dist.,حي مشرفة
10100669002,669,1,An Nuzhah Dist.,حي النزهة
10100669003,669,1,Hiteen Dist.,حي حطين
10100669004,669,1,King Fahd Dist.,حي الملك فهد
10100669005,669,1,Al Haramain Dist.,حي الحرمين
10100669006,669,1,As Salam Dist.,حي السلام
10100669007,669,1,Al Khalij  Dist.,حي الخليج
10100669008,669,1,Ad Dirah Dist.,حي الديرة
10100669009,669,1,Ar Rawdah Dist.,حي الروضة
10100669010,669,1,Al Faisaliyah Dist.,حي الفيصلية
10100669011,669,1,Badr Dist.,حي بدر
10100669012,669,1,Ar Rabwah Dist.,حي الربوة
10100669013,669,1,An Nahdah Dist.,حي النهضة
10100669014,669,1,Al Quds Dist.,حي القدس
10100669015,669,1,As Sinaiyah Dist.,حي الصناعية
10100669016,669,1,Al Khalidiyah Dist.,حي الخالدية
10100669017,669,1,Al Aziziyah Dist.,حي العزيزية
10100669018,669,1,Ar Rayan Dist.,حي الريان
10100669019,669,1,As Sunbulah Dist.,حي السنبلة
10100669020,669,1,Ad Dar Dist.,حي الدرع
10100669021,669,1,Rest House Area,منطقة الاستراحات
10100669022,669,1,Musaddah Dist.,حي مصده
10100684001,684,1,Al Shamali Dist.,حي الشمالي
10100684002,684,1,Al Khazzan Dist.,حى الخزان
10100684003,684,1,As Saadah Dist.,حي السعادة
10100684004,684,1,Ash Shifa Dist.,حي الشفاء
10100684005,684,1,An Nahdah Dist.,حي النهضة
10100684006,684,1,Al Aziziyah Dist.,حي العزيزية
10100684007,684,1,Al Fayha Dist.,حي الفيحاء
10100684008,684,1,Ash Shuhada Dist.,حي الشهداء
10100701001,701,1,Al Sinaiyah Dist.,حي الصناعية
10100701002,701,1,Faydat Al Fawazin Dist.,حي فيضة الفوازين
10100701003,701,1,Al Teseen Dist.,حي التسعين
10100701004,701,1,Al Diyabiyah Dist.,حي الذيابية
10100701005,701,1,Barzan Dist.,حي برزان
10100701006,701,1,Al Yasmin Dist.,حي الياسمين
10100701007,701,1,Al Aqishiyah Dist.,حي العقيشية
10100701008,701,1,Al Balad Dist.,حي البلد
10100701009,701,1,King Fahd Dist.,حي الملك فهد
10100701010,701,1,Al Maslakh Dist.,حي المسلخ
10100701011,701,1,Al Mathawiyah Dist.,حي المثوية
10100701012,701,1,Al Tadamun Dist.,حي التضامن
10100701013,701,1,Markaz Al Shararh Dist.,حي مركز الشرارة
10100701014,701,1,Ar Rafiah Dist.,حي الرفيعة
10100701015,701,1,As Salhiyah Dist.,حي الصالحية
10100701016,701,1,Mishrifah Dist.,حي مشرفة
10100701017,701,1,King Faisal Dist.,حي الملك فيصل
10100701018,701,1,Saqrah Dist.,حي صقرة
10100701019,701,1,Saqrah Northern Dist.,حي صقرة الشمالي
10100701020,701,1,Al Radifah Dist.,حي الرديفة
10100701021,701,1,Al Badiah Dist.,حي البديعة
10100701022,701,1,Al Zuaibah Dist.,حي الزعيبة
10100701023,701,1,Prince Sultan Dist.,حي الامير سلطان
10100701024,701,1,Al Faisaliyah Dist.,حي الفيصلية
10100701025,701,1,Sahara Dist.,حي صحارى
10100701026,701,1,Al Alawat Dist.,حي العلوات
10100701027,701,1,Al Shatiniyyah,حي الشتينية
10100701028,701,1,Al Qassima Dist.,حي القسيمة
10100795001,795,1,Ad Dirah Dist.,حي الديرة
10100795002,795,1,Al Nakhil Dist.,حي النخيل
10100795003,795,1,As Sad Dist.,حي السد
10100795004,795,1,Ar Rawdah Dist.,حي الروضة
10100795005,795,1,An Nahdah Dist.,حي النهضة
10100795006,795,1,Al Hazm Dist.,حي الحزم
10100828001,828,1,Al Malqah Dist.,حي الملقاه
10100828002,828,1,Al Faisaliyah Dist.,حي الفيصلية
10100828003,828,1,Al Thilaima Dist.,حي الثليما
10100828004,828,1,Al Salmaniyah Dist.,حي السلمانية
10100828005,828,1,Al Malik Dist.,حي الملك
10100828006,828,1,Al Diriyah Dist.,حي الدرعية
10100828007,828,1,Al Khalidiyah Dist.,حي الخالدية
10100828008,828,1,Al Asemah Dist.,حي العاصمة
10100828010,828,1,Al Turaif Dist.,حي الطريف
10100828011,828,1,Al Rooqiyah Dist.,حي الروقية
10100828012,828,1,Al Sarhiyah Dist.,حي السرحية
10100828013,828,1,Al Shohda Dist.,حي الشهداء
10100828014,828,1,West Dhahrat Al Oudah Dist.,حي ظهرة العودة غرب
10100828015,828,1,Al Blaida Dist.,حي البليدا
10100828016,828,1,Al Olab Dist.,حي العلب
10100828017,828,1,Sultanah,سلطانة
10100828018,828,1,East Dhahrat Al Oudah Dist.,حي ظهرة العودة شرق
10100830001,830,1,Al Ain Dist.,حي العين
10100830002,830,1,Salam Dist.,حي سلام
10100830003,830,1,Al Adel Dist.,حي العدل
10100830004,830,1,Military College,الكلية الحربية
10100830005,830,1,Aqraba Dist.,حي عقرباء
10100830006,830,1,Al Wahah Dist.,حي الواحة
10100830007,830,1,Ash Shuhada Dist.,حي الشهداء
10100830008,830,1,Al Waseel Dist.,حي الوصيل
10100830009,830,1,Al Wadi Dist.,حي الوادي
10100830010,830,1,Bawdah Dist.,حي هجرة بوضة
10100830011,830,1,Najd Dist.,حي نجد
10100830012,830,1,Prince Sultan Dist.,حي الامير سلطان
10100839001,839,1,Industrial Area,المنطقة الصناعية
10100839002,839,1,Al Yamamah Dist.,حي اليمامة
10100839003,839,1,Al Khalidiyah Dist.,حي الخالدية
10100839004,839,1,Al Aziziyah Dist.,حي العزيزية
10100839005,839,1,Al Wurud 1 Dist.,حي الورود 1
10100839006,839,1,An Nahdah Dist.,حي النهضة
10100839007,839,1,Al Muntazah Dist.,حي المنتزة
10100839008,839,1,Al Badi Al Gharbi Dist.,حي البديع الغربي
10100839009,839,1,Al Anqari Dist.,حي العنقري
10100839010,839,1,Al Badi Ash Sharqi Dist.,حي البديع الشرقي
10100880001,880,1,Abu Salim Dist.,حي ابو سليم
10100880002,880,1,As Salam Dist.,حي السلام
10100880003,880,1,Al Jazirah Dist.,حي الجزيرة
10100880004,880,1,Al Muruj Dist.,حي المروج
10100880005,880,1,Al Khalij Dist.,حي الخليج
10100880006,880,1,Ar Rabwah Dist.,حي الربوة
10100880007,880,1,Az Zuhur Dist.,حي الزهور
10100880008,880,1,Al Basatin Dist.,حي البساتين
10100880009,880,1,Al Wahah Dist.,حي الواحة
10100880010,880,1,Ad Dirah Dist.,حي الديرة
10100880011,880,1,As Sinaiyah Dist.,حي الصناعية
10100880012,880,1,Al Wurud Dist.,حي الورود
10100880013,880,1,Al Hazm Dist.,حي الحزم
10100880014,880,1,Al Jaffuniyyah Dist.,حي الجفونية
10100880015,880,1,Ad Darib Dist.,حي الضريب
10100885001,885,1,Al Wadi Dist.,حي الوادي
10100885002,885,1,Al Shifa Dist.,حي الشفاء
10100885003,885,1,Al Faisaliyah Dist.,حي الفيصلية
10100885004,885,1,Al Banafsaj Dist.,حي البنفسج
10100885005,885,1,Al Khalij Dist.,حي الخليج
10100885006,885,1,Al Khalidiyah Dist.,حي الخالدية
10100885007,885,1,Al Sulaymaniyah Dist.,حي السليمانية
10100885008,885,1,Al Quds Dist.,حي القدس
10100885009,885,1,Al Wafa Dist.,حي الوفاء
10100885010,885,1,Al Fayha Dist.,حي الفيحاء
10100885011,885,1,Al Aziziyah Dist.,حي العزيزية
10100885012,885,1,Al Nuzhah Dist.,حي النزهة
10100885013,885,1,Al Dar Al Baida Dist.,حي الدار البيضاء
10100885014,885,1,Al Dohah Dist.,حي الدوحة
10100885015,885,1,Al Farah Dist.,حي الفرعة
10100885016,885,1,Al Nakhil Dist.,حي النخيل
10100885017,885,1,Al Shuaibah Dist.,حي الشعيبة
10100885018,885,1,Al Muraiqeb Dist.,حي المريقب
10100885019,885,1,Al Urubah Dist.,حي العروبة
10100885020,885,1,Al Dahna Dist.,حي الدهناء
10100885021,885,1,Aba Al Ablan 2 Dist.,حي أبا العبلان2
10100885022,885,1,Industrial Area,المنطقة الصناعية
10100885023,885,1,Aba Al Ablan 1 Dist.,حي أبا العبلان1
10100885024,885,1,Subdivision Plan 3c,مخطط ج3
10100885025,885,1,Subdivision Plan 1c,مخطط ج1
10100885026,885,1,Subdivision Plan 2c,مخطط ج2
10100885027,885,1,Subdivision Plan 4c,مخطط ج4
10100959001,959,1,Um Talha Dist.,حي ام طلحة
10100962001,962,1,Najd Dist.,حي نجد
10100962002,962,1,Al Hoymel Dist.,حي ال هويمل
10100962003,962,1,Al Hufuf Dist.,حي الهفوف
10100962004,962,1,Al Wusayta Dist.,حي الوسيطا
10100962005,962,1,Ar Rayn Al Aala Dist.,حي الرين الاعلى
10100962006,962,1,Al Muayzeleh Dist.,حي المعيزيله
10100962007,962,1,Al Amar Dist.,حي العمار
10100962008,962,1,Al Maatala Dist.,حي المعتلا
10100962009,962,1,Qubeiban Dist.,حي قبيبان
10100962010,962,1,King Faisal Dist.,حي الملك فيصل
10100962011,962,1,Ashayra Dist.,حي عشيرة
10100962012,962,1,Al Gharibiya Dist.,حي الغريبية
10100962013,962,1,King Fahd Dist.,حي الملك فهد
10100962014,962,1,Al Fath Dist.,حي الفتح
10100962015,962,1,Al Qumish Dist.,حي القميش
10100962016,962,1,Ar Rafayie Dist.,حي الرفايع
10100962017,962,1,Al Rajai Dist.,حي الرجع
10100962018,962,1,Al Wusta Dist.,حي الوسطى
10100962019,962,1,Ableya Dist.,حي عبلية
10100962020,962,1,An Noor Dist.,حي النور
10100962021,962,1,Al Qadisiyah Dist.,حي القادسية
10100962022,962,1,Al Shaeifan Dist.,حي الشعيفان
10100962023,962,1,Al Rayaniyah Dist.,حي الريعانية
10100962024,962,1,Al Hano Dist.,حي الحنو
10100962025,962,1,Al Rawama Dist.,حي الرواما
10100962026,962,1,Al Muthanna Dist.,حي المثناه
10100962027,962,1,Al Fara Dist.,حي الفرعة
10100962028,962,1,Al Fardus Dist.,حي الفردوس
10100962029,962,1,Ar Rifaa Dist.,حي الرفاع
10100962030,962,1,Al Nasfah Dist.,حي الناصفه
10100962031,962,1,Al Yamamah Dist.,حي اليمامة
10100962032,962,1,Al Mutarida Dist.,حي المعترضة
10100962033,962,1,Uhud Dist.,حي احد
10100962034,962,1,Al Naqiea Dist.,حي النقيعه
10100962035,962,1,Al Badayi Dist.,حي البدائع
10100962036,962,1,As Safa Dist.,حي الصفا
10100962037,962,1,Al Yarmuk Dist.,حي اليرموك
10100962038,962,1,Al Shumua Dist.,حي الشموع
10100962039,962,1,Ar Rafiah Dist.,حي الرفيعة
10100962040,962,1,Ghirnatah Dist.,حي غرناطة
10100962041,962,1,Ar Rayn Al Qadim Dist.,حي الرين القديم
10100990001,990,1,Al Sinaiyah Dist.,حي الصناعية
10100990002,990,1,Al Huzaymiyyah Dist.,حي الحزيمية
10100990003,990,1,Al Suquriyyah Dist.,حي الصقورية
10100990004,990,1,Al Muruj Dist.,حي المروج
10100990005,990,1,Shukhib Dist.,حي شخيب
10100990006,990,1,Tuwik Dist.,حي طويق
10100990007,990,1,Al Andalus Dist.,حي الأندلس
10100990008,990,1,Ghirnatah Dist.,حي غرناطه
10100990009,990,1,Al Hada Dist.,حي الهدا
10100990010,990,1,Al Olaya Dist.,حي العليا
10100990011,990,1,Nawarah Dist.,حي نواره
10100990012,990,1,Waselah Dist.,حي وسيلة
10100990013,990,1,Al Luluah Dist.,حي اللؤلؤة
10100990014,990,1,Al Rashidiyah Dist.,حي الراشدية
10100990015,990,1,Al Ghtght Dist.,حي الغطغط
10100990016,990,1,Al Rif Dist.,حي الريف
10100990018,990,1,Al Muhammadiyah Dist.,حي المحمدية
10100990019,990,1,Al Wahah Dist.,حي الواحة
10100990020,990,1,Al Hazm Dist.,حي الحزم
10100990021,990,1,Al Musherfah Dist.,حي مشيرفة
10100990022,990,1,Al Jamiah Dist.,حي الجامعة
10100990023,990,1,Al Wurud Dist.,حي الورود
10100990024,990,1,Al Yasmin Dist.,حي الياسمين
10100990025,990,1,Al Shlal Dist.,حي الشلال
10101061001,1061,1,Al Masani Dist.,حي المصانع
10101061002,1061,1,Al Barakah Dist.,حي البركة
10101061003,1061,1,Al Muntazah Dist.,حي المنتزة
10101061004,1061,1,New Industrial Dist.,حي الصناعية الجديدة
10101061005,1061,1,As Sulaymaniyah Dist.,حي السليمانية
10101061006,1061,1,Al Safa Dist.,حي الصفاء
10101061007,1061,1,Al Burj Dist.,حي البرج
10101061008,1061,1,Al Wurud Dist.,حي الورود
10101061009,1061,1,As Salam Dist.,حي السلام
10101061010,1061,1,Ar Rafiah Dist.,حي الرفيعة
10101061011,1061,1,Al Yamamah Dist.,حي اليمامة
10101061012,1061,1,Al Khalidiyah Dist.,حي الخالدية
10101061013,1061,1,Al Khuzama Dist.,حي الخزامى
10101061014,1061,1,Al Aziziyah Dist.,حي العزيزية
10101061015,1061,1,Mishrif Dist.,حي مشرف
10101061016,1061,1,Ar Rashidiyyah Dist.,حي الراشدية
10101061017,1061,1,Al Munyfiyah Dist.,حي المنيفية
10101061018,1061,1,An Nasifah Dist.,حي الناصفة
10101061019,1061,1,Al Badiah Dist.,حي البديعة
10101061020,1061,1,Al Mansurah Dist.,حي المنصورة
10101061021,1061,1,An Nahdah Dist.,حي النهضة
10101061022,1061,1,An Nuzhah Dist.,حي النزهة
10101061023,1061,1,Ar Rayyan Dist.,حي الريان
10101061024,1061,1,Al Andalus Dist.,حي الاندلس
10101061025,1061,1,Al Faisaliyah Dist.,حي الفيصلية
10101061026,1061,1,Az Zahir Dist.,حي الزاهر
10101061027,1061,1,Industrial Area,منطقة صناعية
10101061028,1061,1,Al Aliyah Dist.,حي العالية
10101061029,1061,1,Al Hayathim,الهياثم
10101061030,1061,1,Al Adamah Dist.,حي العدامة
10101061031,1061,1,Al Qitar Dist.,حي القطار
10101061032,1061,1,Al Kharj Industrial City,المدينة الصناعية بالخرج
10101061033,1061,1,Prince Sultan Air Base,قاعدة الامير سلطان الجوية
10101061034,1061,1,Al Jamiah Dist.,حي الجامعة
10101061035,1061,1,Jawharat Al Kharj Dist.,حي جوهرة الخرج
10101061036,1061,1,Al Muruj Dist.,حي المروج
10101061037,1061,1,As Sahab Dist.,حي السحاب
10101061038,1061,1,Al Yarmuk Dist.,حي اليرموك
10101061039,1061,1,Al Akhdar Dist.,حي الاخضر
10101061040,1061,1,Ar Rawabi Dist.,حي الروابي
10101061041,1061,1,Qurtubah Dist.,حي قرطبة
10101061042,1061,1,Al Hada Dist.,حي الهدا
10101061043,1061,1,Al Hamra Dist.,حي الحمراء
10101073001,1073,1,Al Khalidiyah Dist.,حي الخالدية
10101073002,1073,1,Ash Shifa Dist.,حي الشفاء
10101073003,1073,1,As Sulaymaniyah Dist.,حي السليمانية
10101073004,1073,1,Sudayr Dist.,حي سدير
10101073005,1073,1,As Saydan Dist.,حي السعيدان
10101073006,1073,1,As Samari Dist.,حي السماري
10101073007,1073,1,Al Uwaymiriyah Dist.,حي العويمرية
10101073008,1073,1,Al Sahnah Dist.,حي الصحنة
10101073009,1073,1,Al Adhra Dist.,حي العذراء
10101073010,1073,1,Ad Dirah Dist.,حي الديرة
10101073011,1073,1,An Nasriyah Dist.,حي الناصرية
10101073012,1073,1,Zamiqa Dist.,حي زميقة
10101073013,1073,1,An Nahdah Dist.,حي النهضة
10101351001,1351,1,Al Khamasin Al Shamali Dist.,حي الخماسين الشمالي
10101351002,1351,1,Al Ludam Al Janubi Dist.,حي اللدام الجنوبي
10101351003,1351,1,Al Hadidiyah Dist.,حي الحديدية
10101351004,1351,1,Al Qayrawan Dist.,حي القيروان
10101351005,1351,1,Al Muntazah Dist.,حي المنتزه
10101351006,1351,1,Al Rawdah Dist.,حي الروضة
10101351007,1351,1,Muqabil Dist.,حي مقابل
10101351008,1351,1,Sinaiyat Al Hadidiyah Dist.,حي صناعية الحديدية
10101351009,1351,1,Al Taqniyah Dist.,حي التقنية
10101351010,1351,1,Al Ruwaysa Dist.,حي الرويساء
10101351011,1351,1,Al Ludam Al Shamali Dist.,حي اللدام الشمالي
10101351012,1351,1,Al Uwaimir Dist.,حي آل عويمر
10101351013,1351,1,Al Khamasin Dist.,حي الخماسين
10101351014,1351,1,Al Walamin Dist.,حي الولامين
10101351015,1351,1,Al Muatala Dist.,حي المعتلاء
10101351016,1351,1,Al Shurafa Industrial Dist.,حي صناعية الشرفا
10101351017,1351,1,Al Shurafa Dist.,حي الشرفا
10101351018,1351,1,Al Uraimah Dist.,حي ال عريمة
10101351019,1351,1,Al Zuwayra Dist.,حي الزويراء
10101351020,1351,1,Al Khalidiyah Dist.,حي الخالدية
10101351021,1351,1,Al Nuzha Dist.,حي النزهة
10101351022,1351,1,Al Aziziyah Dist.,حي العزيزية
10101351023,1351,1,Nazwa Dist.,حي نزوى
10101351024,1351,1,Al Aqiq Dist.,حي العقيق
10101351025,1351,1,As Salhiyah Dist.,حي الصالحية
10101351026,1351,1,Al Tamim Wal Salihiyyah Dist.,حي ال تميم و الصالحية
10101351027,1351,1,Military School Dist.,حي المدرسة العسكرية
10101351028,1351,1,Al Olaya Dist.,حي العليا
10101351029,1351,1,Al Hanabijah Dist.,حي الحنابجة
10101351030,1351,1,Al Wurud Dist.,حي الورود
10101351031,1351,1,Al Muatala Al Janubi Dist.,حي المعتلاء الجنوبي
10101351032,1351,1,Al Nuwayemah Dist.,حي النويعمة
10101351033,1351,1,Al Quwaiz Dist.,حي القويز
10101351034,1351,1,Al Gharbi Dist.,الحي الغربي
10101351035,1351,1,Al Mustashfa Dist.,حي المستشفي
10101361001,1361,1,Al Nakhil Dist.,حي النخيل
10101361002,1361,1,Ar Rawdah Dist.,حي الروضة
10101361003,1361,1,Ash Shifa Dist.,حي الشفاء
10101361004,1361,1,Ad Dirah Dist.,حي الديرة
10101361005,1361,1,King Abdulaziz Dist.,حي الملك عبدالعزيز
10101361006,1361,1,Az Zahrah Dist.,حي الزهرة
10103158001,3158,1,Al Madinah Al Jadidah Dist.,حي المدينة الجديدة
10103158002,3158,1,Ar Rukiyah Dist.,حي الركية
10103158003,3158,1,Al Huzaimiyah Dist.,حي الحزيمية
10103158004,3158,1,City Center,وسط المدينة
10103158005,3158,1,Al Uthmaniyah Dist.,حي العثمانية
10103158006,3158,1,As Sinaiyah Dist.,حي الصناعية
10103161001,3161,1,Al Wurud Dist.,حي الورود
10103161002,3161,1,Khudar Dist.,حي خضار
10103161003,3161,1,Al Batin Dist.,حي الباطن
10103161004,3161,1,An Nahdah Dist.,حي النهضة
10103161005,3161,1,Ash Shuaib Dist.,حي الشعيب
10103161006,3161,1,Ziyad Dist.,حي زياد
10103161007,3161,1,Al Farah Dist.,حي الفرعة
10103161008,3161,1,Al Tadamun Dist.,حي التضامن
10103161009,3161,1,Al Manar Dist.,حي المنار
10103161010,3161,1,Al Majd  Dist.,حي المجد
10103161011,3161,1,Al Masiaf Dist.,حي المصيف
10103161012,3161,1,Al Sadr Dist.,حي الصدر
10103161013,3161,1,Al Muhammadiyah Dist.,حي المحمدية
10103161014,3161,1,As Salam Dist.,حي السلام
10103161015,3161,1,Al Hilah Dist.,حي الحلة
10103165001,3165,1,Al Hilwah,الحلوة
10103165002,3165,1,Al Hazm Dist.,حي الحزم
10103174001,3174,1,King Fahd Dist.,حي الملك فهد
10103174002,3174,1,As Sahab Dist.,حي السحاب
10103174003,3174,1,As Salhiyah Dist.,حي الصالحية
10103174004,3174,1,Ad Dawair Dist.,حي الدوائر
10103174005,3174,1,Al Aziziyah Dist.,حي العزيزية
10103174006,3174,1,Al Faisaliyah Dist.,حي الفيصلية
10103174007,3174,1,Al Jufaidariyah Dist.,حي الجفيدرية
10103174008,3174,1,Ghusaiba Dist.,حي غصيبة
10103174009,3174,1,Al Mubarraz Dist.,حي المبرز
10103174010,3174,1,As Saudia Dist.,حي السعودية
10103174011,3174,1,Al Khalidiyah Dist.,حي الخالدية
10103174035,3174,1,Badai Al Hawamilah,بدائع الهواملة
10200005001,5,2,C10 Dist.,حي ج10
10200005002,5,2,Dhahiyat Al Iskan  Dist.,حي ضاحية الاسكان
10200005003,5,2,Dhahiyat Al Iskan Extension Area,منطقة إمتداد ضاحية الإسكان
10200005004,5,2,As Sail Al Kabeer  Dist.,حي السيل الكبير
10200005005,5,2,Al Huda  Dist.,حي الهدا
10200005006,5,2,Ash Shifa  Dist.,حي الشفا
10200005007,5,2,C3 Dist.,حي ج3
10200005008,5,2,C4 Dist.,حي ج4
10200005009,5,2,C5 Dist.,حي ج5
10200005010,5,2,C43 Dist.,حي ج43
10200005011,5,2,C16 Dist.,حي ج16
10200005012,5,2,C18 Dist.,حي ج18
10200005013,5,2,C11 Dist.,حي ج11
10200005014,5,2,C12 Dist.,حي ج12
10200005015,5,2,C15 Dist.,حي ج15
10200005016,5,2,C17 Dist.,حي ج17
10200005017,5,2,C22 Dist.,حي ج22
10200005018,5,2,C23 Dist.,حي ج23
10200005019,5,2,C25 Dist.,حي ج25
10200005020,5,2,C26 Dist.,حي ج26
10200005021,5,2,C28 Dist.,حي ج28
10200005022,5,2,C29 Dist.,حي ج29
10200005023,5,2,Maashi  Dist.,حي معشي
10200005024,5,2,Al Qumariyyah  Dist.,حي القمرية
10200005025,5,2,Awdah  Dist.,حي عودة
10200005026,5,2,As Salamah  Dist.,حي السلامة
10200005027,5,2,Qurwa  Dist.,حي قروى
10200005028,5,2,Al Siana Dist.,حي الصيانة
10200005029,5,2,Suq Ukadh Dist.,حي سوق عكاظ
10200005030,5,2,C21 Dist.,حي ج21
10200005031,5,2,C44 Dist.,حي ج44
10200005032,5,2,C27 Dist.,حي ج27
10200005033,5,2,Ashuhada Aljanubiyyah  Dist.,حي الشهداء الجنوبية
10200005034,5,2,Shihar  Dist.,حي شهار
10200005035,5,2,C20 Dist.,حي ج20
10200005036,5,2,Nakhab  Dist.,حي نخب
10200005037,5,2,Huwaya Ash Shamaliyyah Dist.,حي حوايا الشمالية
10200005038,5,2,Al Khalidiyah Dist.,حي الخالدية
10200005039,5,2,Masarah 1 Dist.,حي مسرة 1
10200005040,5,2,Ar Rabie Dist.,حي الربيع
10200005041,5,2,Al Salam Dist.,حي السلام
10200005042,5,2,Ar Rabwah Dist.,حي الربوة
10200005043,5,2,Huwaya Al Janoubiyah  Dist.,حي حوايا الجنوبية
10200005044,5,2,Al Qutbiyyah  Dist.,حي القطبية
10200005045,5,2,Al Aarmiah 2 Dist.,حي العارمية 2
10200005046,5,2,Al Mutarid  Dist.,حي المعترض
10200005047,5,2,Al Ruwaidaf Dist.,حي الرويدف
10200005048,5,2,Al Jawharah  Dist.,حي الجوهرة
10200005049,5,2,Qami Dist.,حي القميع
10200005050,5,2,Jabrah Dist.,حي جبرة
10200005051,5,2,Al Jafijif Dist.,حي الجفيجف
10200005052,5,2,Al Rehab Dist.,حي الرحاب
10200005053,5,2,C1 Dist.,حي ج1
10200005054,5,2,Al Halqah Al Gharbia Dist.,حي الحلقة الغربية
10200005055,5,2,C6 Dist.,حي ج6
10200005056,5,2,Al Mathnah  Dist.,حي المثناه
10200005057,5,2,Hadera  Dist.,حي الخضيرة
10200005058,5,2,C37 Dist.,حي ج37
10200005059,5,2,C35 Dist.,حي ج35
10200005060,5,2,Al Jal  Dist.,حي الجال
10200005061,5,2,As Sarur Dist.,حي السرور
10200005062,5,2,Al Naseem Dist.,حي النسيم
10200005063,5,2,Al Markazia Dist.,حي المركزية
10200005064,5,2,Ar Rayyan  Dist.,حي الريان
10200005065,5,2,Shobra  Dist.,حي شبرا
10200005066,5,2,Sharqia Dist.,حي الشرقية
10200005067,5,2,Al Aqiq  Dist.,حي العقيق
10200005068,5,2,Al Aziziyah Dist.,حي العزيزية
10200005069,5,2,Riha  Dist.,حي ريحه
10200005070,5,2,Al Washha Dist.,حي الوشحاء
10200005071,5,2,Ashuhada Alshamaliyyah  Dist.,حي الشهداء الشمالية
10200005072,5,2,C9 Dist.,حي ج9
10200005073,5,2,Air Defense Forces Dist.,حي قوات الدفاع الجوي
10200005074,5,2,Al Iskan Dist.,حي الاسكان
10200005075,5,2,Al Mudhbah Dist.,حي المضباع
10200005076,5,2,Al Wasit  Dist.,حي الواسط
10200005077,5,2,C33 Dist.,حي ج33
10200005078,5,2,An Nuzhah Dist.,حي النزهة
10200005079,5,2,C8 Dist.,حي ج8
10200005080,5,2,Al Dhabt Dist.,حي الضبط
10200005081,5,2,Al Sawaiqa Dist.,حي السويقة
10200005082,5,2,C36 Dist.,حي ج36
10200005083,5,2,Masmla Dist.,حي مثمله
10200005084,5,2,Al Huwaya Dist.,حي الحوية
10200005085,5,2,C40 Dist.,حي ج40
10200005086,5,2,C41 Dist.,حي ج41
10200005087,5,2,Akhbab Dist.,حي الاخباب
10200005088,5,2,Alqrahin Dist.,حي القراحين
10200005089,5,2,As Sadad Dist.,حي السداد
10200005090,5,2,Umm Alarad  Dist.,حي أم العراد
10200005091,5,2,Al Hadaek Dist.,حي الحدائق
10200005092,5,2,Al Sabaa  Dist.,حي أم السباع
10200005093,5,2,Al Maarid  Dist.,حي المعارض
10200005094,5,2,Ar Ruddaf Dist.,حي الردف
10200005095,5,2,C32 Dist.,حي ج32
10200005096,5,2,C30 Dist.,حي ج30
10200005097,5,2,C31 Dist.,حي ج31
10200005098,5,2,C24 Dist.,حي ج24
10200005099,5,2,Al Halqah Asharqiyyah Dist.,حي الحلقة الشرقية
10200005100,5,2,Al Qayam Al Asfal Dist.,حي القيم الأسفل
10200005101,5,2,New International Airport,المطار الدولي الجديد
10200005102,5,2,C14 Dist.,حي ج14
10200005103,5,2,C13 Dist.,حي ج13
10200005104,5,2,Al Qayam Al Aala Dist.,حي القيم الأعلى
10200005105,5,2,C7 Dist.,حي ج7
10200005106,5,2,C19 Dist.,حي ج19
10200005107,5,2,C34 Dist.,حي ج34
10200005108,5,2,Al Urj Al Asfal Dist.,حي العرج الأسفل
10200005109,5,2,New Taif University,جامعة الطائف الجديدة
10200005110,5,2,Masarah 2 Dist.,حي مسرة 2
10200005111,5,2,Al Faisaliyah Dist.,حي الفيصلية
10200005112,5,2,Al Urj Al Aala Dist.,حي العرج الأعلى
10200005113,5,2,C39 Dist.,حي ج39
10200005114,5,2,C38 Dist.,حي ج38
10200005115,5,2,Al Ghumayr Dist.,حي الغمير
10200005116,5,2,Al Aarmiah 1 Dist.,حي العارمية 1
10200005117,5,2,Al Qadirah Dist.,حي القديرة
10200005118,5,2,Sudayrah Dist.,حي سديرة
10200006001,6,2,Al Adl Dist.,حي العدل
10200006002,6,2,Ar Rawdah Dist.,حي الروضة
10200006003,6,2,Al Maabdah Dist.,حي المعابدة
10200006004,6,2,Al Khansa Dist.,حي الخنساء
10200006005,6,2,As Sulimaniyah Dist.,حي السليمانية
10200006006,6,2,Al Jummayzah Dist.,حي الجميزة
10200006007,6,2,Jabal An Nur Dist.,حي جبل النور
10200006008,6,2,Al Hindawiyah Dist.,حي الهنداوية
10200006009,6,2,Ar Rusayfah Dist.,حي الرصيفة
10200006010,6,2,Jarham Dist.,حي جرهم
10200006011,6,2,Al Khalidiyah Dist.,حي الخالدية
10200006012,6,2,Al Misfalah Dist.,حي المسفلة
10200006013,6,2,At Taqwa Dist.,حي التقوى
10200006014,6,2,Kudy Dist.,حي كدي
10200006015,6,2,Al Qararah And An Naqa Dist.,حي القرارة والنقا
10200006016,6,2,Al Haram Dist.,حي الحرم
10200006017,6,2,Harat Al Bab And Ash Shamiyah Dist.,حي حارة الباب والشامية
10200006018,6,2,At Taysir Dist.,حي التيسير
10200006019,6,2,Jarwal Dist.,حي جرول
10200006020,6,2,Al Mashair Dist.,حي المشاعر
10200006021,6,2,Al Mursalat Dist.,حي المرسلات
10200006022,6,2,Al Aziziyah Dist.,حي العزيزية
10200006023,6,2,Al Jamiah Dist.,حي الجامعة
10200006024,6,2,Al Naseem Dist.,حي النسيم
10200006025,6,2,Az Zahra Dist.,حي الزهراء
10200006026,6,2,Ad Diyafah Dist.,حي الضيافة
10200006027,6,2,Al Bibyan Dist.,حي البيبان
10200006028,6,2,Al Hujun Dist.,حي الحجون
10200006029,6,2,At Tandabawi Dist.,حي الطندباوي
10200006030,6,2,Ash Shubaikah Dist.,حي الشبيكة
10200006031,6,2,Al Hajlah Dist.,حي الهجلة
10200006032,6,2,Al Mansur Dist.,حي المنصور
10200006033,6,2,Al Kakiyah Dist.,حي الكعكية
10200006034,6,2,Ash Shawqiyah Dist.,حي الشوقية
10200006035,6,2,Al Hijrah Dist.,حي الهجرة
10200006036,6,2,Batha Quraysh Dist.,حي بطحاء قريش
10200006037,6,2,Sharai Al Mujahidin Dist.,حي شرائع المجاهدين
10200006038,6,2,Al Awali Dist.,حي العوالي
10200006039,6,2,Asharai  Dist.,حي الشرائع
10200006040,6,2,Ar Rashidiyah Dist.,حي الراشدية
10200006041,6,2,Al Khadra Dist.,حي الخضراء
10200006042,6,2,King Fahd Dist.,حي الملك فهد
10200006043,6,2,Al Ukayshiyah Dist.,حي العكيشية
10200006044,6,2,Waly Al Ahd Dist.,حي ولي العهد
10200006045,6,2,Al Andalus Dist.,حي الاندلس
10200006046,6,2,Ray Zakhir Dist.,حي ريع زاخر
10200006047,6,2,At Tanim Dist.,حي التنعيم
10200006048,6,2,Az Zahir Dist.,حي الزاهر
10200006049,6,2,Shaib Amir And Shaib Ali Dist.,حي شعب عامر وشعب علي
10200006050,6,2,Ajyad Dist.,حي اجياد
10200006051,6,2,Al Hamra Umm Al Jud Dist.,حي الحمراء وام الجود
10200006052,6,2,An Nuzhah Dist.,حي النزهة
10200006053,6,2,Al Utaybiyah Dist.,حي العتيبية
10200006054,6,2,Ar Rawabi Dist.,حي الروابي
10200006055,6,2,Al Umrah Al Jadidah Dist.,حي العمرة الجديدة
10200006056,6,2,As Salamah Dist.,حي السلامة
10200006057,6,2,Al Buhayrat Dist.,حي البحيرات
10200006058,6,2,An Nawwariyah Dist.,حي النوارية
10200006059,6,2,Ash Shuhada Dist.,حي الشهداء
10200006060,6,2,Wadi Jalil Dist.,حي وادي جليل
10200006061,6,2,Al Usaylah Dist.,حي العسيلة
10200006062,6,2,Jaranah Dist.,حي جعرانة
10200006063,6,2,Al Biyah Dist.,حي البيعة
10200006064,6,2,Al Mughams Dist.,حي المغمس
10200006065,6,2,At Tarwiyah Dist.,حي التروية
10200006066,6,2,Ash Sharia Dist.,حي الشرائع
10200006067,6,2,As Salam Dist.,حي السلام
10200006068,6,2,Al Kawthar Dist.,حي الكوثر
10200018001,18,2,Az Zomorod Dist.,حي الزمرد
10200018002,18,2,Al Loaloa Dist.,حي اللؤلؤ
10200018003,18,2,Al Yaqoot Dist.,حي الياقوت
10200018004,18,2,As Swaryee Dist.,حي الصوارى
10200018005,18,2,Al Amwaj Dist.,حي الامواج
10200018006,18,2,Ash Sheraa Dist.,حي الشراع
10200018007,18,2,Al Ferdous Dist.,حي الفردوس
10200018008,18,2,Al Falah Dist.,حي الفلاح
10200018009,18,2,Al Asalah Dist.,حي الاصالة
10200018010,18,2,Mraykh Dist.,حي مريخ
10200018011,18,2,Ash Shrouk Dist.,حي الشروق
10200018012,18,2,Al Amir Fawaz Ash Shamaly Dist.,حي الامير فواز الشمالى
10200018013,18,2,Ar Riyadh Dist.,حي الرياض
10200018014,18,2,Al Frosyah Dist.,حي الفروسية
10200018015,18,2,Ar Rahmaniyah Dist.,حي الرحمانية
10200018016,18,2,As Salhiyah Dist.,حي الصالحية
10200018017,18,2,Al Hamadaniyah Dist.,حي الحمدانية
10200018018,18,2,Ar Rayaan Dist.,حي الريان
10200018019,18,2,Um Hableen Al Gharbiyyah Dist.,حي أم حبلين الغربية
10200018020,18,2,Bryman Dist.,حي بريمان
10200018021,18,2,Al Montazah Dist.,حي المنتزة
10200018022,18,2,Ath Thaalibah Dist.,حي الثعالبة
10200018023,18,2,Al Balad Dist.,حي البلد
10200018024,18,2,Al Farouk Dist.,حي الفاروق
10200018025,18,2,Al Adel Dist.,حي العدل
10200018026,18,2,Al Hindawiyah Dist.,حي الهنداوية
10200018027,18,2,Al Mahjar Dist.,حي المحجر
10200018028,18,2,An Nahdah Dist.,حي النهضة
10200018029,18,2,Al Khalidiyah Dist.,حي الخالدية
10200018030,18,2,King Abdulaziz University,جامعة الملك عبدالعزيز
10200018031,18,2,Al Nakhil Dist.,حي النخيل
10200018032,18,2,Al Baghdadiyah Ash Sharqiyah Dist.,حي البغدادية الشرقية
10200018033,18,2,An Nazlah Ash Sharqiyah Dist.,حي النزلة الشرقية
10200018034,18,2,Al Bawadi Dist.,حي البوادي
10200018035,18,2,As Salamah Dist.,حي السلامة
10200018036,18,2,Ath Thaghr Dist.,حي الثغر
10200018037,18,2,Ash Sharafiyah Dist.,حي الشرفية
10200018038,18,2,King Faisal Naval Base,قاعدة الملك فيصل البحرية
10200018039,18,2,Ash Shefaa Dist.,حي الشفا
10200018040,18,2,As Sanabel Dist.,حي السنابل
10200018041,18,2,Al Hada Dist.,حي الهدى
10200018042,18,2,Al Tadamun Dist.,حي التضامن
10200018043,18,2,Al Karamah Dist.,حي الكرامة
10200018044,18,2,Ar Rahmah Dist.,حي الرحمة
10200018045,18,2,Al Barakah Dist.,حي البركة
10200018046,18,2,Al Masarah Dist.,حي المسرة
10200018047,18,2,Al Moulysaa Dist.,حي المليساء
10200018048,18,2,Al Qouzeen Dist.,حي القوزين
10200018049,18,2,Al Wadi Dist.,حي الوادي
10200018050,18,2,Al Fadeylah Dist.,حي الفضيلة
10200018051,18,2,At Taawun Dist.,حي التعاون
10200018052,18,2,As Sarawat Dist.,حي السروات
10200018053,18,2,Al Khomrah Dist.,حي الخمرة
10200018054,18,2,Ad Dahiah Dist.,حي الضاحية
10200018055,18,2,Al Qryniah Dist.,حي القرينية
10200018056,18,2,An Nazlah Al Yamaniyah Dist.,حي النزلة اليمانية
10200018057,18,2,Al Naseem Dist.,حي النسيم
10200018058,18,2,Al Quraiyat Dist.,حي القريات
10200018059,18,2,Ghulail Dist.,حي غليل
10200018060,18,2,Al Kandarah Dist.,حي الكندرة
10200018061,18,2,Al Ammariyah Dist.,حي العمارية
10200018062,18,2,As Sahifah Dist.,حي الصحيفة
10200018063,18,2,As Sabil Dist.,حي السبيل
10200018064,18,2,Ar Rawdah Dist.,حي الروضة
10200018065,18,2,Bani Malik Dist.,حي بنى مالك
10200018066,18,2,Al Faisaliyah Dist.,حي الفيصلية
10200018067,18,2,Al Rehab Dist.,حي الرحاب
10200018068,18,2,Al Aziziyah Dist.,حي العزيزية
10200018069,18,2,Mishrifah Dist.,حي مشرفة
10200018070,18,2,Al Wurud Dist.,حي الورود
10200018071,18,2,Al Wahah Dist.,حي الواحة
10200018072,18,2,Abruq Ar Rughamah Dist.,حي ابرق الرغامة
10200018073,18,2,As Sulaymaniyah Dist.,حي السليمانية
10200018074,18,2,As Sahil Dist.,حي الساحل
10200018075,18,2,Al Bashaer Dist.,حي البشائر
10200018076,18,2,Al Muhammadiyah Dist.,حي المحمدية
10200018077,18,2,Al Kawthar Dist.,حي الكوثر
10200018078,18,2,Taibah Dist.,حي طيبة
10200018079,18,2,An Naim Dist.,حي النعيم
10200018080,18,2,Al Basatin Dist.,حي البساتين
10200018081,18,2,Ar Rabwah Dist.,حي الربوة
10200018082,18,2,An Nuzhah Dist.,حي النزهة
10200018083,18,2,As Safa Dist.,حي الصفا
10200018084,18,2,Al Marwah Dist.,حي المروة
10200018085,18,2,As Samir Dist.,حي السامر
10200018086,18,2,Al Ajwad Dist.,حي الاجواد
10200018087,18,2,King Abdulaziz International Airport,مطار الملك عبدالعزيز الدولي
10200018088,18,2,Al Manar Dist.,حي المنار
10200018089,18,2,Industrial Area,المنطقة الصناعية
10200018090,18,2,Prince Abdul Majeed Dist.,حي الامير عبدالمجيد
10200018091,18,2,Al Waziriyah Dist.,حي الوزيريه
10200018092,18,2,Al Jawharah Dist.,حي الجوهرة
10200018093,18,2,Al Amir Fawaz Al Janouby Dist.,حي الامير فواز الجنوبى
10200018094,18,2,Al Mutanazahat Dist.,حي المتنزهات
10200018095,18,2,Al Jamiah Dist.,حي الجامعة
10200018096,18,2,Ar Rawabi Dist.,حي الروابي
10200018097,18,2,Al Fadel Dist.,حي الفضل
10200018098,18,2,Um Asalam Dist.,حي ام السلم
10200018100,18,2,Al Baghdadiyah Al Gharbiyah Dist.,حي البغدادية الغربية
10200018101,18,2,Abhur Ash Shamaliyah Dist.,حي ابحر الشمالية
10200018102,18,2,Ar Ruwais Dist.,حي الرويس
10200018103,18,2,Petromin Dist.,حي بترومين
10200018104,18,2,Al Andalus Dist.,حي الاندلس
10200018105,18,2,Abhur Al Janubiyah Dist.,حي ابحر الجنوبية
10200018106,18,2,Al Murjan Dist.,حي المرجان
10200018107,18,2,As Sororyah Dist.,حي السرورية
10200018108,18,2,Al Ajaweed Dist.,حي الاجاويد
10200018109,18,2,Ash Shati Dist.,حي الشاطئ
10200018110,18,2,Madain Al Fahd Dist.,حي مدائن الفهد
10200018111,18,2,Az Zahra Dist.,حي الزهراء
10200018112,18,2,Al Hamra Dist.,حي الحمراء
10200018113,18,2,Al Fayha Dist.,حي الفيحاء
10200018114,18,2,Bahrah Dist.,حي بحرة
10200018115,18,2,Jeddah Eslamic Seaport,ميناء جدة الاسلامي
10200018116,18,2,Al Wafa Dist.,حي الوفاء
10200018117,18,2,Al Harazat Dist.,حي الحرازات
10200018118,18,2,Al Mahamid Dist.,حي المحاميد
10200018119,18,2,3rd Industrial City,المدينة الصناعية الثالثة
10200018120,18,2,Al Fanar Dist.,حي الفنار
10200018121,18,2,Al Sahl Dist.,حي السهل
10200018122,18,2,Ad Durrah Dist.,حي الدرة
10200018123,18,2,Al Manarat Dist.,حي المنارات
10200018124,18,2,Ar Rabie Dist.,حي الربيع
10200018125,18,2,Al Hijaz Dist.,حي الحجاز
10200018126,18,2,Al Muzairah Dist.,حي المزيرعة
10200018127,18,2,Al Safwah Dist.,حي الصفوة
10200018128,18,2,Al Mustaqbal Dist.,حي المستقبل
10200018129,18,2,An Najmah Dist.,حي النجمة
10200018130,18,2,Al Qus Dist.,حي القوس
10200018131,18,2,Al Hafnah Dist.,حي الحفنة
10200018132,18,2,Al Jazirah Dist.,حي الجزيرة
10200018133,18,2,Al Shuwaidhi Dist.,حي الشويضي
10200018134,18,2,Al Sharqiyyah Dist.,حي الشرقية
10200018135,18,2,Al Ushayriyyah Dist.,حي العشيرية
10200018136,18,2,Abu Jaalah Dist.,حي أبو جعالة
10200018137,18,2,Katanah Dist.,حي كتانة
10200018138,18,2,Al Talal Dist.,حي التلال
10200018139,18,2,Ar Rimal Dist.,حي الرمال
10200018140,18,2,Al Mursi Dist.,حي المرسي
10200018141,18,2,Al Muruj Dist.,حي المروج
10200018142,18,2,Al Khalij Dist.,حي الخليج
10200018143,18,2,Al Buhayrat Dist.,حي البحيرات
10200018144,18,2,Al Mawj Dist.,حي الموج
10200018145,18,2,Al Gharbiyyah Dist.,حي الغربية
10200018146,18,2,Al Zahur Dist.,حي الزهور
10200018147,18,2,Al Hazaiyah Dist.,حي الهزاعية
10200018148,18,2,Al Asla Dist.,حي العسلاء
10200018149,18,2,Al Asla Dist.,حي العسلاء
10200018150,18,2,Dhahban Town Dist.,حي بلدة ذهبان
10200018151,18,2,Governmental,حكومي
10200018152,18,2,Al Aqiq Dist.,حي العقيق
10200018153,18,2,Al Nur Dist.,حي النور
10200018154,18,2,Industrial Dist.,حي صناعي
10200018155,18,2,Governmental,حكومي
10200018156,18,2,Al Ghadir Dist.,حي الغدير
10200018157,18,2,Al Furqan Dist.,حي الفرقان
10200018158,18,2,Tabah Dist.,حي طابة
10200018159,18,2,Al Rawasee Dist.,حي الرواسي
10200018160,18,2,Um Hableen Al Sharqiyyah Dist.,حي أم حبلين الشرقية
10200018161,18,2,Quba Dist.,حي قباء
10200018162,18,2,Al Rabiyah Dist.,حي الرابية
10200018163,18,2,Al 'Ulayya Dist.,حي العليا
10200018164,18,2,Al Budur Dist.,حي البدور
10200018165,18,2,Al Majami Dist.,حي المجامع
10200018166,18,2,Al Mursalat Dist.,حي المرسلات
10200018167,18,2,Al Athir Dist.,حي الأثير
10200018168,18,2,Industrial Dist.,حي صناعي
10200018169,18,2,Al Safhah Dist.,حي الصفحة
10200018170,18,2,Al Yusr Dist.,حي اليسر
10200018171,18,2,Al Abeer Dist.,حي العبير
10200377002,377,2,Ash Shifa Dist.,حي الشفاء
10200377003,377,2,Inkas Dist.,حي انكاس
10200377005,377,2,As Silayyib Ash Sharqi Dist.,حي الصليب الشرقي
10200377006,377,2,As Silayyib Al Gharbi Dist.,حي الصليب الغربي
10200377007,377,2,Al Marjaniyah Dist.,حي المرجانية
10200377008,377,2,Al Jud Dist.,حي الجود
10200377009,377,2,As Sabuh Dist.,حي الصبوح
10200377010,377,2,Al Farnisiyyah Ash Sharqiyyah Dist.,حي الفرنيسية الشرقية
10200377011,377,2,As Suq Dist.,حي السوق
10200377012,377,2,As Samad Dist.,حي الصمد
10200377013,377,2,Industrial Area Phase 2 And 3,المنطقة الصناعية المرحلة الثانية والثالثة
10201105001,1105,2,Al Faisaliyah Dist.,حي الفيصلية
10201105002,1105,2,Al Barqa Dist.,حي البرقاء
10201105003,1105,2,Al Aziziyah Dist.,حي العزيزية
10201105004,1105,2,Al Magharbah,المغاربة
10201105005,1105,2,Ad Duf Dist.,حي الدف
10201105006,1105,2,As Salam Dist.,حي السلام
10201105007,1105,2,Faza Dist.,حي فازع
10201105008,1105,2,Al Falaj Dist.,حي الفلج
10201105009,1105,2,At Talaah Dist.,حي الطلعة
10201105010,1105,2,Ash Shiyukh Dist.,حي الشيوخ
10201105011,1105,2,As Sadr,الصدر
10201105012,1105,2,Al Lubdah Dist.,حي اللبدة
10201105013,1105,2,Al Humayrat Dist.,حي الحميرات
10201105014,1105,2,Ar Ruwaydah Dist.,حي الروايضة
10201105015,1105,2,Gharan,غران
10201248001,1248,2,Al Khalidiyah Dist.,حي الخالدية
10201248002,1248,2,An Nasriyah Dist.,حي الناصرية
10201248003,1248,2,Ar Rawdah Dist.,حي الروضة
10201248004,1248,2,Al Hazm Dist.,حي الحزم
10201248005,1248,2,An Nuzhah Dist.,حي النزهة
10201248006,1248,2,Al Hadiqah Dist.,حي الحديقة
10201248007,1248,2,Al Faisaliyah Dist.,حي الفيصلية
10201248008,1248,2,Al Muhammadiyah Dist.,حي المحمدية
10201248009,1248,2,As Suq Al Qadim Dist.,حي السوق القديم
10201248010,1248,2,Al Harthiyah Dist.,حي الحارثية
10201248011,1248,2,Al Hijrah Dist.,حي الهجرة
10201248012,1248,2,Ad Daghmiyah Dist.,حي الدغمية
10201257001,1257,2,Al Naseem Dist.,حي النسيم
10201257002,1257,2,Al Safa Dist.,حي الصفاء
10201257003,1257,2,Al Aziziyah Dist.,حي العزيزية
10201257004,1257,2,An Naqabah Dist.,حي النقابة
10201257005,1257,2,As Salamah Dist.,حي السلامة
10201257006,1257,2,Abu Shuayb Dist.,حي أبو شعيب
10201257007,1257,2,Al Nakhil Dist.,حي النخيل
10201257008,1257,2,Al Khalidiyah Dist.,حي الخالدية
10201257009,1257,2,Al Faisaliyah Dist.,حي الفيصلية
10201257010,1257,2,Sedr Dist.,حي سدر
10201257011,1257,2,Ghaziyyat Dist.,حي غزيات
10201257012,1257,2,Abu Urwah Dist.,حي أبو عروة
10201257013,1257,2,Ayn Shams Dist.,حي عين شمس
10201257014,1257,2,Ash Shuhada Dist.,حي الشهداء
10201390001,1390,2,No 7 Dist.,حي رقم 7
10201390002,1390,2,C 1 Dist.,حي ج1
10201390003,1390,2,No 3 Dist.,حي رقم 3
10201390004,1390,2,No 5 Dist.,حي رقم 5
10201390005,1390,2,No 4 Dist.,حي رقم 4
10201390006,1390,2,No 2 Dist.,حي رقم 2
10201390007,1390,2,No 9 Dist.,حي رقم 9
10201390008,1390,2,No 1 Dist.,حي رقم 1
10201390009,1390,2,No 8 Dist.,حي رقم 8
10201390010,1390,2,No10 Dist.,حي رقم 10
10201390011,1390,2,No 6 Dist.,حي رقم 6
10201625001,1625,2,Ash Sharqiyyah Dist.,حي الشرقية
10201625002,1625,2,Al Khalidiyah Dist.,حي الخالدية
10201625003,1625,2,An Naimiyah Dist.,حي الناعمية
10201625004,1625,2,Al Azhar Dist.,حي الازهار
10201625005,1625,2,Al Gharbi Dist.,حي الغربي
10201625006,1625,2,Ar Ratibah Dist.,حي الرتبة
10201625007,1625,2,Ash Shamiyah Dist.,حي الشامية
10201628001,1628,2,Al Qawz Dist.,حي القوز
10201879001,1879,2,Thuwal Dist.,حي ثول
10201879002,1879,2,King Abdullah University Of Science And Technology,جامعة الملك عبدالله للعلوم والتقنية
10202156001,2156,2,As Salam Dist.,حي السلام
10202156002,2156,2,Munif Dist.,حي منيف
10202156003,2156,2,Al Allawah Dist.,حي العلاوة
10202156004,2156,2,Al Balad Dist.,حي البلد
10202156005,2156,2,Kara As Sardi Dist.,حي كرا السردي
10202156006,2156,2,Al Khalidiyah Dist.,حي الخالدية
10202156007,2156,2,As Suq Dist.,حي السوق
10202800001,2800,2,Al Wurud Dist.,حي الورود
10202800002,2800,2,Al Judr Dist.,حي الجدر
10202800003,2800,2,Al Hazm Dist.,حي الحزم
10202800004,2800,2,Milhi Dist.,حي ملهي
10202800005,2800,2,Al Aghar Dist.,حي الأغر
10202800006,2800,2,Kuaykib Dist.,حي كويكب
10202800007,2800,2,Al Waziran Dist.,حي الوزران
10202800008,2800,2,Al Daika Dist.,حي الدعيكة
10202800009,2800,2,Al Juzu Al Shamali Dist.,حي الجزء الشمالي
10202800010,2800,2,Al Mulha 1 Dist.,حي الملحة 1
10202800011,2800,2,Al Natouf Dist.,حى النطوف
10202800012,2800,2,Al Burouj Dist.,حي البروج
10202800013,2800,2,Al Silm Dist.,حي السلم
10202800014,2800,2,Al Silm Al Qadim Dist.,حى السلم القديم
10202800015,2800,2,Al Nuzha Dist.,حي النزهة
10202800016,2800,2,As Suq Al Qadim Dist.,حي السوق القديم
10202800017,2800,2,Al Judr Al Gharbi Dist.,حي الجدر الغربي
10202800018,2800,2,Al Mulha 2 Dist,حي الملحة 2
10202800019,2800,2,Al Aziziyah Dist.,حي العزيزية
10202800020,2800,2,As Salhiyah Dist.,حي الصالحية
10202800021,2800,2,Al Judr Al Sharqi Dist.,حي الجدر الشرقي
10203666001,3666,2,Bay La Sun Dist.,حي البيلسان
10203666002,3666,2,Nursun Dist.,حي نورسان
10203666003,3666,2,Murooj Dist.,حي المروج
10203666004,3666,2,Murjan Dist.,حي المرجان
10203666005,3666,2,Juman Dist.,حي جمان
10203666006,3666,2,Limas Dist.,حي ليماس
10203666007,3666,2,Reetan Dist.,حي ريتان
10203666008,3666,2,At Talal Dist.,حي التلال
10203666009,3666,2,Mashreq Dist.,حي المشرق
10203666010,3666,2,Hejaz Dist.,حي الحجاز
10203666011,3666,2,Dana Dist.,حي الدانة
10203666012,3666,2,Maysan Dist.,حي ميسان
10203666013,3666,2,Entaj Dist.,حي الإنتاج
10203666014,3666,2,Tanmiyah Dist.,حي التنمية
10203666015,3666,2,Hareer Dist.,حي الحرير
10203666016,3666,2,Mustaqbal Dist.,حي المستقبل
10203666017,3666,2,Ofoq Dist.,حي الأفق
10203666018,3666,2,Raseel Dist.,حي رسيل
10203666019,3666,2,Lagoon Preserved Area,منطقة البحيرة المحمية
10203666020,3666,2,King Abdullah Port Dist.,حي ميناء الملك عبد الله
10203666021,3666,2,Ruwad Dist.,حي الرواد
10203666022,3666,2,Talah Dist.,حي التالة
10203666023,3666,2,Al Wurud Dist.,حي الورود
10223642001,23642,2,Al Sabghan Dist.,حي الصبغان
10223642002,23642,2,Ghalil Dist.,حي غليل
10223642003,23642,2,Nimra Al Mukhatat Dist.,حي نمره المخطط
10223642004,23642,2,Al Mabna Al Shamali Dist.,حي المبنى الشمالي
10223642005,23642,2,Al Bark Dist.,حي البارك
10223642006,23642,2,Al Madarat Subdivision Plan,مخطط المدارات
10223642007,23642,2,Bani Suhaym Dist.,حي بني سهيم
10223642008,23642,2,Al Dhanbh Dist.,حي الذنبه
10223642009,23642,2,Janub Nimrah Dist.,مخطط جنوب نمره
10223642010,23642,2,Al Mabna Al Janubi Dist.,حي المبنى الجنوبي
10223642011,23642,2,Al Mustashfi Dist.,حي المستشفي
10300014001,14,3,Khakh Dist.,حي خاخ
10300014002,14,3,As Sakb Dist.,حي السكب
10300014003,14,3,Al Jassah Dist.,حي الجصة
10300014004,14,3,Raht Dist.,حي رهط
10300014005,14,3,Bani Bayadah Dist.,حي بني بياضة
10300014006,14,3,Nubala Dist.,حي نبلاء
10300014007,14,3,Ash Shahba Dist.,حي الشهباء
10300014008,14,3,Ar Rumanah Dist.,حي الرمانة
10300014009,14,3,Abu Kabir Dist.,حي ابو كبير
10300014010,14,3,Al Gharra Dist.,حي الغراء
10300014011,14,3,As Sad Dist.,حي السد
10300014012,14,3,Al Jabirah Dist.,حي الجابرة
10300014013,14,3,Ar Ranuna Dist.,حي الرانوناء
10300014014,14,3,Al Hadiqah Dist.,حي الحديقة
10300014015,14,3,Abu Burayqa Dist.,حي ابو بريقاء
10300014016,14,3,Ar Rawabi Dist.,حي الروابي
10300014017,14,3,Al Qaswa Dist.,حي القصواء
10300014018,14,3,Al Usbah Dist.,حي العصبة
10300014019,14,3,Al Khatim Dist.,حي الخاتم
10300014020,14,3,Al Aziziyah Dist.,حي العزيزية
10300014021,14,3,Al Ihn Dist.,حي العهن
10300014022,14,3,Dhu Al Hulayfah Dist.,حي ذو الحليفة
10300014023,14,3,Wadi Mahzur Dist.,حي وادي مهزور
10300014024,14,3,Ad Duwaimah Dist.,حي الدويمة
10300014025,14,3,Wadi Mudhainib Dist.,حي وادي مذينب
10300014026,14,3,Ayn Al Khif Dist.,حي عين الخيف
10300014027,14,3,Urwah Dist.,حي عروة
10300014028,14,3,Al Dhahirah Dist.,حي الظاهرة
10300014029,14,3,Ash Shuraybat Dist.,حي الشريبات
10300014030,14,3,Jima Um Khalid Dist.,حي جماء أم خالد
10300014031,14,3,Al Jumah Dist.,حي الجمعة
10300014032,14,3,Al Mughaisilah Dist.,حي المغيسلة
10300014033,14,3,Qurban Dist.,حي قربان
10300014034,14,3,Ad Difa Dist.,حي الدفاع
10300014035,14,3,Sikkah Al Hadid Dist.,حي سكة الحديد
10300014036,14,3,Hura Al Wabra Dist.,حى حرة الوبرة
10300014037,14,3,Al Usayfirin Dist.,حي الاصيفرين
10300014038,14,3,An Naqa Dist.,حي النقاء
10300014039,14,3,Bani Dhafir Dist.,حي بني ظفر
10300014040,14,3,Al Iskan Dist.,حي الاسكان
10300014041,14,3,Al Khalidiyah Dist.,حي الخالدية
10300014042,14,3,Al Jamawat Dist.,حي الجماوات
10300014043,14,3,Al Manakhah Dist.,حي المناخة
10300014044,14,3,Badhaah Dist.,حي بضاعة
10300014045,14,3,Josham Dist.,حي جشم
10300014046,14,3,Al Hadra Dist.,حي الهدراء
10300014047,14,3,As Sih Dist.,حي السيح
10300014048,14,3,Al Masani Dist.,حي المصانع
10300014049,14,3,Al Qiblatayn Dist.,حي القبلتين
10300014050,14,3,As Salam Dist.,حي السلام
10300014052,14,3,Al Mabuth Dist.,حي المبعوث
10300014053,14,3,Al Jamiah Dist.,حي الجامعة
10300014054,14,3,Bani Harithah Dist.,حي بني حارثة
10300014055,14,3,Bir Uthman Dist.,حي بئر عثمان
10300014056,14,3,Shidhat Dist.,حي شظاة
10300014057,14,3,Taibah Dist.,حي طيبة
10300014058,14,3,Al Talaah Dist.,حي التلعة
10300014059,14,3,King Fahd Dist.,حي الملك فهد
10300014061,14,3,Al Barakah Dist.,حي البركة
10300014062,14,3,Al Eyun Dist.,حي العيون
10300014063,14,3,Ad Dar Dist.,حي الدار
10300014064,14,3,Al Nakhil Dist.,حي النخيل
10300014065,14,3,Az Zahrah Dist.,حي الزهرة
10300014066,14,3,Al Hafya Dist.,حي الحفيا
10300014067,14,3,Al Balqa Dist.,حي البلقاء
10300014068,14,3,Kittanah Dist.,حي كتانة
10300014069,14,3,As Sadiqiyah Dist.,حي الصادقية
10300014070,14,3,Al Ghabah Dist.,حي الغابة
10300014072,14,3,Wairah Dist.,حي وعيرة
10300014073,14,3,Al Matar Dist.,حي المطار
10300014074,14,3,Al Ariydh Dist.,حي العريض
10300014075,14,3,Al Anabis Dist.,حي العنابس
10300014076,14,3,Al Fath Dist.,حي الفتح
10300014077,14,3,Ar Rayah Dist.,حي الراية
10300014078,14,3,Masjid Ad Dara Dist.,حي مسجد الدرع
10300014079,14,3,As Suqya Dist.,حي السقيا
10300014082,14,3,Jabal Ayr Dist.,حي جبل عير
10300014083,14,3,Ash Shafiyah Dist.,حي الشافية
10300014084,14,3,Ash Shuhada Dist.,حي الشهداء
10300014085,14,3,Jabal Uhud Dist.,حي جبل احد
10300014086,14,3,Bani Khidrah Dist.,حي بني خدرة
10300014087,14,3,Bani Abdul Ashhal Dist.,حي بني عبدالاشهل
10300014088,14,3,Bani Muawiyah Dist.,حي بني معاوية
10300014090,14,3,Warqan Dist.,حي ورقان
10300014091,14,3,Shuran Dist.,حي شوران
10300014092,14,3,Industrial Dist.,حي الصناعية
10300014093,14,3,Ad Duwaikhilah Dist.,حي الدويخلة
10300014094,14,3,Al Aqoul Dist.,حي العاقول
10300014095,14,3,Wadi Al Battan Dist.,حي وادي البطان
10300014096,14,3,Al Mulaylih Dist.,حي المليليح
10300014097,14,3,Al Anahi Dist.,حي الاناهي
10300014098,14,3,Wadi  Al Hamdh Dist.,حي وادي الحمض
10300014099,14,3,Al Khadhra Dist.,حى الخضراء
10300014100,14,3,Abumarkha Dist.,حي ابومرخة
10300014101,14,3,Al Sahluj Dist.,حى الصهلوج
10300014102,14,3,Al Masbah Dist.,حي المسبعة
10300014103,14,3,Al Dhamiria Dist.,حي الضميرية
10300014104,14,3,Dhaea Dist.,حي ضعة
10300014105,14,3,Um Al Seouf Dist.,حي ام السيوف
10300014106,14,3,Ghorab Dist.,حي غراب
10300014107,14,3,Hadhawda Dist.,حى حضوضاء
10300014108,14,3,Al Sharayie Dist.,حي الشرائع
10300014109,14,3,Al Sahwa Dist.,حى الصهوة
10300014110,14,3,Al Mundasa Dist.,حي المندسة
10300014111,14,3,Qubeiba Dist.,حى القبيبة
10300014112,14,3,Al Muzayiyn Dist.,حي المزيين
10300014113,14,3,Bani Al Najjar Dist.,حى بني النجار
10300014114,14,3,Hazrat Al Janoub Dist.,حي حزرة الجنوب
10300014115,14,3,Abu Sidr Dist.,حى ابو سدر
10300014116,14,3,Sad Al Ghaba Dist.,حى سد الغابة
10300014117,14,3,Al Hisa Dist.,حى الحساء
10300014118,14,3,Industrial City Dist.,حي المدينة الصناعية
10300014119,14,3,Al Mafrahat Dist.,حى المفرحات
10300014120,14,3,As Suwaydra Dist.,حي الصويدرة
10300014121,14,3,Abyar Al Mashi Dist.,حي ابيار الماشي
10300014122,14,3,Al Furaysh Dist.,حي الفريش
10300014123,14,3,An Ngma Dist.,حي الـنقـمى
10300014124,14,3,Al Haram  Al Sharif,الحرم الشريف
10300199001,199,3,Al Aziziyah Dist.,حي العزيزية
10300199002,199,3,As Sukhayrat Dist.,حي الصخيرات
10300199003,199,3,Al Ruzayqiyah Dist.,حي الرزيقية
10300199004,199,3,Al Mahash Dist.,حي المحاش
10300199005,199,3,As Salam Dist.,حي السلام
10300199006,199,3,Sadr Al Gharbaiyah Dist.,حي صدر الغربية
10300199007,199,3,Saq Dist.,حي ساق
10300199008,199,3,Al Jadidah Dist.,حي الجديدة
10300288001,288,3,Al Khalidiyah Dist.,حي الخالدية
10300288002,288,3,Al Faisaliyah Dist.,حي الفيصلية
10300288003,288,3,Ar Rawdah Dist.,حي الروضة
10300288004,288,3,Sultanah Dist.,حي سلطانة
10300288005,288,3,Al Aziziyah Dist.,حي العزيزية
10300288006,288,3,Al Ghazwah Dist.,حى الغزوة
10300360001,360,3,Al Muntazahat Dist.,حي المنتزهات
10300360002,360,3,Al Wadi Dist.,حي الوادى
10300360003,360,3,Al Wurud Dist.,حي الورود
10300360004,360,3,Al Naseem Dist.,حي النسيم
10300360005,360,3,C5 Dist.,حي ج5
10300360006,360,3,Ar Riyadh Dist.,حي الرياض
10300360007,360,3,Al Lujain Dist.,حي اللجين
10300360008,360,3,As Safa Dist.,حي الصفا
10300360009,360,3,C3 Dist.,حي ج3
10300360010,360,3,C4 Dist.,حي ج4
10300360011,360,3,Ash Shifa  Dist.,حي الشفا
10300360012,360,3,Al Faisaliyah Dist.,حي الفيصلية
10300360013,360,3,Ash Shuruq Dist.,حي الشروق
10300360014,360,3,An Nahdah Dist.,حي النهضة
10300360015,360,3,Ar Rawdah Dist.,حي الروضة
10300360016,360,3,Ar Rawabi Dist.,حي الروابى
10300360017,360,3,As Samir Dist.,حي السامر
10300360018,360,3,Al Khalidiyah Dist.,حي الخالدية
10300360019,360,3,Al Alam Dist.,حي العلم
10300360020,360,3,C1 Dist.,حي ج1
10300360021,360,3,Al Dhahab Dist.,حي الذهب
10300483001,483,3,Al Yaqut Dist.,حي الياقوت
10300483002,483,3,Al Murjan Dist.,حي المرجان
10300483003,483,3,Al Biqa Dist.,حي البقاع
10300483004,483,3,Al Rehab Dist.,حي الرحاب
10300483005,483,3,Al Naim Dist.,حي النعيم
10300483006,483,3,Al Izdihar Dist.,حي الازدهار
10300483007,483,3,Al Yasmin Dist.,حي الياسمين
10300483008,483,3,Al Doha Dist.,حي الدوحة
10300483009,483,3,Al Falah Dist.,حي الفلاح
10300483010,483,3,Al Masif Dist.,حي المصيف
10300483011,483,3,Al Rimal Dist.,حي الرمال
10300483012,483,3,Al Aziziyah Dist.,حي العزيزية
10300483013,483,3,Al Yarmuk Dist.,حي اليرموك
10300483014,483,3,Al Urubah Dist.,حي العروبة
10300483015,483,3,Al Nuzhah Dist.,حي النزهة
10300483016,483,3,Al Jar Dist.,حي الجار
10300483017,483,3,Al Dabab Dist.,حي الضباب
10300483018,483,3,Al Manar Dist.,حي المنار
10300483019,483,3,Al Luluah Dist.,حي اللؤلؤة
10300483020,483,3,Al Jamiah Dist.,حي الجامعة
10300483021,483,3,Al Mursi Dist.,حي المرسي
10300483022,483,3,Al Khaleej Dist.,حي الخليج
10300483023,483,3,Al Salam Dist.,حي السلام
10300483024,483,3,Al Bandar Dist.,حي البندر
10300483025,483,3,Al Amarah Dist.,حي الامارة
10300483026,483,3,Al Zuhur Dist.,حي الزهور
10300483027,483,3,Al Sholah Dist.,حي الشعلة
10300483028,483,3,National Guard,الحرس الوطني
10300483029,483,3,Al Talal Dist.,حي التلال
10300483030,483,3,Ar Rabie Dist.,حي الربيع
10300483031,483,3,Al Nakheel Dist.,حي النخيل
10300483032,483,3,Al Naseem Dist.,حي النسيم
10300483033,483,3,Qurtubah Dist.,حي قرطبة
10300483034,483,3,Al Usayli Dist.,حي العصيلي
10300483035,483,3,Ar Rabwah Dist.,حي الربوة
10300483036,483,3,Al Sumayri Dist.,حي السميري
10300483037,483,3,Al Wurud Dist.,حي الورود
10300483038,483,3,Al Ferdous Dist.,حي الفردوس
10300483039,483,3,Mishrifah Dist.,حي مشرفة
10300483040,483,3,Al Jabriyah Dist.,حي الجابرية
10300483041,483,3,Al Aqiq Dist.,حي العقيق
10300483042,483,3,Al Wahah Dist.,حي الواحة
10300483043,483,3,Al Muruj Dist.,حي المروج
10300483044,483,3,Al Nahdah Dist.,حي النهضة
10300483045,483,3,Al Hawra Dist.,حي الحوراء
10300483046,483,3,Al Suraif Dist.,حي الصريف
10300483047,483,3,Yanbu Al Balad Dist.,حي ينبع البلد
10300483048,483,3,Al Buhayrah Dist.,حي البحيرة
10300483049,483,3,Al Hadaek Dist.,حي الحدائق
10300483050,483,3,Al Majd Dist.,حي المجد
10300483051,483,3,Al Safa Dist.,حي الصفا
10300483052,483,3,Ghirnatah Dist.,حي غرناطة
10300483053,483,3,Al Dana Dist.,حي الدانة
10300483054,483,3,Al Rabiyah Dist.,حي الرابية
10300483055,483,3,Al Ghadir Dist.,حي الغدير
10300483056,483,3,Airport,حى المطار
10300483057,483,3,Al Shifa Dist.,حي الشفا
10300483058,483,3,Al Rawabi Dist.,حي الروابي
10300483059,483,3,Al Qadisiyah Dist.,حي القادسية
10300483060,483,3,Al Fayha Dist.,حي الفيحاء
10300483061,483,3,Bonded And Reexport Zone,منطقة الايداع واعادة التصنيع
10300483062,483,3,Al Asheyrah Dist.,حي العشيرة
10300483063,483,3,Al Bathnah Dist.,حي البثنة
10300483064,483,3,Industrial Area,المنطقة الصناعية
10300483065,483,3,An Nujayl Dist.,حي النجيل
10300483066,483,3,Al Marwah Dist.,حي المروة
10300483067,483,3,Al Rawdah Dist.,حي الروضة
10300483068,483,3,Al Rayyan Dist.,حي الريان
10300483069,483,3,Al Sawaiq Dist.,حي السويق
10300483070,483,3,Radwa Dist.,حى رضوى
10300483071,483,3,Al Shati Dist.,حي الشاطئ
10300777001,777,3,Industrial Area,المنطقة الصناعية
10301053001,1053,3,Ar Rawdah Dist.,حي الروضة
10301053002,1053,3,Al Ghazwah Dist.,حي الغزوة
10301053003,1053,3,Al Adwah Dist.,حي العدوة
10301053004,1053,3,Al Ghuzlani Dist.,حي الغزلاني
10301053005,1053,3,Idman Dist.,حي ادمان
10301053006,1053,3,Al Jadid Dist.,حي الجديد
10301053007,1053,3,Ash Shuhada Dist.,حي الشهداء
10309605001,9605,3,Al Jabriyah Dist.,حي الجابرية
10309605002,9605,3,Al Yasmin Dist.,حي الياسمين
10309605003,9605,3,Al Zahur Dist.,حي الزهور
10309605004,9605,3,Al Muruj Dist.,حي المروج
10309605005,9605,3,Al Mushayrif Dist.,حي المشيريف
10309605006,9605,3,Al Oyoun Dist.,حي العيون
10309605007,9605,3,Al Nakhil Dist.,حي النخيل
10309605008,9605,3,Al Wurud Dist.,حي الورود
10309605009,9605,3,Al Basatin Dist.,حي البساتين
10309605010,9605,3,Al Aziziyah Dist.,حي العزيزية
10309605011,9605,3,Al Mihan Dist.,حي المهن
10309605012,9605,3,Al Nawah Dist.,حي النواة
10309605013,9605,3,Radwa Dist.,حي رضوى
10309605014,9605,3,Ayn Al Nawa Dist.,حي عين النوى
10309605015,9605,3,Al Fahd Dist.,حي الفهد
10309605016,9605,3,Light Industrial Park,منطقة الصناعات الخفيفة
10309605017,9605,3,Al Sawari Dist.,حي الصواري
10309605018,9605,3,Al Sumayri Dist.,حي السميري
10309605019,9605,3,Al Faisal Dist.,حي الفيصل
10309605020,9605,3,Al Khalid Dist.,حي الخالد
10309605021,9605,3,Al Jar Dist.,حي الجار
10309605022,9605,3,Al Bathnah Dist.,حي البثنة
10309605023,9605,3,Al Subh Dist.,حي الصبح
10309605024,9605,3,Al Nahdah Dist.,حي النهضة
10309605025,9605,3,Industrial Area,المنطقة الصناعية
10309605026,9605,3,Al Rawdah Dist.,حي الروضة
10309605027,9605,3,Al Naseem Dist.,حي النسيم
10309605028,9605,3,Sea Front,الواجهة البحرية
10309605029,9605,3,Al Salmaniyah Dist.,حي السلمانية
10400011001,11,4,Al Yarmouk Dist.,حي اليرموك
10400011002,11,4,Ar Rimal Dist.,حي الرمال
10400011003,11,4,Al Marwah Dist.,حي المروة
10400011004,11,4,Al Khudar Dist.,حي الخضر
10400011005,11,4,Al Lusayb Dist.,حي اللسيب
10400011006,11,4,Al Nur Dist.,حي النور
10400011007,11,4,Rawaq Dist.,حي رواق
10400011008,11,4,Al Qusayah Dist.,حي القصيعة
10400011009,11,4,Al Ghadir Dist.,حي الغدير
10400011010,11,4,Al Muruj Dist.,حي المروج
10400011011,11,4,As Salmiya Dist.,حي السالمية
10400011012,11,4,Al Rawabi Dist.,حي الروابي
10400011013,11,4,Huwailan Dist.,حي حويلان
10400011014,11,4,As Sabbakh Dist.,حي الصباخ
10400011015,11,4,Wasit Dist.,حي واسط
10400011016,11,4,Khudayra Dist.,حي خضيراء
10400011017,11,4,As Salam Dist.,حي السلام
10400011018,11,4,Al Janub Dist.,حي الجنوب
10400011019,11,4,Al Khalij Dist.,حي الخليج
10400011020,11,4,Ad Dahi Dist.,حي الضاحي
10400011021,11,4,Khub Al Buraydi Dist.,حي خب البريدي
10400011022,11,4,As Sadah Dist.,حي السادة
10400011023,11,4,Al Uraymdi Dist.,حي العريمضي
10400011024,11,4,Al Hilal Dist.,حي الهلال
10400011025,11,4,Al Ujaybah Dist.,حي العجيبة
10400011026,11,4,Al Basatin Dist.,حي البساتين
10400011027,11,4,Al Naseem Dist.,حي النسيم
10400011028,11,4,Al Mawta Dist.,حي الموطا
10400011029,11,4,At Taalim Dist.,حي التعليم
10400011030,11,4,Al Jardah Dist.,حي الجردة
10400011031,11,4,As Salhiyah Dist.,حي الصالحية
10400011032,11,4,Al Muraydisiyyah Dist.,حي المريديسية
10400011033,11,4,Al Shorouq Dist.,حي الشروق
10400011034,11,4,Khub Ath Thanyan Dist.,حي خب الثنيان
10400011035,11,4,Ash Shammas Dist.,حي الشماس
10400011036,11,4,Al Qadisiyah Dist.,حي القادسية
10400011037,11,4,As Safa Dist.,حي الصفا
10400011038,11,4,Al Khabib Dist.,حي الخبيب
10400011039,11,4,Al Marqab Dist.,حي المرقب
10400011040,11,4,Ar Rabie Dist.,حي الربيع
10400011041,11,4,Ar Rafiah Dist.,حي الرفيعة
10400011042,11,4,Az Zarqa Dist.,حي الزرقاء
10400011043,11,4,Al Humar Dist.,حي الحمر
10400011044,11,4,Ash Shafaq Dist.,حي الشفق
10400011045,11,4,Al Qaa Al Barid Dist.,حي القاع البارد
10400011046,11,4,Al Manar Dist.,حي المنار
10400011047,11,4,Al Wusayta Dist.,حي الوسيطا
10400011048,11,4,Ar Rabwah Dist.,حي الربوة
10400011049,11,4,Al Muntazah Dist.,حي المنتزه
10400011050,11,4,As Safra Dist.,حي الصفراء
10400011051,11,4,An Naqa Dist.,حي النقع
10400011052,11,4,Al Fayziyah Dist.,حي الفايزية
10400011053,11,4,Al Nakhil Dist.,حي النخيل
10400011054,11,4,Ar Rawdah Dist.,حي الروضه
10400011055,11,4,An Nafl Dist.,حي النفل
10400011056,11,4,Al Iskan Dist.,حي الإسكان
10400011057,11,4,Al Akhdar Dist.,حي الأخضر
10400011058,11,4,Ash Shiqah Dist.,حي الشقة
10400011059,11,4,Ar Rabiyah Dist.,حي الرابية
10400011060,11,4,Ar Rayyan Dist.,حي الريان
10400011061,11,4,An Nahdah Dist.,حي النهضة
10400011062,11,4,Al Ufuq Dist.,حي الافق
10400011063,11,4,Al Wurud Dist.,حي الورود
10400011064,11,4,Al Khuzama Dist.,حي الخزامى
10400011065,11,4,Al Jazirah Dist.,حي الجزيرة
10400011066,11,4,Al Rehab Dist.,حي الرحاب
10400011067,11,4,Al Hazm Dist.,حي الحزم
10400011068,11,4,Al Farouq Dist.,حي الفاروق
10400011069,11,4,At Tashlih Dist.,حي التشليح
10400080001,80,4,Hiteen Dist.,حي حطين
10400080002,80,4,Snam Dist.,حي سنام
10400080003,80,4,Ar Rawdah Dist.,حي الروضة
10400080004,80,4,Ad Dawhah Dist.,حي الدوحة
10400080005,80,4,Al Hajeb Dist.,حي الحاجب
10400080006,80,4,Ar Rimal Dist.,حي الرمال
10400080007,80,4,Al Hufayrah Dist.,حي الحفيرة
10400080008,80,4,As Safa Dist.,حي الصفا
10400080009,80,4,King Khalid Dist.,حي الملك خالد
10400080010,80,4,King Fahd Dist.,حي الملك فهد
10400080011,80,4,Ar Riyadi Dist.,حي الرياضى
10400080012,80,4,Al Qirawan Dist.,حي القيروان
10400080013,80,4,Ghirnatah Dist.,حي غرناطة
10400080014,80,4,Qurtubah Dist.,حي قرطبة
10400080015,80,4,Al Aqiq Dist.,حي العقيق
10400080016,80,4,Ash Shifa Dist.,حي الشفاء
10400080017,80,4,Al Matar Dist.,حي المطار
10400080018,80,4,As Sulimaniyah Dist.,حي السليمانية
10400080019,80,4,Al Wusta Dist.,حي الوسطى
10400080020,80,4,2nd Industrial Area,المنطقة الصناعية الثانية
10400080021,80,4,1st Industrial Area,المنطقة الصناعية الاولى
10400080022,80,4,Al Khalij Dist.,حي الخليج
10400080023,80,4,Warehouse Dist.,حي المستودعات
10400080024,80,4,Al Hadaa Dist.,حي الهداء
10400080025,80,4,As Salhiyah Dist.,حي الصالحية
10400080026,80,4,Al Muntazah Dist.,حي المنتزة
10400080027,80,4,Al Yarmuk Dist.,حي اليرموك
10400080028,80,4,Al Naseem Dist.,حي النسيم
10400080029,80,4,Ar Rahmaniyah Dist.,حي الرحمانية
10400080030,80,4,Damshiah Dist.,حي دمشية
10400080031,80,4,Al Muhammadiyah Dist.,حي المحمدية
10400080032,80,4,Al Absiah Dist.,حي العبسة
10400080033,80,4,Badr Dist.,حي بدر
10400080034,80,4,Al Wahlan Dist.,حي الوهلان
10400080035,80,4,Mlihah Dist.,حي مليحة
10400080036,80,4,Marbidah Dist.,حي مربيدة
10400080037,80,4,Al Olaya Dist.,حي العليا
10400080038,80,4,City Center,وسط المدينة
10400080039,80,4,Ar Rayan Dist.,حي الريان
10400080040,80,4,Al Fakhriyah Dist.,حي الفاخرية
10400080041,80,4,An Nuqailiah Dist.,حي النقيلية
10400080042,80,4,As Suhaymiyyah Dist.,حي السحيمية
10400080043,80,4,Al Badiah Dist.,حي البديعة
10400080044,80,4,As Salam Dist.,حي السلام
10400080045,80,4,Ishbiliyah Dist.,حي اشبيلية
10400080046,80,4,Al Awniyah Dist.,حي العونية
10400080047,80,4,Al Hamra Dist.,حي الحمراء
10400080048,80,4,Al Fayha Dist.,حي الفيحاء
10400080050,80,4,Al Jamie Dist.,حي الجامعي
10400080051,80,4,Al Muruj Dist.,حي المروج
10400080052,80,4,Al Yamamah Dist.,حي اليمامة
10400080053,80,4,Al Qadisiyah Dist.,حي القادسية
10400080054,80,4,Al Manar Dist.,حي المنار
10400080055,80,4,Al Ashrafiyah Dist.,حي الاشرفية
10400080056,80,4,Al Khuzama Dist.,حي الخزامى
10400080057,80,4,Ar Rawghani Dist.,حي الروغاني
10400080058,80,4,Az Zahra Dist.,حي الزهراء
10400080059,80,4,As Safraa Dist.,حي الصفراء
10400080060,80,4,Al Mubarkiah Dist.,حي المباركية
10400080061,80,4,Al Mudwiah Dist.,حي المدوية
10400080062,80,4,Al Yarmuk Dist.,حي اليرموك
10400080063,80,4,An Nadheem Dist.,حي النظيم
10400080064,80,4,At Tahliyah Dist.,حي التحلية
10400080065,80,4,Al Jazirah Dist.,حي الجزيرة
10400080066,80,4,Al Bustan Dist.,حي البستان
10400080067,80,4,Al Wafa Dist.,حي الوفاء
10400080068,80,4,Az Zahir Dist.,حي الزاهر
10400080069,80,4,Al Wahah Dist.,حي الواحة
10400080070,80,4,Suq Al Mashiya Dist.,حي سوق الماشية
10400080071,80,4,Al Jaldah Dist.,حي الجلده
10400080072,80,4,An Nada Dist.,حي الندى
10400080073,80,4,Rabwat Al Hajeb Dist.,حي ربوة الحاجب
10400080074,80,4,Al Kada Dist.,حي الغضا
10400080075,80,4,Ash Shuaib Dist.,حي الشعيب
10400080076,80,4,Al Buaiten Dist.,حي البويطن
10400080077,80,4,An Narjis Dist.,حي النرجس
10400080078,80,4,Uqaz Dist.,حي عكاظ
10400080079,80,4,An Nofoad Dist.,حي النفود
10400080080,80,4,Al Wadi Dist.,حي الوادي
10400080081,80,4,Al Qusor Dist.,حي القصور
10400080082,80,4,Al Hadiqah Dist.,حي الحديقة
10400080083,80,4,Al Masif Dist.,حي المصيف
10400080084,80,4,Al Jawharah Dist.,حي الجوهرة
10400080086,80,4,Athaqafah Dist.,حي الثقافة
10400080087,80,4,Al Marwah Dist.,حي المروة
10400080088,80,4,Al Fakamah Dist.,حي الفخامة
10400080089,80,4,Al Faisaliyah Dist.,حي الفيصلية
10400080090,80,4,Az Zugaibah Dist.,حي الزغيبة
10400080091,80,4,Al Iskan Dist.,حي الاسكان
10400080092,80,4,Al Hazm Dist.,حي الحزم
10400955001,955,4,Al Basatin Dist.,حي البساتين
10400955002,955,4,Al Montazah Dist.,حي المنتزة
10400955003,955,4,Al Rawdah Dist.,حي الروضة
10400955004,955,4,Al Zahrah Dist.,حي الزهرة
10400955005,955,4,Al Olaya Dist.,حي العليا
10400955006,955,4,Al Aziziyah Dist.,حي العزيزية
10400955007,955,4,Al Azhar Dist.,حي الازهار
10400955008,955,4,Al Nuzhah Dist.,حي النزهة
10400955009,955,4,Al Jazirah Dist.,حي الجزيرة
10400955010,955,4,Al Nahdah Dist.,حي النهضة
10400955011,955,4,Al Estrahat Dist.,حي الاستراحات
10400955012,955,4,Ar Rabwah Dist.,حي الربوة
10401986001,1986,4,As Salam Dist.,حي السلام
10401986002,1986,4,Khusayyibah Dist.,حي خصيبة
10401986003,1986,4,Al Burud Dist.,حي البرود
10401986004,1986,4,Al Fuhaid Dist.,حي الفهيد
10401999001,1999,4,Al Khazzan Dist.,حي الخزان
10401999002,1999,4,Al Marqab Dist.,حي المرقب
10401999003,1999,4,At Talim Dist.,حي التعليم
10401999004,1999,4,Al Jardah Dist.,حي الجردة
10401999005,1999,4,An Nahdah Dist.,حي النهضة
10401999006,1999,4,An Nuzhah Dist.,حي النزهة
10401999007,1999,4,Al Montazah Dist.,حي المنتزة
10402421001,2421,4,Al Yarmuk Dist.,حي اليرموك
10402421002,2421,4,Ar Rawdah Dist.,حي الروضة
10402421003,2421,4,King Abdulaziz Dist.,حي الملك عبدالعزيز
10402421004,2421,4,Al Ihtifalat Dist.,حي الاحتفالات
10402421005,2421,4,As Sinaiyah Dist.,حي الصناعية
10402421006,2421,4,King Fahd Dist.,حي الملك فهد
10402421007,2421,4,Al Hazm Dist.,حي الحزم
10402421008,2421,4,At Talim Dist.,حي التعليم
10402421009,2421,4,Ar Rabwah Dist.,حي الربوة
10402421010,2421,4,Al Qadisiyah Dist.,حي القادسية
10402421011,2421,4,Ash Shifa Dist.,حي الشفاء
10402421012,2421,4,Al Jandal Dist.,حي الجندل
10402421013,2421,4,Wadi Ar Rimma Dist.,حي وادي الرمة
10402421014,2421,4,King Faisal Dist.,حي الملك فيصل
10402421015,2421,4,Al Matar Dist.,حي المطار
10402421016,2421,4,Az Zahrah Dist.,حي الزهرة
10402421017,2421,4,King Khalid Dist.,حي الملك خالد
10402421018,2421,4,As Saadah Dist.,حي السعادة
10402421019,2421,4,Qasr Ibn Aqil Dist.,حي قصر بن عقيل
10402421020,2421,4,Al Hutah Dist.,حي الحوطة
10402421021,2421,4,Al Madinah Dist.,حي المدينة
10402421022,2421,4,Al Nakhil Dist.,حي النخيل
10402421023,2421,4,Ar Rawabi Dist.,حي الروابي
10402421024,2421,4,Al Juraif Dist.,حي الجريف
10402421025,2421,4,Ar Rabie Dist.,حي الربيع
10402421026,2421,4,As Salam Dist.,حي السلام
10402421027,2421,4,Al Manar Dist.,حي المنار
10402421028,2421,4,Bahjah Dist.,حي بهجة
10402421029,2421,4,An Nahdah Dist.,حي النهضة
10402421030,2421,4,Al Shinanah Ash Shamaliyyah Dist.,حي الشنانة الشمالية
10402421031,2421,4,Al Hamra Dist.,حي الحمراء
10402421032,2421,4,Al Gharbi Dist.,حي الالغربي
10402421033,2421,4,Ar Rayyan  Dist.,حي الريان
10402421034,2421,4,Al Wahah Dist.,حي الواحة
10402421035,2421,4,Suq Mashiya Al Jadid Dist.,حي سوق الماشيه الجديد
10402421036,2421,4,Al Khalij Dist.,حي الخليج
10402421037,2421,4,Al Masif Dist.,حي المصيف
10402421038,2421,4,Al Andalus Dist.,حي الاندلس
10402421039,2421,4,Al Muruj Dist.,حي المروج
10402421040,2421,4,Al Wurud Dist.,حي الورود
10402421041,2421,4,Al Faisaliyah Dist.,حي الفيصلية
10402421042,2421,4,Al Shinanah Al Janubiyah Dist.,حي الشنانة الجنوبية
10402448001,2448,4,Al Nakhil Dist.,حي النخيل
10402448002,2448,4,Al Wurud Dist.,حي الورود
10402448003,2448,4,Al Muntazah Dist.,حي المنتزه
10402448004,2448,4,As Safra Dist.,حي الصفراء
10402448005,2448,4,Al Bustan Dist.,حي البستان
10402448006,2448,4,Al Jadidah Dist.,حي الجديدة
10402448007,2448,4,Al Khuzama Dist.,حي الخزامى
10402448008,2448,4,Al Khalidiyah Dist.,حي الخالدية
10402448009,2448,4,Ar Rawdah Dist.,حي الروضة
10402448010,2448,4,Al Hazm Dist.,حي الحزم
10402448011,2448,4,As Sinaiyah Dist.,حي الصناعية
10402448012,2448,4,Qurtubah Dist.,حي قرطبة
10402448013,2448,4,As Salam Dist.,حي السلام
10402448014,2448,4,Al Qadisiyah Dist.,حي القادسية
10402448015,2448,4,Al Qifayfah Dist.,حي القفيفة
10402448016,2448,4,Umm Ushayrah Dist.,حي ام عشيرة
10402448017,2448,4,As Salhiyah Dist.,حي الصالحية
10402467005,2467,4,Al Khazzan Dist.,حي الخزان
10402467006,2467,4,An Nuzhah Dist.,حي النزهة
10402467007,2467,4,Al Qadisiyah Dist.,حي القادسية
10402467008,2467,4,An Nahdah Dist.,حي النهضة
10402467009,2467,4,At Taawun Dist.,حي التعاون
10402467010,2467,4,Al Afrah Dist.,حي الافراح
10402467011,2467,4,Al Quds Dist.,حي القدس
10402467013,2467,4,Al Hazm Dist.,حي الحزم
10402467022,2467,4,Zubaiydah Dist.,حي زبيدة
10402467023,2467,4,An Nafl Dist.,حي النفل
10402481001,2481,4,Umm Thalaah Dist.,حي ام ثلعة
10402481002,2481,4,Al Ubaylah Dist.,حي العبيلة
10402481003,2481,4,Al Uthmaniyah Dist.,حي العثمانية
10402481004,2481,4,Al Wusta Dist.,حي الوسطى
10402481005,2481,4,Ash Shayrami Dist.,حي الشيرمي
10402481006,2481,4,Al Mustashfa Dist.,حي المستشفى
10402481007,2481,4,Al Basatin Dist.,حي البساتين
10402481008,2481,4,Al Andalus Dist.,حي الاندلس
10402481009,2481,4,Al Nakhil Dist.,حي النخيل
10402481010,2481,4,Ar Rimmah Dist.,حي الرمة
10402481011,2481,4,As Sinaiyah Dist.,حي الصناعية
10402481012,2481,4,Al Asfar Dist.,حي الاصفر
10402481013,2481,4,Ramat Dist.,حي رامات
10402481014,2481,4,Al Olaya Dist.,حي العليا
10402481015,2481,4,At Taalim Dist.,حي التعليم
10402481016,2481,4,As Salam Dist.,حي السلام
10402481017,2481,4,Al Abdaliyah Dist.,حي العبدلية
10402481018,2481,4,Ad Dahlah Dist.,حي الدحلة
10402486001,2486,4,As Sahabin Ash Shamali Dist.,حي السحابين الشمالي
10402486002,2486,4,Al Khabra Al Qadima Dist.,حي الخبراء القديمة
10402486003,2486,4,Al Yasmin Dist.,حي الياسمين
10402486004,2486,4,Al Naseem Dist.,حي النسيم
10402486005,2486,4,Al Wurud Dist.,حي الورود
10402486006,2486,4,Al Andalus Dist.,حي الأندلس
10402486007,2486,4,As Sahabin Al Janubi Dist.,حي السحابين الجنوبي
10402486008,2486,4,Ar Rabwah Dist.,حي الربوة
10402486009,2486,4,Al Quds Dist.,حي القدس
10402486010,2486,4,Al Mallah Dist.,حي الملاح
10402486011,2486,4,Ar Rafiah Dist.,حى الرفيعة
10402486012,2486,4,Ar Rayan Dist.,حي الريان
10402486013,2486,4,Ar Rawdah Dist.,حي الروضة
10402486014,2486,4,Ar Rabie Dist.,حي الربيع
10402486015,2486,4,As Sinaiyah Dist.,حي الصناعية
10402629001,2629,4,Al Baida Dist.,حي البيضاء
10402629003,2629,4,As Silah Dist.,حي السلاح
10402630002,2630,4,Az Zahrah Dist.,حي الزهرة
10402630003,2630,4,Al Aziziyah Dist.,حي العزيزية
10402630004,2630,4,Al Halaliyah Dist.,حي الهلالية
10402630005,2630,4,Al Khalij Dist.,حي الخليج
10402630006,2630,4,King Abdullah Dist.,حي الملك عبدالله
10402630007,2630,4,An Nahdah Dist.,حي النهضة
10402630008,2630,4,Al Nakhil Dist.,حي النخيل
10402630009,2630,4,Al Iskan Dist.,حي الاسكان
10402630010,2630,4,Al Khalidiyah Dist.,حي الخالدية
10402630011,2630,4,Al Muhammadiyah Dist.,حي المحمدية
10402630012,2630,4,Al Qadisiyah Dist.,حي القادسية
10402630013,2630,4,As Sinaiyah Dist.,حي الصناعية
10402630014,2630,4,Ar Rayyan Dist.,حي الريان
10402630015,2630,4,Al Amal Dist.,حي الامل
10402630016,2630,4,Ar Riyadh Dist.,حي الرياض
10402630017,2630,4,Al Dirah Dist.,حي الديرة
10402630018,2630,4,Al Majd Dist.,حي المجد
10402630019,2630,4,Ar Rabwah Dist.,حي الربوة
10402630020,2630,4,Al Hamra Dist.,حي الحمراء
10402630021,2630,4,Ar Rawabi Dist.,حي الروابي
10402630022,2630,4,Al Taqniyah Dist.,حي التقنية
10402630023,2630,4,Al Montazah Dist.,حي المنتزة
10402777001,2777,4,Al Khabib Dist.,حي الخبيب
10402777002,2777,4,Al Mathaf Dist.,حي المتحف
10402777003,2777,4,Al Nakhil Dist.,حي النخيل
10402777004,2777,4,Ash Shifa Dist.,حي الشفاء
10402777005,2777,4,Al Shamas Dist.,حي الشماس
10402777006,2777,4,Al Bilad Dist.,حي البلاد
10402777008,2777,4,Al Farouq Dist.,حي الفاروق
10402777009,2777,4,Barzah Dist.,حي برزة
10402777010,2777,4,Al Wasit Dist.,حي الواسط
10402777011,2777,4,Al Bada Dist.,حي البدع
10402777012,2777,4,Al Jal Dist.,حي الجال
10402777013,2777,4,Al Andalus Dist.,حي الاندلس
10402777014,2777,4,Al Midan Dist.,حي الميدان
10402777015,2777,4,As Salam Dist.,حي السلام
10402777016,2777,4,Al Safa Dist.,حي الصفاء
10402777017,2777,4,Al Qadisiyah Dist.,حي القادسية
10402777018,2777,4,As Sinaiyah Dist.,حي الصناعية
10402777019,2777,4,Al Mutawakil Dist.,حي المتوكل
10402988001,2988,4,Al Aziziyah Dist.,حي العزيزية
10402988002,2988,4,Al Andalus Dist.,حي الاندلس
10402988003,2988,4,Al Masif Dist.,حي المصيف
10402988004,2988,4,Al Yarmuk Dist.,حي اليرموك
10402988005,2988,4,Ar Rawdah Dist.,حي الروضة
10402988006,2988,4,Al Khalij Dist.,حي الخليج
10402988007,2988,4,Al Fayha Dist.,حي الفيحاء
10402988008,2988,4,Al Wadi Dist.,حي الوادي
10402988009,2988,4,Ar Rabwah Dist.,حي الربوة
10402988010,2988,4,Al Muruj Dist.,حي المروج
10402988011,2988,4,King Fahd Dist.,حي الملك فهد
10402988012,2988,4,Al Izdihar Dist.,حي الازدهار
10402988013,2988,4,Al Quds Dist.,حي القدس
10402988014,2988,4,As Saadah Dist.,حي السعادة
10402988015,2988,4,Ash Shifa Dist.,حي الشفاء
10402988016,2988,4,Al Yasmin Dist.,حي الياسمين
10402988017,2988,4,King Abdullah Dist.,حي الملك عبدالله
10402988018,2988,4,At Taawun Dist.,حي التعاون
10402988019,2988,4,As Salam Dist.,حي السلام
10402988020,2988,4,Al Manar Dist.,حي المنار
10402988021,2988,4,Ar Rayan Dist.,حي الريان
10402988022,2988,4,An Nahdah Dist.,حي النهضة
10403030001,3030,4,Faidat Aban Alahmar,فيضة ابان الاحمر
10403030002,3030,4,Al Nuwaisifah,النويصفة
10403030003,3030,4,Mishrifat Amudan,مشرفة عمودان
10403030004,3030,4,Kofat,كفت
10403151001,3151,4,Ar Rabiyah Dist.,حي الرابية
10403151002,3151,4,As Salam Dist.,حي السلام
10403151003,3151,4,Al Nakhil Dist.,حي النخيل
10403151004,3151,4,Ar Rabwah Dist.,حي الربوة
10403151005,3151,4,Al Muntazah Dist.,حي المنتزه
10403151006,3151,4,Al Jazirah Dist.,حي الجزيرة
10403151007,3151,4,King Abdullah Dist.,حي الملك عبدالله
10403151008,3151,4,Ghirnatah Dist.,حي غرناطة
10403151009,3151,4,C1 Dist.,حي ج1
10403151010,3151,4,Al Muhammadiyah Dist.,حي المحمدية
10403151011,3151,4,Ar Rayan Dist.,حي الريان
10403151012,3151,4,Ar Ramthyah Dist.,حي الرمثية
10403151013,3151,4,Al Gharbiyyah Dist.,حي الغربية
10403151014,3151,4,As Safa Dist.,حي الصفا
10403151015,3151,4,Al Qadisiyah Dist.,حي القادسية
10403151016,3151,4,Hiteen Dist.,حي حطين
10403151017,3151,4,Al Wadi Dist.,حي الوادي
10403151018,3151,4,Al Yarmuk Dist.,حي اليرموك
10410872001,10872,4,Faidat Al Salamat,فيضة السلمات
10410872002,10872,4,Al Marmuthah Ash Shamaliyah,المرموثة الشمالية
10410872003,10872,4,Al Kharisha,الخريشاء
10410872004,10872,4,Al Mudairy,المديري
10500012001,12,5,Az Zahrah Dist.,حي الزهرة
10500012002,12,5,Al Marbidia Dist.,حي المربدية
10500012003,12,5,Al Quds Dist.,حي القدس
10500012004,12,5,Al Jawharah Dist.,حي الجوهرة
10500012005,12,5,Al Wurud 2nd Dist.,حي الورود الثاني
10500012006,12,5,Al Muhandisin Dist.,حي المهندسين
10500012007,12,5,Ayn Musa Dist.,حي عين موسى
10500012008,12,5,As Suqur Dist.,حي الصقور
10500012009,12,5,Al Wahah Dist.,حي الواحة
10500012010,12,5,Al Hada Dist.,حي الهدا
10500012011,12,5,Al Thulaythiyah Dist.,حي الثليثية
10500012012,12,5,Al Muallimeen Dist.,حي المعلمين
10500012013,12,5,Al Asimah Dist.,حي العاصمة
10500012014,12,5,Al Omaraa Dist.,حي الأمراء
10500012015,12,5,Al Nakhil Dist.,حي النخيل
10500012016,12,5,Al Aziziyah 2nd Dist.,حي العزيزية الثاني
10500012017,12,5,Al Hamra 3rd Dist.,حي الحمراء الثالث
10500012018,12,5,Al Mirqab Dist.,حي المرقاب
10500012019,12,5,Ar Rabiyah Dist.,حي الرابية
10500012020,12,5,Al Hizam Al Akhdar Dist.,حي الحزام الأخضر
10500012021,12,5,Al Jamiyin Dist.,حي الجامعيين
10500012022,12,5,Ar Rawdah Dist.,حي الروضة
10500012023,12,5,Ghirnatah Dist.,حي غرناطة
10500012024,12,5,As Sahafah Dist.,حي الصحافة
10500012026,12,5,Um Khraisan Dist.,حي ام خريسان
10500012027,12,5,Al Olaya Dist.,حي العليا
10500012028,12,5,Al Hamra 2nd Dist.,حي الحمراء الثاني
10500012029,12,5,Al Badriyah Dist.,حي البدرية
10500012030,12,5,As Sunaidah Dist.,حي السنيدية
10500012031,12,5,Al Muhammadiyah Dist.,حي المحمدية
10500012032,12,5,Ladhah Dist.,حي لذه
10500012033,12,5,Government Departments Complex 2nd  Dist.,حي مجمع الدوائر الحكومية الثاني
10500012034,12,5,Al Mazrooa 2nd Dist.,حي المزروع الثاني
10500012035,12,5,Al Wurud 3rd Dist.,حي الورود الثالث
10500012036,12,5,Ar Rabwah Dist.,حي الربوه
10500012037,12,5,Ar Ruwaida Dist.,حي الرويضة
10500012038,12,5,Ar Rafiah Dist.,حي الرفيعة
10500012039,12,5,Al Hawra Dist.,حي الحوراء
10500012040,12,5,Ar Ruqaiqah Dist.,حي الرقيقة
10500012041,12,5,Al Mazrooa 1st Dist.,حي المزروع الاول
10500012042,12,5,Juba Dist.,حي جوبا
10500012043,12,5,Al Busairah Dist.,حي البصيرة
10500012044,12,5,Al Muruj Southern Dist.,حي المروج الجنوبي
10500012045,12,5,As Sulaimaniyah Dist.,حي السليمانية
10500012046,12,5,Al Hamra 1st Dist.,حي الحمراء الأول
10500012047,12,5,Ash Shihabiyah Dist.,حي الشهابية
10500012048,12,5,Al Aziziyah 1st Dist.,حي العزيزية الأول
10500012049,12,5,King Faisal University 1st Dist.,حي جامعة الملك فيصل الأول
10500012050,12,5,Al Matar Dist.,حي المطار
10500012051,12,5,Hajr Dist.,حي هجر
10500012052,12,5,Mansubi Al Taleem 1st Dist.,حي منسوبي التعليم الأول
10500012053,12,5,Munifah Dist.,حي منيفة
10500012054,12,5,Al Bandariyah Dist.,حي البندرية
10500012055,12,5,Al Uwaimiriyah Dist.,حي العويمرية
10500012056,12,5,An Nayfiyah Dist.,حي النايفية
10500012057,12,5,Al Naseem Dist.,حي النسيم
10500012058,12,5,Al Doha Dist.,حي الدوحة
10500012059,12,5,Al Muthalath Dist.,حي المثلث
10500012060,12,5,Ar Rayyan Dist.,حي الريان
10500012061,12,5,Alghawbia Agricultural Area,منطقة الغويبة الزراعية
10500012062,12,5,Al Wasitah Dist.,حي الوسيطة
10500012063,12,5,Al Salmaniyah 2nd Dist.,حي السلمانية الثاني
10500012064,12,5,Al Shagaibiyah Dist.,حي الشغيبية
10500012065,12,5,King Faisal University 3rd Dist.,حي جامعة الملك فيصل الثالث
10500012066,12,5,Al Iskan 1st Dist.,حي الإسكان الأول
10500012067,12,5,As Suwaidirah Dist.,حي صويدرة
10500012068,12,5,Al Khalidiyah Dist.,حي الخالدية
10500012069,12,5,Al Salmaniyah 4th Dist.,حي السلمانية الرابع
10500012070,12,5,Mansubi Al Taleem 2nd Dist.,حي منسوبي التعليم الثاني
10500012071,12,5,Al Wurud 1st Dist.,حي الورود الأول
10500012072,12,5,Al Faisaliyah 2nd Dist.,حي الفيصلية الثاني
10500012073,12,5,An Nasriyah Dist.,حي الناصرية
10500012074,12,5,Al Luwaymi Dist.,حي اللويمي
10500012075,12,5,Al Khudud Dist.,حي الخدود
10500012076,12,5,Al Salmaniyah 3rd Dist.,حي السلمانية الثالث
10500012077,12,5,Al Mazruiyah Dist.,حي المزروعية
10500012078,12,5,Al Majidiyah Dist.,حي المجيدية
10500012079,12,5,King Fahd Dist.,حي الملك فهد
10500012080,12,5,At Taawun Dist.,حي التعاون
10500012081,12,5,Al Danah Dist.,حي الدانة
10500012082,12,5,Al Fardus Dist.,حي الفردوس
10500012083,12,5,As Saifa Dist.,حي السيفة
10500012084,12,5,Al Hufayrah Dist.,حي الحفيرة
10500012085,12,5,Al Salmaniyah 1st Dist.,حي السلمانية الأول
10500012086,12,5,As Salhiyah Dist.,حي الصالحية
10500012087,12,5,Al Mubarakiyah Dist.,حي المباركية
10500012088,12,5,Imam Muhammed Ibn Saud Islamic University,جامعة الامام محمد بن سعود الاسلامية
10500012089,12,5,Al Faisaliyah 1st Dist.,حي الفيصلية الأول
10500012090,12,5,Ar Refah Southern Dist.,حي الرفعة الجنوبية
10500012091,12,5,King Faisal University 2nd Dist.,حي جامعة الملك فيصل الثاني
10500012092,12,5,Al Iskan 2nd Dist.,حي الإسكان الثاني
10500012093,12,5,Sports City,المدينة الرياضية
10500012094,12,5,Al Muruj Northern Dist.,حي المروج الشمالي
10500012095,12,5,Al Ahsa Airport,مطار الأحساء
10500012096,12,5,Al Talayah Dist.,حي الطالعية
10500012097,12,5,Al Naathel Dist.,حي النعاثل
10500012098,12,5,Al Koot Dist.,حي الكوت
10500012099,12,5,Ar Refah Northern Dist.,حي الرفعة الشمالية
10500012100,12,5,Az Zahra Dist.,حي الزهراء
10500012101,12,5,Al Aseelah Dist.,حي العسيلة
10500013001,13,5,Al Khalidiyah Ash Shamaliyah Dist.,حي الخالدية الشمالية
10500013002,13,5,An Nasriyah Dist.,حي الناصرية
10500013003,13,5,1st Industrial Dist.,حي الصناعية الاولى
10500013004,13,5,Al Fanar Dist.,حي الفنار
10500013005,13,5,Al Athir Dist.,حي الأثير
10500013006,13,5,Al Jalawiyah Dist.,حي الجلوية
10500013007,13,5,Al Nakhil Dist.,حي النخيل
10500013008,13,5,Al Qazaz Dist.,حي القزاز
10500013009,13,5,Al Badiyah Dist.,حي البادية
10500013010,13,5,Ad Dawasir Dist.,حي الدواسر
10500013011,13,5,Al Anud Dist.,حي العنود
10500013012,13,5,Ash Shati Al Gharbi Dist.,حي الشاطئ الغربي
10500013013,13,5,Ad Dabab Dist.,حي الضباب
10500013014,13,5,Al Manar Dist.,حي المنار
10500013015,13,5,An Nur Dist.,حي النور
10500013016,13,5,As Salam Dist.,حي السلام
10500013017,13,5,Az Zuhur Dist.,حي الزهور
10500013018,13,5,Al Muraikabat Dist.,حي المريكبات
10500013019,13,5,An Nahdah Dist.,حي النهضة
10500013020,13,5,Dahiyat Al Malik Fahd Dist.,حي ضاحية الملك فهد
10500013021,13,5,As Saif Dist.,حي السيف
10500013022,13,5,As Sinaiyah Dist.,حي الصناعية
10500013023,13,5,Uhud Dist.,حي احد
10500013024,13,5,Badr Dist.,حي بدر
10500013025,13,5,Al Khalij Dist.,حي الخليج
10500013026,13,5,Ar Rawdah Dist.,حي الروضة
10500013027,13,5,Taibah Dist.,حي طيبة
10500013028,13,5,Al Jamiyin Dist.,حي الجامعيين
10500013029,13,5,Ar Rayyan Dist.,حي الريان
10500013030,13,5,Al Qadisiyah Dist.,حي القادسية
10500013031,13,5,Ghirnatah Dist.,حي غرناطة
10500013032,13,5,Al Adamah Dist.,حي العدامة
10500013033,13,5,Prince Muhammed Ibn Saud Dist.,حي الامير محمد بن سعود
10500013034,13,5,At Tubayshi Dist.,حي الطبيشي
10500013035,13,5,Al Mazruiyah Dist.,حي المزروعية
10500013036,13,5,As Safa Dist.,حي الصفا
10500013037,13,5,Al Muntazah Dist.,حي المنتزه
10500013038,13,5,An Nuzhah Dist.,حي النزهة
10500013039,13,5,Al Firdaws Dist.,حي الفردوس
10500013040,13,5,Qasr Al Khalij Dist.,حي قصر الخليج
10500013041,13,5,2nd Industrial City,المدينة الصناعية الثانية
10500013042,13,5,King Fahd International Airport,مطار الملك فهد الدولي
10500013043,13,5,Al Kuthriah Dist.,حي الخضرية
10500013044,13,5,Madinat Al Ummal Dist.,حي مدينة العمال
10500013045,13,5,Al Amamrah Dist.,حي العمامرة
10500013046,13,5,Al Badi Dist.,حي البديع
10500013047,13,5,Ash Shati Ash Sharqi Dist.,حي الشاطئ الشرقي
10500013048,13,5,Al Fayha Dist.,حي الفيحاء
10500013049,13,5,Ash Shifa Dist.,حي الشفاء
10500013050,13,5,Ar Rakah Ash Shamaliyah Dist.,حي الراكة الشمالية
10500013051,13,5,An Nawras Dist.,حي النورس
10500013052,13,5,Al Faisaliyah Dist.,حي الفيصلية
10500013053,13,5,Al Itisalat Dist.,حي الاتصالات
10500013054,13,5,Ibn Khaldun Dist.,حي ابن خلدون
10500013055,13,5,As Suq Dist.,حي السوق
10500013056,13,5,Ar Rabie Dist.,حي الربيع
10500013057,13,5,Al Hamra Dist.,حي الحمراء
10500013058,13,5,Al Buhayrah Dist.,حي البحيرة
10500013059,13,5,Al Jawharah Dist.,حي الجوهرة
10500013060,13,5,Ar Rabiyah Dist.,حي الرابية
10500013061,13,5,Ad Danah Dist.,حي الدانة
10500013062,13,5,Al Muhammadiyah Dist.,حي المحمدية
10500013063,13,5,Al Aziziyah Dist.,حي العزيزية
10500013064,13,5,Al Wahah Dist.,حي الواحة
10500013065,13,5,Al Basatin Dist.,حي البساتين
10500013066,13,5,Al Iskan Dist.,حي الاسكان
10500013068,13,5,King Faisal University,مدينة الملك فيصل الجامعية
10500013069,13,5,Al Hussam Dist.,حي الحسام
10500013070,13,5,King Abdul Aziz Seaport Dist.,حي ميناء الملك عبدالعزيز
10500013071,13,5,Al Naseem Dist.,حي النسيم
10500013072,13,5,Al Khalidiyah Al Janubiyah Dist.,حي الخالدية الجنوبية
10500013073,13,5,Ash Shulah Dist.,حي الشعلة
10500013074,13,5,Al Anwar Dist.,حي الأنوار
10500013075,13,5,Al Amal Dist.,حي الأمل
10500013076,13,5,Ash Sharq Dist.,حي الشرق
10500013077,13,5,Al Hadabah Dist.,حي الهضبة
10500013078,13,5,Al Matar Dist.,حي المطار
10500013079,13,5,Al Amanah Dist.,حي الأمانة
10500013080,13,5,Al Fursan Dist.,حي الفرسان
10500013081,13,5,Al Maha Dist.,حي المها
10500013082,13,5,An Nada Dist.,حي الندى
10500013083,13,5,3rd Industrial City,المدينة الصناعية الثالثة
10500013084,13,5,King Salman Energy Park,مدينة الملك سلمان للطاقة
10500013085,13,5,Al Iskan Al Janubi Dist.,حي الإسكان الجنوبي
10500013086,13,5,Al Urubah Dist.,حي العروبة
10500013087,13,5,Al Iskan Northren Dist.,حي الاسكان الشمالي
10500013088,13,5,Al Jud Dist.,حي الجود
10500031001,31,5,At Tahliyah Dist.,حي التحلية
10500031002,31,5,Ibn Sina Dist.,حي ابن سيناء
10500031003,31,5,Al Hizam Al Akhdar Dist.,حي الحزام الاخضر
10500031004,31,5,Sinaiyah Ath Thuqbah Dist.,حي صناعية الثقبة
10500031005,31,5,At Taawun Dist.,حي التعاون
10500031006,31,5,Ar Rakah Al Janubiyah Dist.,حي الراكة الجنوبية
10500031007,31,5,Al Khubar Ash Shamaliyah Dist.,حي الخبر الشمالية
10500031008,31,5,Madinat Al Ummal Dist.,حي مدينة العمال
10500031009,31,5,Al Aqrabiyah Dist.,حي العقربية
10500031010,31,5,Al Khubar Al Janubiyah Dist.,حي الخبر الجنوبية
10500031011,31,5,Ar Rawabi Dist.,حي الروابي
10500031012,31,5,Al Yarmok Dist.,حي اليرموك
10500031013,31,5,Qurtubah Dist.,حي قرطبة
10500031014,31,5,Al Jawharah Dist.,حي الجوهرة
10500031015,31,5,Al Hizam Adh Dhahabi Dist.,حي الحزام الذهبي
10500031016,31,5,Al Andalus Dist.,حي الاندلس
10500031017,31,5,Al Hada Dist.,حي الهدا
10500031018,31,5,Al Bandariyah Dist.,حي البندرية
10500031019,31,5,Al Bustan Dist.,حي البستان
10500031020,31,5,Ath Thuqbah Dist.,حي الثقبة
10500031021,31,5,Al Olaya Dist.,حي العليا
10500031022,31,5,Al Iskan Dist.,حي الاسكان
10500031023,31,5,Al Hamra Dist.,حي الحمراء
10500031024,31,5,Al Jisr Dist.,حي الجسر
10500031025,31,5,Al Khuzama Dist.,حي الخزامى
10500031026,31,5,Sports City,المدينة الرياضية
10500031027,31,5,Al Bahar Dist.,حي البحر
10500031028,31,5,Al Kurnaish Dist.,حي الكورنيش
10500031029,31,5,Sinaiyah Al Fawaziyah Dist.,حي صناعية الفوازية
10500031030,31,5,As Sahil Dist.,حي الساحل
10500031031,31,5,Al Khawr Dist.,حي الخور
10500031032,31,5,Ishbiliya Dist.,حي اشبيليا
10500031033,31,5,Al Buhayrah Dist.,حي البحيرة
10500031034,31,5,Ash Sheraa Dist.,حي الشراع
10500031035,31,5,Al Kawthar Dist.,حي الكوثر
10500031036,31,5,Ar Raja Dist.,حي الرجاء
10500031037,31,5,As Sawari Dist.,حي الصواري
10500031038,31,5,Al Aqiq Dist.,حي العقيق
10500031039,31,5,Al Maha Dist.,حي المها
10500031040,31,5,Al Amwaj Dist.,حي الامواج
10500031041,31,5,Al Lulu Dist.,حي اللؤلؤ
10500031042,31,5,Al Murjan Dist.,حي المرجان
10500031043,31,5,As Sufun Dist.,حي السفن
10500031044,31,5,As Sadafah Dist.,حي الصدفة
10500047001,47,5,Ar Rabie Dist.,حي الربيع
10500047002,47,5,Al Iskan Dist.,حي الاسكان
10500047003,47,5,Al Jamiah Dist.,حي الجامعة
10500047004,47,5,Ar Rabiyah Dist.,حي الرابية
10500047005,47,5,At Talal Dist.,حي التلال
10500047006,47,5,Ash Shifa Dist.,حي الشفاء
10500047007,47,5,Al Wadi Dist.,حي الوادي
10500047008,47,5,Al Baladiyah Dist.,حي البلدية
10500047009,47,5,As Sinaiyah Dist.,حي الصناعية
10500047010,47,5,Al Aziziyah Dist.,حي العزيزية
10500047011,47,5,Al Fayha Dist.,حي الفيحاء
10500047012,47,5,Ar Rabwah Dist.,حي الربوة
10500047013,47,5,Al Batin Dist.,حي الباطن
10500047014,47,5,Al Muhammadiyah Dist.,حي المحمدية
10500047015,47,5,Al Khalidiyah Dist.,حي الخالدية
10500047016,47,5,An Nahdah Dist.,حي النهضة
10500047017,47,5,Al Safa Dist.,حي الصفاء
10500047018,47,5,Fulaij Dist.,حي فليج
10500047019,47,5,Qurtubah Dist.,حي قرطبة
10500047020,47,5,Ar Rawdah Dist.,حي الروضة
10500047021,47,5,As Sulimaniyah Dist.,حي السليمانية
10500047022,47,5,Al Faisaliyah Dist.,حي الفيصلية
10500047023,47,5,An Nuzhah Dist.,حي النزهة
10500047024,47,5,Al Manar Dist.,حي المنار
10500047025,47,5,Al Yarmuk Dist.,حي اليرموك
10500047026,47,5,Ar Rayan Dist.,حي الريان
10500047027,47,5,An Nayfiyah Dist.,حي النايفية
10500047028,47,5,Al Muruj Dist.,حي المروج
10500047029,47,5,Al Nakhil Dist.,حي النخيل
10500047030,47,5,Al Wahah Dist.,حي الواحة
10500047031,47,5,Al Masif Dist.,حي المصيف
10500047032,47,5,Ghirnatah Dist.,حي غرناطة
10500047033,47,5,Abu Musa Al Ashari Dist.,حي ابو موسى الاشعري
10500047034,47,5,Al Khalij Dist.,حي الخليج
10500047035,47,5,Ar Raid Dist.,حي الرائد
10500047036,47,5,Al Wurud Dist.,حي الورود
10500055001,55,5,Ar Rawdah Dist.,حي الروضة
10500055002,55,5,Al Faisaliyah Dist.,حي الفيصلية
10500055003,55,5,Al Muhammadiyah Dist.,حي المحمدية
10500055004,55,5,Al Naseem Dist.,حي النسيم
10500055005,55,5,Ash Shifa Dist.,حي الشفاء
10500055006,55,5,Al Andalus Dist.,حي الأندلس
10500055007,55,5,Al Aziziyah Dist.,حي العزيزية
10500055008,55,5,Al Hidaya Dist.,حي الهداية
10500055009,55,5,As Sinaiyah Dist.,حي الصناعية
10500055010,55,5,Al Khalidiyah Dist.,حي الخالدية
10500067003,67,5,Al Badi Dist.,حي البديع
10500067004,67,5,Warehouse Area,منطقة المستودعات
10500067005,67,5,Al Majidiyah Dist.,حي المجيدية
10500067006,67,5,Ash Shati Dist.,حي الشاطئ
10500067007,67,5,Al Fath Dist.,حي الفتح
10500067008,67,5,Al Wahah Dist.,حي الواحة
10500067009,67,5,Al Muruj Dist.,حي المروج
10500067010,67,5,As Sinaiyah Dist.,حي الصناعية
10500067011,67,5,Ar Rawdah Dist.,حي الروضة
10500067012,67,5,Al Wurud Dist.,حي الورود
10500067013,67,5,Ar Rida Dist.,حي الرضا
10500067014,67,5,Al Jarudiyah Dist.,حي الجارودية
10500067015,67,5,Halat Mahish Dist.,حي حلة محيش
10500067016,67,5,Al Yaqut Dist.,حي الياقوت
10500067017,67,5,Al Badiah Dist.,حي البديعة
10500067018,67,5,Ad Dababiyyah Dist.,حي الدبابية
10500067019,67,5,Al Khamisah Dist.,حي الخامسة
10500067020,67,5,Umm Al Jazm Dist.,حي ام الجزم
10500067021,67,5,Badiah Al Basri Dist.,حي بديعة البصري
10500067022,67,5,Al Mashtal Dist.,حي المشتل
10500067023,67,5,Az Zomorod Dist.,حي الزمرد
10500067024,67,5,An Nasirah Dist.,حي الناصرة
10500067025,67,5,Al Bahari Dist.,حي البحاري
10500067026,67,5,Mayyas Dist.,حي مياس
10500067027,67,5,Al Jawahir Dist.,حي الجواهر
10500067028,67,5,Al Khuzama Dist.,حي الخزامى
10500067029,67,5,At Tawbi Dist.,حي التوبي
10500067030,67,5,Al Jarrari Dist.,حي الجراري
10500067031,67,5,Ash Shahba Dist.,حي الشهباء
10500067032,67,5,Al Qadih Dist.,حي القديح
10500067033,67,5,Al Madaris Dist.,حي المدارس
10500067034,67,5,Ash Shamasiyyah Dist.,حي الشماسيه
10500067035,67,5,Bab As Sab Dist.,حي باب الساب
10500067036,67,5,Al Jumaimah Dist.,حي الجميمة
10500067037,67,5,Al Masudiyah Dist.,حي المسعودية
10500067038,67,5,Al Khuwaildiyah Dist.,حي الخويلدية
10500067039,67,5,Al Awamiyah Dist.,حي العوامية
10500067040,67,5,Ad Doij Dist.,حي الدويج
10500067041,67,5,Ar Rabiah Dist.,حي الرابعة
10500067042,67,5,Al Bustan Dist.,حي البستان
10500067043,67,5,Al Jazirah Dist.,حي الجزيرة
10500067044,67,5,Ash Shariah Dist.,حي الشريعة
10500067045,67,5,Al Wasadah Dist.,حي الوسادة
10500067046,67,5,Al Qalah Dist.,حي القلعة
10500067047,67,5,Al Bawadi Dist.,حي البوادي
10500067048,67,5,Al Husain Dist.,حي الحسين
10500067049,67,5,Al Madani Dist.,حي المدني
10500067050,67,5,Ath Thuraiya Dist.,حي الثريا
10500067051,67,5,Ar Rif Dist.,حي الريف
10500067052,67,5,Bab Madinah Ash Shamal Dist.,حي باب الشمال
10500067053,67,5,Al Bahr Dist.,حي البحر
10500067054,67,5,Ash Shweikah Dist.,حي الشويكة
10500067055,67,5,Al Wadiah Dist.,حي الوديعه
10500067056,67,5,Kuwaikib Dist.,حي الكويكب
10500067057,67,5,An Narjis Dist.,حي النرجس
10500067058,67,5,Az Zahra Dist.,حي الزهراء
10500067059,67,5,Az Zarah Dist.,حي الزارة
10500089001,89,5,Ar Rifaa Dist.,حي الرفاع
10500089002,89,5,Ar Rabwah Dist.,حي الربوة
10500089003,89,5,Al Wahah Dist.,حي الواحة
10500089004,89,5,Ghirnatah Dist.,حي غرناطة
10500089005,89,5,Az Zuhur Dist.,حي الزهور
10500089006,89,5,Ar Rawdah Dist.,حي الروضة
10500089007,89,5,Ar Rabie Dist.,حي الربيع
10500089008,89,5,Qasr Aali Dist.,حي قصر عالي
10500089009,89,5,Qurtubah Dist.,حي قرطبة
10500089010,89,5,Al Andalus Dist.,حي الاندلس
10500089011,89,5,Al Khalidiyah Dist.,حي الخالدية
10500089012,89,5,As Sinaiyah Dist.,حي الصناعية
10500089013,89,5,As Salam Dist.,حي السلام
10500089014,89,5,An Nuzhah Dist.,حي النزهة
10500089015,89,5,Al Muruj Dist.,حي المروج
10500113001,113,5,Al Merqab Dist.,حي المرقاب
10500113002,113,5,Tebah Dist.,حي طيبة
10500113004,113,5,Al Rawdah Dist.,حي الروضة
10500113005,113,5,Al Dabab Dist.,حي الضباب
10500113006,113,5,Al Wahah Dist.,حي الواحة
10500113007,113,5,Al Tawyah Dist.,حي الطوية
10500113008,113,5,Al Dana Dist.,حي الدانة
10500113009,113,5,Al Safat Dist.,حي الصفاة
10500113010,113,5,Oraifi Industrial Dist.,حي صناعية العريفي
10500113011,113,5,Al Yarmuk Dist.,حي اليرموك
10500113012,113,5,Al Bustan Dist.,حي البستان
10500113013,113,5,Al Taawun Dist.,حي التعاون
10500113014,113,5,Abu Musa Alashary Dist.,حي ابو موسى الاشعري
10500113015,113,5,Al Jawhara Dist.,حي الجوهرة
10500113016,113,5,Ghirnatah Dist.,حي غرناطة
10500113017,113,5,Al Salam Dist.,حي السلام
10500113018,113,5,Ar Rabwah Dist.,حي الربوة
10500113019,113,5,Al Bahar Dist.,حي البحر
10500113020,113,5,Ishbiliyah Dist.,حي اشبلية
10500113021,113,5,Al Hamra Dist.,حي الحمراء
10500113022,113,5,Al Khuzama Dist.,حي الخزامى
10500113023,113,5,Al Aziziyah Dist.,حي العزيزية
10500113024,113,5,Cordoba Dist.,حي قرطبة
10500113025,113,5,Al Huwaylat Dist.,حي الحويلات
10500113026,113,5,Al Lualu Dist.,حي اللؤلؤ
10500113027,113,5,1st Industrial Area,المنطقة الصناعية الاولى
10500113028,113,5,Industrial Area,المنطقة الصناعية
10500113029,113,5,Ash Shati Dist.,حي الشاطئ
10500113030,113,5,Al Ahsa Dist.,حي الاحساء
10500113031,113,5,2nd Industrial Area,المنطقة الصناعية الثانية
10500113032,113,5,3rd Industrial Area,المنطقة الصناعية الثالثة
10500113033,113,5,Yanbu Dist.,حي ينبع
10500113034,113,5,Al Fayha Dist.,حي الفيحاء
10500113035,113,5,Al Khalij Dist.,حي الخليج
10500113036,113,5,Najd Dist.,حي نجد
10500113037,113,5,Darin Dist.,حي دارين
10500113038,113,5,Sudayr Dist.,حي سدير
10500113039,113,5,Makkah Dist.,حي مكة
10500113040,113,5,Al Hijaz Dist.,حي الحجاز
10500113041,113,5,Al Firdaws Dist.,حي الفردوس
10500113042,113,5,Al Andalus Dist.,حي الاندلس
10500113043,113,5,Al Farouq Dist.,حي الفاروق
10500113044,113,5,Al Quds Dist.,حي القدس
10500113045,113,5,Jalmudah Dist.,حي جلمودة
10500113046,113,5,Al Matrafiyah Dist.,حي المطرفية
10500115002,115,5,As Sinaiyah Dist.,حي الصناعية
10500115003,115,5,At Tashalih Dist.,حي التشاليح
10500115004,115,5,Ar Rabie Dist.,حي الربيع
10500115005,115,5,Al Aziziyah Dist.,حي العزيزية
10500115006,115,5,C4 Dist.,حي ج4
10500115007,115,5,Al Khalij Dist.,حي الخليج
10500115008,115,5,Al Muhammadiyah Dist.,حي المحمدية
10500115009,115,5,Al Faisaliyah Dist.,حي الفيصلية
10500227001,227,5,Ad Dawhah Al Janubiyah Dist.,حي الدوحة الجنوبية
10500227002,227,5,Ad Danah Ash Shamaliyah Dist.,حي الدانة الشمالية
10500227003,227,5,Al Qusur Dist.,حي القصور
10500227004,227,5,Ad Dawhah Ash Shamaliyah Dist.,حي الدوحة الشمالية
10500227005,227,5,Ad Danah Al Janubiyah Dist.,حي الدانة الجنوبية
10500227006,227,5,Al Jamiah Dist.,حي الجامعة
10500227007,227,5,Al Haras Al Watani Dist.,حي الحرس الوطني
10500227008,227,5,Tihamah Dist.,حي تهامة
10500227009,227,5,Al Qashlah Dist.,حي القشلة
10500227010,227,5,Hajr Dist.,حي هجر
10500227011,227,5,Gharb Adh Dhahran Dist.,حي غرب الظهران
10500227012,227,5,King Fahd University Of Petroleum And Minerals,جامعة الملك فهد للبترول والمعادن
10500227013,227,5,Ajyal,أجيال
10500243001,243,5,Ar Rabwah Dist.,حي الربوة
10500243002,243,5,Qurtubah Dist.,حي قرطبة
10500243003,243,5,As Sinaiyah Dist.,حي الصناعية
10500243004,243,5,An Nuzhah Dist.,حي النزهة
10500243005,243,5,Al Andalus Dist.,حي الاندلس
10500243006,243,5,Ar Rawdah Dist.,حي الروضة
10500243007,243,5,Ghirnatah Dist.,حي غرناطة
10500243008,243,5,Ishbiliyah Dist.,حي أشبيلية
10500243009,243,5,Al Matar Dist.,حي المطار
10500243010,243,5,Al Madinah  Dist.,حي المدينة
10500243011,243,5,Al Nakhil Dist.,حي النخيل
10500243012,243,5,Al Fardus Dist.,حي الفردوس
10500243013,243,5,Al Basatin Dist.,حي البساتين
10500454001,454,5,An Nabiyah Dist.,حي النابية
10500454002,454,5,Ad Dirah Dist.,حي الديرة
10500454003,454,5,Ghirnatah Dist.,حي غرناطة
10500454004,454,5,Al Firdaws Dist.,حي الفردوس
10500454005,454,5,As Salam Dist.,حي السلام
10500454006,454,5,Qurtubah Dist.,حي قرطبة
10500454007,454,5,At Tif Dist.,حي الطف
10500454008,454,5,Al Khisab Dist.,حي الخصاب
10500454009,454,5,Al Ghadir Dist.,حي الغدير
10500454010,454,5,An Naqa Dist.,حي النقى
10500454011,454,5,Al Muntazah Dist.,حي المنتزة
10500454012,454,5,Al Kawthar Dist.,حي الكوثر
10500454013,454,5,Al Naseem Dist.,حي النسيم
10500454014,454,5,Al Khalij Dist.,حي الخليج
10500454015,454,5,Az Zuhur Dist.,حي الزهور
10500454016,454,5,An Nur Dist.,حي النور
10500454017,454,5,Gharb An Nabiyah Dist.,حي غرب النابية
10500454018,454,5,As Sinaiyah Dist.,حي الصناعية
10500456003,456,5,Az Zomorod Dist.,حي الزمرد
10500456004,456,5,As Sadafah Dist.,حي الصدفة
10500456005,456,5,Al Manakh Dist.,حي المناخ
10500456006,456,5,An Narjis Dist.,حي النرجس
10500456007,456,5,Ar Rabeiyah Dist.,حي الربيعية
10500456008,456,5,Al Nakhil Dist.,حي النخيل
10500456009,456,5,Al Lulu Dist.,حي اللؤلؤ
10500456010,456,5,Al Jamiyin Dist.,حي الجامعيين
10500456011,456,5,Sanabis Dist.,حي سنابس
10500456012,456,5,Ad Dirah Dist.,حي الديرة
10500456013,456,5,Az Zour Dist.,حي الزور
10500456014,456,5,Al Yamamah Dist.,حي اليمامة
10500456015,456,5,As Sawari Dist.,حي الصواري
10500456016,456,5,Al Jawharah Dist.,حي الجوهرة
10500456017,456,5,Al Jabal Dist.,حي الجبل
10502038001,2038,5,Al Mutayrifi,بلدة المطيرفي
10502038002,2038,5,Ash Shaqiq Western,بلدة الشقيق الغربية
10502038003,2038,5,Al Wazyah,بلدة الوزية
10502038004,2038,5,Al Rabea Dist.,الحي الرابع
10502038005,2038,5,"Al Awal Dist.
Al Awal Dist.",الحي الاول
10502038006,2038,5,Al Thani Dist.,الحي الثاني
10502038007,2038,5,Al Thalith Dist.,الحي الثالث
10502038008,2038,5,Al Basatin Dist.,حي البساتين
10502038009,2038,5,Al Qaren,بلدة القرين
10502038010,2038,5,Ishbiliyah Dist.,حي اشبيلية
10502038011,2038,5,Julijlah,بلدة جليجلة
10502038012,2038,5,Al Qadisiyah Dist.,حي القادسية
10502038013,2038,5,Al Yarmuk Dist.,حي اليرموك
10502038014,2038,5,As Safa 4th Dist.,حي الصفا الرابع
10502038015,2038,5,An Nada Dist.,حي الندى
10502038016,2038,5,Al Iskan Dist.,حي الاسكان
10502038017,2038,5,As Safa 2nd Dist.,حي الصفا الثاني
10502038018,2038,5,As Safa 3rd Dist.,حي الصفا الثالث
10502038019,2038,5,As Safa 1st Dist.,حي الصفا الاول
10502038020,2038,5,Al Jarn,بلدة الجرن
10502038021,2038,5,As Sinaiyah Dist.,حي الصناعية
10502038022,2038,5,Ar Rabiyah Dist.,حي الرابية
10502038023,2038,5,Dahiyat Prince Sultan Southern Dist.,حي ضاحية الامير سلطان الجنوبية
10502038024,2038,5,Government Departments Complex,مجمع الدوائر الحكومية
10502038025,2038,5,Al Oyon Southern Dist.,حي العيون الشمالية
10502038026,2038,5,Al Awadhyah,بلدة العوضية
10502038027,2038,5,Wassat Al Oyon,وسط العيون
10502038028,2038,5,Al Marah,بلدة المراح
10502038029,2038,5,Dahiyat Prince Sultan Northern Dist.,حي ضاحية الامير سلطان الشمالية
10502038030,2038,5,Al Oyon Southern Dist.,حي العيون الجنوبية
10502038031,2038,5,Ash Shaqiq Eastern,بلدة الشقيق الشرقية
10502167001,2167,5,At Talal Dist.,حي التلال
10502167002,2167,5,An Nahdah Dist.,حي النهضة
10502167003,2167,5,Ar Rawabi Dist.,حي الروابي
10502167004,2167,5,Al Aujam Dist.,حي الاوجام
10502167005,2167,5,Al Fayha Dist.,حي الفيحاء
10502167006,2167,5,Ar Raihan Dist.,حي الريحان
10502167007,2167,5,Ad Duraydi Dist.,حي الدريدي
10502167008,2167,5,Al Marwah Dist.,حي المروة
10502167009,2167,5,Ar Ruwaihah Dist.,حي الرويحة
10502167010,2167,5,Al Rehab Dist.,حي الرحاب
10502167011,2167,5,Abu Main Dist.,حي ابو معن
10502167012,2167,5,Ar Rabwah Dist.,حي الربوة
10502167013,2167,5,Al Masif Dist.,حي المصيف
10502167014,2167,5,Al Budur Dist.,حي البدور
10502167015,2167,5,Al Urubah Dist.,حي العروبة
10502167016,2167,5,Al Safa Dist.,حي الصفاء
10502167017,2167,5,Al Khatrashiyah Dist.,حي الخترشية
10502167018,2167,5,Umm As Sahik Dist.,حي ام الساهك
10502167019,2167,5,Al Amal Dist.,حي العمل
10502167020,2167,5,Al Hazm Dist.,حي الحزم
10502167021,2167,5,Hazm Dist.,حي حزم
10502167022,2167,5,Al Manar Dist.,حي المنار
10502167023,2167,5,Ash Shura Dist.,حي الشورى
10502170001,2170,5,Al Iskan Dist.,حي الاسكان
10502170002,2170,5,Ar Rayah Dist.,حي الراية
10502170003,2170,5,Ar Rimal Dist.,حي الرمال
10502171001,2171,5,Al Aqiq Dist.,حي العقيق
10502171002,2171,5,Al Badr Dist.,حي البدر
10502171003,2171,5,Al Bustan Dist.,حي البستان
10502171004,2171,5,Al Mahar Dist.,حي المحار
10502171005,2171,5,Anak Dist.,حي عنك
10502176001,2176,5,As Sahil Dist.,حي الساحل
10502176002,2176,5,Al Murjan Dist.,حي المرجان
10502176003,2176,5,Al Andalus Dist.,حي الاندلس
10502176004,2176,5,Darin Dist.,حي دارين
10502464001,2464,5,As Salam Dist.,حي السلام
10502464002,2464,5,Al Jawharah Dist.,حي الجوهرة
10502464003,2464,5,At Taawun Dist.,حي التعاون
10502464004,2464,5,Al Faisaliyah Dist.,حي الفيصلية
10502464005,2464,5,Ash Shati Dist.,حي الشاطئ
10502464006,2464,5,Ar Rawdah Dist.,حي الروضة
10502464007,2464,5,Al Fayha Dist.,حي الفيحاء
10502464008,2464,5,Al Khuzama Dist.,حي الخزامى
10502464009,2464,5,Al Yasmin Dist.,حي الياسمين
10502464010,2464,5,Al Aziziyah Dist.,حي العزيزية
10502464011,2464,5,Goverment Departments Dist.,حي الدوائر الحكومية
10502464012,2464,5,Al Muhammadiyah Dist.,حي المحمدية
10502464013,2464,5,1st Industrial Area,المنطقة الصناعية الاولى
10502464014,2464,5,2nd Industrial Area,المنطقة الصناعية الثانية
10502464015,2464,5,Al Hamra Dist.,حي الحمراء
10502464016,2464,5,Al Luluah Dist.,حي اللؤلؤة
10502464017,2464,5,Ar Rayyan Dist.,حي الريان
10502464018,2464,5,Al Yarmuk Dist.,حي اليرموك
10502464019,2464,5,Al Khalidiyah Dist.,حي الخالدية
10502464020,2464,5,Al Amal Dist.,حي الامل
10502464021,2464,5,King Fahd Dist.,حي الملك فهد
10502464022,2464,5,Prince Naif Dist.,حي الامير نايف
10502464023,2464,5,Az Zuhur Dist.,حي الزهور
10502464024,2464,5,Prince Fahd Ibn Salman Dist.,حي الامير فهد بن سلمان
10502464025,2464,5,An Nahdah Dist.,حي النهضة
10502464026,2464,5,Aramco Dist.,حي ارامكو
10502464027,2464,5,An Nuzhah Dist.,حي النزهة
10502464028,2464,5,Al Muruj Dist.,حي المروج
10502590001,2590,5,Az Zuhur Dist.,حي الزهور
10502590002,2590,5,An Naim Dist.,حي النعيم
10502590003,2590,5,Qurtubah Dist.,حي قرطبة
10502590004,2590,5,Al Montazah Dist.,حي المنتزة
10502590005,2590,5,Al Andalus Dist.,حي الاندلس
10502590006,2590,5,As Sinaiyah Dist.,حي الصناعية
10502590007,2590,5,Al Fayha Dist.,حي الفيحاء
10502590008,2590,5,Ad Danah Dist.,حي الدانة
10502590009,2590,5,Ar Rawdah Dist.,حي الروضة
10502590010,2590,5,Najmah Dist.,حي نجمة
10502643001,2643,5,Ash Shuruq Dist.,حي الشروق
10502643002,2643,5,Yebrin Dist.,حي يبرين
10502643003,2643,5,Al Yasmin Dist.,حي الياسمين
10502643004,2643,5,Government Departments Dist.,حي الدوائر الحكوميه
10502643005,2643,5,Ar Rabie Dist.,حي الربيع
10502643006,2643,5,Al Muruj Dist.,حي المروج
10502643007,2643,5,Al Akha Dist.,حي الاخاء
10502653001,2653,5,Al Battaliyah,بلدة البطالية
10502653002,2653,5,Al Jubail,بلدة الجبيل
10502653003,2653,5,Ash Shuruq Dist.,حي الشروق
10502653004,2653,5,As Salam Dist.,حي السلام
10502653005,2653,5,At Tamor Dist.,حي التمور
10502653006,2653,5,Al Qarah,بلدة القارة
10502653007,2653,5,Al Muntazah Dist.,حي المنتزه
10502653008,2653,5,Bani Maan,بلدة بني معن
10502653009,2653,5,Al Qarah Dist.,حي القارة
10502653010,2653,5,At Tarbil,بلدة الطريبيل
10502653011,2653,5,Al Tuwaythir Dist.,حي التويثير
10502653012,2653,5,Al Umran Western,قرية العمران الغربية
10502653013,2653,5,Al Hotah,قرية الحوطة
10502653014,2653,5,As Syayrah,قرية السيايرة
10502653015,2653,5,Abu Ath Thoor,بلدة أبو ثور
10502653016,2653,5,Ar Rawabi Dist.,حي الروابي
10502653017,2653,5,An Narjis Dist.,حي النرجس
10502653018,2653,5,Ar Rumaylah,قرية الرميلة
10502653019,2653,5,Gamsy,بلدة غمسي
10502653020,2653,5,Al Aramiyah,قرية العرامية
10502653021,2653,5,Al Mahar Dist.,حي المحار
10502653022,2653,5,Al Umran Eastern,قرية العمران الشرقية
10502653023,2653,5,As Sabaiykh,بلدة الصبايخ
10502653024,2653,5,Al Aqiq  Dist.,حي العقيق
10502653025,2653,5,Al Umran Southern,قرية العمران الجنوبي
10502653026,2653,5,Al Tuwaythir,بلدة التويثير
10502653027,2653,5,Ath Thuraiya Dist.,حي الثريا
10502653028,2653,5,Az Zahra Dist.,حي الزهراء
10502653029,2653,5,Abu Al Hasa,بلدة أبو الحصى
10502653030,2653,5,At Tahemah,بلدة التهيمية
10502653031,2653,5,Al Budur Dist.,حي البدور
10502653032,2653,5,Al Dalwah,بلدة الدالوة
10502748001,2748,5,As Sinaiyah Dist.,حي الصناعية
10502748002,2748,5,Al Faisal Dist.,حي الفيصل
10502748003,2748,5,Al Dabab Dist.,حي الضباب
10502748004,2748,5,Al Fanar Dist.,حي الفنار
10502748005,2748,5,Ahad Dist.,حي أحد
10502748006,2748,5,Mahasin 2nd Dist.,حي محاسن الثاني
10502748007,2748,5,Ar Rashidyah 2nd Dist.,حي الراشدية الثاني
10502748008,2748,5,Academic Quarter Dist.,الحي الأكاديمي
10502748009,2748,5,Mahasin Aramco 5th  Dist.,حي محاسن ارامكو الخامس
10502748010,2748,5,Qurtubah Dist.,حي قرطبة
10502748011,2748,5,Ar Rashidyah 1st Dist.,حي الراشدية الأول
10502748012,2748,5,Al Mutayrifi Al Garbi Dist.,حي المطيرفي الغربي
10502748013,2748,5,Mahairis Dist.,حي محيرس
10502748014,2748,5,Al Fath Dist.,حي الفتح
10502748015,2748,5,Al Yamamah Dist.,حي اليمامة
10502748016,2748,5,Al Amanah Dist.,حي الأمانة
10502748017,2748,5,Ayn Najm Dist.,حي عين نجم
10502748018,2748,5,Mahasin 1st Dist.,حي محاسن الأول
10502748019,2748,5,Al Hizam Adh Dhahabi Dist.,حي الحزام الذهبي
10502748020,2748,5,Government Departments Complex 1st  Dist.,حي مجمع الدوائر الحكومية الأول
10502748021,2748,5,Ayn Marjan Dist.,حي عين مرجان
10502748022,2748,5,Al Shurofiyah Dist.,حي الشروفية
10502748023,2748,5,Ad Daywan Dist.,حي الديوان
10502748024,2748,5,Al Yarmuk Dist.,حي اليرموك
10502748025,2748,5,As Salam 1st Dist.,حي السلام الأول
10502748026,2748,5,Mahasin Aramco 1st Dist.,حي محاسن ارامكو الأول
10502748027,2748,5,Al Andalus Dist.,حي الأندلس
10502748028,2748,5,Al Hazm Southern Dist.,حي الحزم الجنوبي
10502748029,2748,5,Al Masudi Dist.,حي المسعودي
10502748030,2748,5,Umm Sabah Dist.,حي أم سبعة
10502748031,2748,5,Al Qadisiyah Dist.,حي القادسية
10502748032,2748,5,Al Yasmin Dist.,حي الياسمين
10502748033,2748,5,Al Itsalat Dist.,حي الإتصالات
10502748034,2748,5,An Nuzhah Dist.,حي النزهة
10502748035,2748,5,As Salam 2nd Dist.,حي السلام الثاني
10502748036,2748,5,Al Muqabil Dist.,حي المقابل
10502748037,2748,5,Al Shuaba Dist.,حي الشعبة
10502748038,2748,5,As Suhaimiyah Dist.,حي السحيمية
10502748039,2748,5,Abu Sahbal 1st Dist.,حي بو سحبل الأول
10502748040,2748,5,Historical Center Al Mubarraz  Dist.,حي وسط المبرز التاريخي
10502748041,2748,5,Mahasin Aramco 2nd Dist.,حي محاسن ارامكو الثاني
10502748042,2748,5,Ar Rashidyah 3rd Dist.,حي الراشدية الثالث
10502748043,2748,5,Abu Sahbal 3rd Dist.,حي بو سحبل الثاني
10502748044,2748,5,Mahasin Aramco 4th  Dist.,حي محاسن ارامكو الرابع
10502748045,2748,5,Al Bustan Dist.,حي البستان
10502748046,2748,5,Ash Shara Southern Dist.,حي الشراع الجنوبي
10502748047,2748,5,Ash Shara Northern Dist.,حي الشراع الشمالي
10502748048,2748,5,Mishrifah Dist.,حي مشرفة
10502748049,2748,5,Al Basatin Dist.,حي البساتين
10502748050,2748,5,King Abdullah Military City,مدينة الملك عبدالله العسكرية
10502748051,2748,5,Al Hazm Northern Dist.,حي الحزم الشمالي
10502748052,2748,5,Mahasin Aramco 3rd Dist.,حي محاسن ارامكو الثالث
10502748053,2748,5,Al Olaya Dist.,حي العليا
10502764002,2764,5,Quba Dist.,حي قباء
10502764003,2764,5,Al Madinah Al Munawwarah Dist.,حي المدينة المنورة
10502764004,2764,5,Muthalath Asharqiyah Dist.,حي مثلث الشرقية
10502764005,2764,5,Al Munaizlah,بلدة المنيزلة
10502764006,2764,5,Al Mansurah,بلدة المنصورة
10502764007,2764,5,Badr Dist.,حي بدر
10502764008,2764,5,Ash Shaharin,بلدة الشهارين
10502764009,2764,5,Al Markaz,بلدة المركز
10502764010,2764,5,Al Iskan Dist.,حي الاسكان
10502764011,2764,5,Ar Riyadh 2nd Dist.,حي الرياض الثاني
10502764012,2764,5,Al Fudul,بلدة الفضول
10502764013,2764,5,At Tarf,بلدة الطرف
10502764014,2764,5,Al Aqar,بلدة العقار
10502764015,2764,5,Al Jafr,بلدة الجفر
10502764016,2764,5,An Nuzhah Dist.,حي النزهة
10502764017,2764,5,Hajr 1st Dist.,حي هجر الأول
10502764018,2764,5,Madina Al Hojaj Dist.,حي مدينة الحجاج
10502764019,2764,5,Hajr 2nd Dist.,حي هجر الثاني
10502764020,2764,5,Az Zuhur Dist.,حي الزهور
10502764021,2764,5,Hajr 8th Dist.,حي هجر الثامن
10502764022,2764,5,Hajr 11th Dist.,حي هجر الحادي عشر
10502764023,2764,5,Al Jabal Dist.,حي الجبل
10502764024,2764,5,Ar Rekaz Dist.,حي الركاز
10502764025,2764,5,Al Jishah,بلدة الجشة
10502764026,2764,5,Hajr 3rd Dist.,حي هجر الثالث
10502764027,2764,5,Hajr 9th Dist.,حي هجر التاسع
10502764028,2764,5,Al Wadi Dist.,حي الوادي
10502764029,2764,5,Ahad Dist.,حي أحد
10502764030,2764,5,Hajr 4th Dist.,حي هجر الرابع
10502764031,2764,5,Al Khuzama Dist.,حي الخزامى
10502764032,2764,5,Ad Dirah Dist.,حي الديرة
10502764033,2764,5,Al Magassah Dist.,حي المجصة
10502764034,2764,5,An Noor Dist.,حي النور
10502764035,2764,5,At Talal Dist.,حي التلال
10502764036,2764,5,Hajr 6th Dist.,حي هجر السادس
10502764037,2764,5,Ar Riyadh 1st Dist.,حي الرياض الاول
10502764038,2764,5,Al Wahah Medical  Dist.,حي الواحة الطبية
10502764039,2764,5,Ar Rabie Dist.,حي الربيع
10502764040,2764,5,Al Nakheel Dist.,حي النخيل
10502764041,2764,5,Hajr 7th Dist.,حي هجر السابع
10502764042,2764,5,Hajr 5th Dist.,حي هجر الخامس
10502764043,2764,5,Al Mazawi,بلدة المزاوي
10502764044,2764,5,Barzan Dist.,حي برزان
10502764045,2764,5,Ar Riyadh 4th Dist.,حي الرياض الرابع
10502764046,2764,5,Al Khyam Dist.,حي الخيام
10502764047,2764,5,Al Adwah Dist.,حي العدوة
10502764048,2764,5,Al Ja Hospital Dist.,حي المستشفى الجا
10502764049,2764,5,As Sabat,بلدة السباط
10502764050,2764,5,Ar Rawdah Dist.,حي الروضة
10502764051,2764,5,Al Basatin Dist.,حي البساتين
10502764052,2764,5,Hajr 10th Dist.,حي هجر العاشر
10502764053,2764,5,As Sahlah Dist.,حي السهلة
10502764054,2764,5,Nadi Al Forosiyah Dist.,حي نادي الفروسية
10502764055,2764,5,Abu Hareef Dist.,حي ابوحريف
10502764056,2764,5,Al Jafer Northern Dist.,حي الجفر الشمالي
10502764057,2764,5,Ar Riyadh 3rd Dist.,حي الرياض الثالث
10502764058,2764,5,Al Maamrah Dist.,حي المعامرة
10502764059,2764,5,Hajr 12th Dist.,حي هجر الثاني عشر
10502764060,2764,5,Madina At Tomor Dist.,حي مدينة التمور
10502764061,2764,5,Government Departments Complex Dist.,حي مجمع الدوائر الحكومية
10502764096,2764,5,Al Munaizilah Dist.,حي المنيزله
10503700001,3700,5,Goverment Departments Dist.,حي الدوائر الحكومية
10503700002,3700,5,Al Kilabiyah Housing Dist.,حي اسكان الكلابية
10503700003,3700,5,Al Kilabiyah,بلدة الكلابية
10503700004,3700,5,Juwatha Dist.,حي جواثا
10503700005,3700,5,Al Kilabiyah Dist.,حي الكلابية
10503700006,3700,5,Al Wahah Dist.,حي الواحة
10503700007,3700,5,Al Halilah,بلدة الحليلة
10503700008,3700,5,Al Miqdam,بلدة المقدام
10503700009,3700,5,Al Bustan Dist.,حي البستان
10503700010,3700,5,Ar Rifaa Dist.,حي الرفاع
10503700011,3700,5,Al Faisaliyah Dist.,حي الفيصلية
10503700012,3700,5,Ar Rawdah Dist.,حي الروضة
10511075001,11075,5,Al Anwar Dist.,حي الانوار
10511075002,11075,5,Um Al Hamam Dist.,حي ام الحمام
10600015001,15,6,Al Manhal Dist.,حي المنهل
10600015002,15,6,An Nasb Dist.,حي النصب
10600015003,15,6,City Center,وسط المدينة
10600015004,15,6,An Nuzhah Dist.,حي النزهة
10600015005,15,6,Dhurah Dist.,حي ذرة
10600015006,15,6,Shamsan Dist.,حي شمسان
10600015007,15,6,Al Qura Dist.,حي القرى
10600015008,15,6,Al Wardatain Dist.,حي الوردتين
10600015009,15,6,Ar Rabwah Dist.,حي الربوة
10600015010,15,6,Al Naseem Dist.,حي النسيم
10600015011,15,6,Al Andalus Dist.,حي الاندلس
10600015013,15,6,Ad Dabab Dist.,حي الضباب
10600015014,15,6,Al Wasaif Dist.,حي الوصايف
10600015015,15,6,Ash Sharafiyah Dist.,حي الشرفية
10600015016,15,6,Al Aziziyah Dist.,حي العزيزية
10600015017,15,6,Ash Shifa Dist.,حي الشفاء
10600015018,15,6,Al Muftahah Dist.,حي المفتاحة
10600015019,15,6,As Sarawat Dist.,حي السروات
10600015020,15,6,Al Muruj Dist.,حي المروج
10600015021,15,6,As Sadd Dist.,حي السد
10600015022,15,6,Al Khasha Dist.,حي الخشع
10600015023,15,6,Al Qabil Dist.,حي القابل
10600015024,15,6,Al Faisaliyah Dist.,حي الفيصلية
10600015025,15,6,Al Khalidiyah Dist.,حي الخالدية
10600015026,15,6,Al Arin Dist.,حي العرين
10600015027,15,6,Al Badi Dist.,حي البديع
10600015028,15,6,Al Safa Dist.,حي الصفا
10600015029,15,6,C 35 Dist.,حي ج 35
10600015030,15,6,Al Magda Dist.,حي المقضى
10600015031,15,6,At Taawun Dist.,حي التعاون
10600015032,15,6,Al Wadi Dist.,حي الوادي
10600015033,15,6,Al Rawdah Dist.,حي الروضة
10600015034,15,6,Al Fal Dist.,حي الفل
10600015035,15,6,Ar Rawabi Dist.,حي الروابي
10600015036,15,6,Airport Dist.,حي المطار
10600015037,15,6,Al Masif Dist.,حي المصيف
10600015038,15,6,Sultanah Dist.,حي سلطانة
10600015039,15,6,As Sinaiyah Dist.,حي الصناعية
10600015040,15,6,Al Bhira Dist.,حي البحيره
10600015041,15,6,Al Aqiq  Dist.,حي العقيق
10600015042,15,6,As Salam Dist.,حي السلام
10600015043,15,6,Az Zuhur Dist.,حي الزهور
10600015044,15,6,Al Misk Dist.,حي المسك
10600062001,62,6,Al Raqi Dist.,حي الراقي
10600062002,62,6,Al Aswaq Dist.,حي الأسواق
10600062003,62,6,Al Wahah Dist.,حي الواحة
10600062004,62,6,As Sad Dist.,حي السد
10600062005,62,6,Al Jazirah Dist.,حي الجزيرة
10600062006,62,6,Tayib Al Ism Dist.,حي طيب الاسم
10600062007,62,6,Az Zuhur Dist.,حي الزهور
10600062008,62,6,Ar Rawdah Dist.,حي الروضة
10600062009,62,6,Al Muntazah Dist.,حي المنتزه
10600062010,62,6,Damak Dist.,حي ضمك
10600062011,62,6,Al Khazzan Dist.,حي الخزان
10600062012,62,6,Al Khalidiyah Dist.,حي الخالدية
10600062013,62,6,Al Fath Dist.,حي الفتح
10600062014,62,6,An Nahdah Dist.,حي النهضة
10600062015,62,6,Shubaah Dist.,حي شباعة
10600062016,62,6,Al Mizab Dist.,حي المعزاب
10600062017,62,6,Al Mathnah Dist.,حي المثناة
10600062018,62,6,Al Mamurah Dist.,حي المعمورة
10600062019,62,6,Al Naseem Dist.,حي النسيم
10600062020,62,6,Shakar Dist.,حي شكر
10600062021,62,6,An Nuzhah Dist.,حي النزهة
10600062022,62,6,Atud Dist.,حي عتود
10600062023,62,6,Al Humaylah Dist.,حي ال هميلة
10600062024,62,6,Al Irq Al Janubi Dist.,حي العرق الجنوبي
10600062025,62,6,As Suqur Dist.,حي الصقور
10600062026,62,6,Al Bawadi Dist.,حي البوادي
10600062027,62,6,Al Nakhil Dist.,حي النخيل
10600062028,62,6,Umm Surur Dist.,حي ام سرور
10600062029,62,6,Ash Sharafiyah Dist.,حي الشرفية
10600062030,62,6,Ar Rabie Dist.,حي الربيع
10600062031,62,6,Qambar Dist.,حي قمبر
10600062032,62,6,As Salam Dist.,حي السلام
10600062033,62,6,Al Irq Ash Shamali Dist.,حي العرق الشمالي
10600062034,62,6,Ad Dawhah Dist.,حي الدوحة
10600062035,62,6,Al Aziziyah Dist.,حي العزيزية
10600062036,62,6,Al Qafilah Dist.,حي القافلة
10600062037,62,6,Al Musa Subdivision Plan,مخطط الموسى
10600062038,62,6,Airforce Housing,سكن القاعدة الجوية
10600062039,62,6,Ar Runah Dist.,حي الرونه
10600062040,62,6,Ash Shifa Dist.,حي الشفاء
10600062041,62,6,Dhalalah Dist.,حي ذلالة
10600062042,62,6,Ar Rasras 2 Dist.,حي الرصراص 2
10600062043,62,6,Military City Housing,سكن المدينة العسكرية
10600062044,62,6,14th Brigade Housing,سكن مجموعة اللواء الرابع عشر
10600062046,62,6,Al Jamiyin Dist.,حي الجامعيين
10600062047,62,6,Al Wasam Dist.,حي الوسام
10600062048,62,6,Al Yarmuk Dist.,حي اليرموك
10600062049,62,6,Al Harabi Dist.,حي الحرابى
10600062050,62,6,Shokor Dist.,حي شكر
10600062051,62,6,Al Hamra Dist.,حي الحمراء
10600062052,62,6,Al Harir Western Dist.,حي الهرير الغربى
10600062053,62,6,Al Marath Dist.,حي المراث
10600062054,62,6,Al Dhurfah Dist.,حي الظرفة
10600062055,62,6,Tara Dist.,حي تارة
10600062056,62,6,An Najah Dist.,حي النجاح
10600062057,62,6,Al Jabal Dist.,حي الجبل
10600062058,62,6,Shamal At Tadamun Dist.,حي شمال التضامن
10600062059,62,6,Nashwan Dist.,حي نشوان
10600062060,62,6,Al Masif Dist.,حي المصيف
10600062061,62,6,As Sinaiyah Dist.,حي الصناعية
10600062062,62,6,Al Wafa Dist.,حي الوفاء
10600062063,62,6,At Taawun Dist.,حي التعاون
10600062064,62,6,Uhud Dist.,حي أحد
10600062065,62,6,Shaab Dhahban Dist.,حي شعب ذهبان
10600062066,62,6,Western Dhahban Dist.,حي ذهبان الغربى
10600062067,62,6,Eastern Dhahban Dist.,حي ذهبان الشرقى
10600062068,62,6,Ar Rasras 1 Dist.,حي الرصراص 1
10600062069,62,6,Al Waqwaq Dist.,حي الوقواق
10600062070,62,6,Al Harir Al Sharqi Dist.,حي الهرير الشرقى
10600062071,62,6,Al Waqba Dist.,حي الوقبة
10600062072,62,6,Masloum Dist.,حي مصلوم
10600065001,65,6,Al Khalidiyah Dist.,حي الخالدية
10600065002,65,6,Az Zaytun Dist.,حي الزيتون
10600065003,65,6,Al Aziziyah Dist.,حي العزيزية
10600065004,65,6,As Salamah Dist.,حي السلامة
10600065005,65,6,An Nahdah Dist.,حي النهضة
10600065006,65,6,Down Town Dist.,حي وسط البلد
10600065007,65,6,Al Wurud Dist.,حي الورود
10600065008,65,6,Az Zuhur Dist.,حي الزهور
10600065009,65,6,Safwan Dist.,حي صفوان
10600065010,65,6,As Salhiyah Dist.,حي الصالحية
10600065011,65,6,Al Masif Dist.,حي المصيف
10600065012,65,6,Al Khalij Dist.,حي الخليج
10600065013,65,6,Ar Runah Dist.,حي الرونه
10600065014,65,6,Military City,المدينة العسكرية
10600065015,65,6,Ar Rawdah 1 Dist.,حي الروضه 1
10600256001,256,6,Al Taawun Dist.,حي التعاون
10600256002,256,6,Al Nuzhah Dist.,حي النزهة
10600256003,256,6,Al Nahdah Dist.,حي النهضة
10600256004,256,6,Al Khalidiyah Dist.,حي الخالدية
10600256005,256,6,Al Fakhriyah Dist.,حي الفاخرية
10600256006,256,6,Al Safa Dist.,حي الصفاء
10600256007,256,6,Al Olaya Dist.,حي العليا
10600256008,256,6,Al Manhal Dist.,حي المنهل
10600256009,256,6,Al Urubah Dist.,حي العروبة
10600256010,256,6,King Fahd Dist.,حي الملك فهد
10600256011,256,6,Al Rawdah Dist.,حي الروضة
10600256012,256,6,Al Muruj Dist.,حي المروج
10600256013,256,6,Al Sinaiyah Dist.,حي الصناعية
10600256014,256,6,Al Naseem Dist.,حي النسيم
10601294001,1294,6,An Nahdah Dist.,حي النهضة
10601294002,1294,6,Al Khalij Dist.,حي الخليج
10601294003,1294,6,Al Faisaliyah Dist.,حي الفيصلية
10601294004,1294,6,At Taqadom Dist.,حي التقدم
10601294005,1294,6,Ash Sharq Dist.,حي الشرق
10601294006,1294,6,Al Andalus Dist.,حي الاندلس
10601294007,1294,6,Al Naseem Dist.,حي النسيم
10601294008,1294,6,Al Khalidiyah Dist.,حي الخالدية
10601294009,1294,6,Ar Rawdah Dist.,حي الروضة
10601294010,1294,6,Al Adalah Dist.,حي العدالة
10601294011,1294,6,Ar Rabie Dist.,حي الربيع
10601294012,1294,6,As Sinaiyah Dist.,حي الصناعية
10601443001,1443,6,Al Khazzan Dist.,حي الخزان
10601443002,1443,6,Az Zuhur Dist.,حي الزهور
10601443003,1443,6,Al Nakhil Dist.,حي النخيل
10601443004,1443,6,Al Wajh Dist.,حي الوجه
10601443005,1443,6,Al Ghazalah Dist.,حي الغزالة
10601443006,1443,6,Al Hijaz Dist.,حي الحجاز
10601443007,1443,6,Al Fakhriyah Dist.,حي الفاخرية
10601443008,1443,6,Al Khalidiyah Dist.,حي الخالدية
10601443009,1443,6,Al Aziziyah Dist.,حي العزيزية
10601443010,1443,6,Al Madinah Dist.,حي المدينة
10601443011,1443,6,At Taawun Dist.,حي التعاون
10601443012,1443,6,Al Tuwaifah,الطويفح
10601443013,1443,6,Al Jarboeyyah,الجربوعية
10601443014,1443,6,Al Quoziyah,القوزية
10601443015,1443,6,Al Qeer,آل قير
10601514001,1514,6,As Sawaer Dist.,حي الصواير
10601514002,1514,6,Ar Rimal Dist.,حي الرمال
10601514003,1514,6,Al Andalus Dist.,حي الاندلس
10601514004,1514,6,Al Khazzan Dist.,حي الخزان
10601514005,1514,6,Ar Rabwah Dist.,حي الربوة
10601514006,1514,6,Al Fayha Dist.,حي الفيحاء
10601514007,1514,6,Al Khuzama Dist.,حي الخزامى
10601514008,1514,6,Al Fahd Dist.,حي الفهد
10601514009,1514,6,Al Faisaliyah Dist.,حي الفيصلية
10601514010,1514,6,Al Nakhil Dist.,حي النخيل
10601514011,1514,6,Alwurud Dist.,حي الورود
10601514012,1514,6,Al Tadamun Dist.,حي التضامن
10601514013,1514,6,An Nahdah Dist.,حي النهضة
10601514014,1514,6,Ar Rayyan Dist.,حي الريان
10601514015,1514,6,Ar Rabie Dist.,حي الربيع
10601514016,1514,6,Ar Rawdah Dist.,حي الروضة
10601514017,1514,6,Az Zuhur Dist.,حي الزهور
10601514018,1514,6,Al Bawadi Dist.,حي البوادي
10601514019,1514,6,King Abdullah Dist.,حي الملك عبدالله
10601514020,1514,6,Airport Dist.,حي المطار
10601514021,1514,6,As Safa Dist.,حي الصفا
10601514022,1514,6,Al Naseem Dist.,حي النسيم
10601514023,1514,6,An Nuzhah Dist.,حي النزهة
10601514024,1514,6,As Sinaiyah Dist.,حي الصناعية
10601514025,1514,6,Ash Shifa Dist.,حي الشفاء
10601514026,1514,6,Al Wadi Dist.,حي الوادي
10601514027,1514,6,Prince Sultan Dist.,حي الامير سلطان
10601514028,1514,6,Al Muruj Dist.,حي المروج
10601627001,1627,6,Al Wahah Dist.,حي الواحة
10601627002,1627,6,Ar Rabwah Dist.,حي الربوة
10601627003,1627,6,Ash Shati Dist.,حي الشاطئ
10601627004,1627,6,Ar Rawdah Dist.,حي الروضة
10601627005,1627,6,Al Khadra Dist.,حي الخضراء
10601627006,1627,6,Ar Rawabi Dist.,حي الروابي
10601627007,1627,6,Al Andalus Dist.,حي الاندلس
10601627008,1627,6,Al Aziziyah Dist.,حي العزيزية
10601627009,1627,6,Al Khalidiyah Dist.,حي الخالدية
10601627010,1627,6,Al Muntazah Dist.,حي المنتزه
10601627011,1627,6,Al Faisaliyah Dist.,حي الفيصلية
10601627012,1627,6,Al Urubah Dist.,حي العروبة
10601627013,1627,6,Ash Sharq Dist.,حي الشرق
10601627014,1627,6,Ar Rabie Dist.,حي الربيع
10601627015,1627,6,Al Safh Dist.,حي الصفح
10601627016,1627,6,Al Jazirah Dist.,حي الجزيرة
10601627017,1627,6,Al Amal Dist.,حي الامل
10601801001,1801,6,Al Naseem Dist.,حي النسيم
10601801002,1801,6,Al Montazah Dist.,حي المنتزة
10601801003,1801,6,Al Janadriyah Dist.,حي الجنادرية
10601801004,1801,6,An Nuzhah Dist.,حي النزهة
10601801005,1801,6,Al Haylah Ash Sharqi Dist.,حي الحيلة الشرقي
10601801006,1801,6,Al Maqaiid Dist.,حي المقاعد
10601801007,1801,6,Adh Dhahrah Dist.,حي الظهرة
10601801008,1801,6,Ash Shahd Dist.,حي الشهد
10601801009,1801,6,Al Faisaliyah Dist.,حي الفيصلية
10601801010,1801,6,Al Haylah Al Gharbi Dist.,حي الحيلة الغربي
10601801011,1801,6,Al Khalidiyah Dist.,حي الخالدية
10601801012,1801,6,Ar Rawdah Dist.,حي الروضة
10601801013,1801,6,Al Basrah Dist.,حي البصرة
10601801014,1801,6,Ad Dirs Dist.,حي الضرس
10601801015,1801,6,Al Badi Dist.,حي البديع
10601801016,1801,6,Az Zahra Dist.,حي الزهراء
10601801017,1801,6,Al Balad Dist.,حي البلد
10601801018,1801,6,As Salamah Dist.,حي السلامة
10601801019,1801,6,Al Waad Dist.,حي الوعد
10601847001,1847,6,Ar Raihan Dist.,حي الريحان
10601847002,1847,6,As Suda Dist.,حي السودة
10601847003,1847,6,Al Magda Dist.,حي المقضى
10601847004,1847,6,C 34 Dist.,حي ج 34
10601847005,1847,6,C 35 Dist.,حي ج 35
10602519001,2519,6,Al Matl Dist.,حي المطل
10602519002,2519,6,Ad Dabab Dist.,حي الضباب
10602519003,2519,6,Al Muruj Dist.,حي المروج
10602519004,2519,6,As Sarawat Dist.,حي السروات
10602519005,2519,6,Al Faisaliyah Dist.,حي الفيصلية
10602519006,2519,6,As Sad Dist.,حي السد
10602519007,2519,6,As Sediq Dist.,حي الصديق
10602519008,2519,6,Ash Shuruq Dist.,حي الشروق
10602519009,2519,6,Al Farouq Dist.,حي الفاروق
10602519010,2519,6,As Salam Dist.,حي السلام
10602519011,2519,6,Bilal Dist.,حي بلال
10602519012,2519,6,Al Naseem Dist.,حي النسيم
10602519013,2519,6,An Nuzhah Dist.,حي النزهة
10602519014,2519,6,Al Andalus Dist.,حي الاندلس
10602519015,2519,6,Az Zuhur Dist.,حي الزهور
10602519016,2519,6,Al Yamamah Dist.,حي اليمامة
10602968001,2968,6,Ar Raihan Dist.,حي الريحان
10603273001,3273,6,Al Amal Dist.,حي الامل
10603273002,3273,6,As Salam Dist.,حي السلام
10603273003,3273,6,Ash Shifa Dist.,حي الشفاء
10603273004,3273,6,Al Shlal Dist.,حي الشلال
10603273005,3273,6,As Sinaiyah Dist.,حي الصناعية
10603273006,3273,6,Ad Dabab Dist.,حي الضباب
10603273007,3273,6,Al Aziziyah Dist.,حي العزيزية
10603273008,3273,6,Al Mustaqbal Dist.,حي المستقبل
10603273009,3273,6,Al Masyaf Dist.,حي المصايف
10603273010,3273,6,An Nuzhah Dist.,حي النزهة
10603273011,3273,6,Al Naseem Dist.,حي النسيم
10603273012,3273,6,An Nahdah Dist.,حي النهضة
10603275001,3275,6,Ar Rayyan Dist.,حي الريان
10603275002,3275,6,Ar Rabie Dist.,حي الربيع
10603275003,3275,6,As Salamah Dist.,حي السلامة
10603275004,3275,6,Al Rabwah Dist.,حي الربوة
10603275005,3275,6,Al Basatin Dist.,حي البساتين
10603275006,3275,6,As Samir Dist.,حي السامر
10603275007,3275,6,Ar Rawdah Dist.,حي الروضة
10603275008,3275,6,Az Zaytun Dist.,حي الزيتون
10603275009,3275,6,As Salam Dist.,حي السلام
10603275010,3275,6,Ash Shifa Dist.,حي الشفا
10603275011,3275,6,Al Wurud Dist.,حي الورود
10603275012,3275,6,Al Aziziyah Dist.,حي العزيزية
10603275013,3275,6,Al Khalidiyah Dist.,حي الخالدية
10603275014,3275,6,An Nuzhah Dist.,حي النزهة
10603275015,3275,6,As Sarawat Dist.,حي السروات
10603275016,3275,6,Al Muntazah Dist.,حي المنتزه
10603328001,3328,6,Al Fahd Dist.,حي الفهد
10603328002,3328,6,Ash Shifa Dist.,حي الشفا
10603328003,3328,6,An Nur Dist.,حي النور
10603328004,3328,6,Industrial Area,المنطقة الصناعية
10603328005,3328,6,Ar Rabwah Dist.,حي الربوة
10603328006,3328,6,Ar Rawdah Dist.,حي الروضة
10603328007,3328,6,Al Khalidiyah Dist.,حي الخالدية
10603381001,3381,6,Al Atlal Dist.,حي الاطلال
10603381002,3381,6,Al Woroud Dist.,حي الورود
10603381003,3381,6,Al Balad Dist.,حي البلد
10603383001,3383,6,Ar Rabwah Dist.,حي الربوه
10603678001,3678,6,North Tandaha Dist.,حي شمال تندحة
10603678002,3678,6,Centeral Tandaha Dist.,حي وسط تندحة
10603678003,3678,6,South Tandaha Dist.,حي جنوب تندحة
10603689001,3689,6,Al Faisaliyah Dist.,حي الفيصلية
10700001001,1,7,Al Iskan Dist.,حي الإسكان
10700001002,1,7,Al Ain Dist.,حي العين
10700001003,1,7,Al Shifa Dist.,حي الشفا
10700001004,1,7,Al Safa Dist.,حي الصفا
10700001005,1,7,Al Akhdar Dist.,حي الاخضر
10700001006,1,7,Al Bawadi Dist.,حي البوادي
10700001007,1,7,Al Yarmuk Dist.,حي اليرموك
10700001008,1,7,Southern Districts,الأحياء الجنوبية
10700001009,1,7,Al Nadheem Dist.,حي النظيم
10700001010,1,7,Khalidiyah West Dist.,حي غرب الخالدية
10700001011,1,7,Al Basatin Dist.,حي البساتين
10700001012,1,7,Al Hamra Dist.,حي الحمراء
10700001013,1,7,Down Town,البلدة القديمة
10700001014,1,7,Al Saadah Dist.,حي السعادة
10700001015,1,7,Sultanah Dist.,حي سلطانة
10700001016,1,7,Faisaliyah South Dist.,حي الفيصلية الجنوبية
10700001017,1,7,Faisaliyah North Dist.,حي الفيصلية الشمالية
10700001018,1,7,Al Nahdah Dist.,حي النهضة
10700001019,1,7,Al Rawdah Dist.,حي الروضة
10700001020,1,7,Al Masif 1 Dist.,حي المصيف الاول
10700001021,1,7,Al Muruj 2 Dist.,حي المروج الثاني
10700001022,1,7,Al Rayan Dist.,حي الريان
10700001023,1,7,Al Wurud Dist.,حي الورود
10700001024,1,7,Al Rajhi Subdivision Plan,مخطط الراجحي
10700001025,1,7,University City,المدينة الجامعية
10700001026,1,7,Al Falah Dist.,حي الفلاح
10700001027,1,7,Al Zahra Dist.,حي الزهراء
10700001028,1,7,Rise Dist.,حي رايس
10700001029,1,7,Government Departments Area F,الدوائر الحكومية و
10700001030,1,7,Government Departments Area B,الدوائر الحكومية ب
10700001031,1,7,Government Departments Area D,الدوائر الحكومية د
10700001032,1,7,Government Departments Area A,الدوائر الحكومية أ
10700001033,1,7,Al Jamiah Dist.,حي الجامعة
10700001034,1,7,Government Departments Area C,الدوائر الحكومية ج
10700001035,1,7,Government Departments Area E,الدوائر الحكومية هـ
10700001036,1,7,Private Area,منطقة خاصة
10700001037,1,7,Al Difa Dist.,حي الدفاع
10700001041,1,7,Al Nada Dist.,حي الندى
10700001042,1,7,Al Hejin Dist.,حي الهجن
10700001043,1,7,Prince Sultan Bin Abdulaziz International Airport,مطــار الامير سلطان بن عبدالعزيز الدولي
10700001044,1,7,Al Qadisiyah 2 Dist.,حي القادسية الثاني
10700001045,1,7,Taibah Dist.,حى طيبة
10700001046,1,7,Industrial Area,المنطقة الصناعية
10700001047,1,7,Al Quds Dist.,حي القدس
10700001048,1,7,Al Taawun Dist.,حي التعاون
10700001049,1,7,Al Qadisiyah 1 Dist.,حي القادسية الاول
10700001050,1,7,Ghirnatah Dist.,حي غرناطة
10700001051,1,7,Al Nakheel Dist.,حي النخيل
10700001052,1,7,Sports Stadium,الاستاد الرياضي
10700001053,1,7,Al Yasmin Dist.,حي الياسمين
10700001054,1,7,Al Sulimaniyah Dist.,حي السليمانية
10700001055,1,7,Al Ishrafiyah Dist.,حي الاشرافية
10700001056,1,7,Al Salam Dist.,حي السلام
10700001057,1,7,Qurtubah Dist.,حي قرطبة
10700001058,1,7,Al Muruj 3 Dist.,حي المروج الثالث
10700001059,1,7,Al Muruj 1 Dist.,حي المروج الاول
10700001060,1,7,Ar Rabwah Dist.,حي الربوة
10700001061,1,7,Al Mahrajan A Dist.,حي المهرجان أ
10700001062,1,7,Al Mahrajan B Dist.,حي المهرجان ب
10700001063,1,7,As Salhiyah Dist.,حي الصالحية
10700001064,1,7,Al Aziziyah Al Qadimah Dist.,حي العزيزية القديمة
10700001065,1,7,Al Olaya Dist.,حي العليا
10700001067,1,7,Al Aziziyah Al Jadidah Dist.,حي العزيزيه الجديده
10700001068,1,7,As Salman Dist.,حي السلمان
10700036001,36,7,Adh Dhahrah Dist.,حي الظهرة
10700036002,36,7,Al Yarmuk Dist.,حي اليرموك
10700036003,36,7,As Sabkhah Dist.,حي السبخة
10700036004,36,7,Al Balda Al Qadimah Dist.,حي البلدة القديمة
10700036005,36,7,Ar Rayyan Dist.,حي الريان
10700036006,36,7,Al Muruj 1 Dist.,حي المروج1
10700036007,36,7,Al Qadisiyah Dist.,حي القادسية
10700036008,36,7,An Nahdah Dist.,حي النهضة
10700036009,36,7,Al Sultanih Dist.,حي السلطانيه
10700036010,36,7,Al Wasl Dist.,حي الوصل
10700036011,36,7,Al Muruj 2 Dist.,حي المروج 2
10700036012,36,7,Al Faisaliyah Dist.,حي الفيصلية
10700036013,36,7,Al Humaydah South Dist.,حي جنوب الحميضه
10700036014,36,7,Al Wadi Dist.,حي الوادي
10700036015,36,7,Al Wurud Dist.,حي الورود
10700036016,36,7,Al Humaydah Dist.,حي الحميضه
10700036017,36,7,Al Dhahra West Dist.,حي غرب الظهره
10700036018,36,7,C1 Dist.,حي ج1
10700036019,36,7,Um Anam Dist.,حي ام عنم
10700036020,36,7,Al Jamiah Dist.,حي الجامعه
10700074001,74,7,As Safa Dist.,حي الصفا
10700074002,74,7,Ar Rawdah Dist.,حي الروضة
10700074003,74,7,Al Muntazah Dist.,حي المنتزه
10700074004,74,7,Ar Rabwah Dist.,حي الربوة
10700074005,74,7,At Tijari  Dist.,حي التجاري
10700074006,74,7,Haddaj Dist.,حي هداج
10700074007,74,7,Al Qaa Dist.,حي القاع
10700074008,74,7,Al Faw Dist.,حي الفاو
10700074009,74,7,Uqaz Dist.,حي عكاظ
10700074010,74,7,Al Khobara Dist.,حي الخبراء
10700074011,74,7,Ash Sharq Dist.,حي الشرق
10700074012,74,7,Ar Rahmaniyah Dist.,حي الرحمانية
10700074013,74,7,Ghirnatah Dist.,حي غرناطة
10700074014,74,7,Ash Shifa Dist.,حي الشفاء
10700074015,74,7,Qaryan Dist.,حي قريان
10700074016,74,7,Al Naseem Dist.,حي النسيم
10700074017,74,7,Al Muruj Dist.,حي المروج
10700074018,74,7,Al Andalus Dist.,حي الاندلس
10700074019,74,7,Al Wurud Dist.,حي الورود
10700074020,74,7,Al Hamra Dist.,حي الحمراء
10700233001,233,7,As Safa Dist.,حي الصفا
10700233002,233,7,Al Balad Dist.,حي البلد
10700233003,233,7,Al Aziziyah Dist.,حي العزيزية
10700233004,233,7,Al Khalidiyah Dist.,حي الخالدية
10700233005,233,7,An Nahdah Dist.,حي النهضة
10700233006,233,7,Al Fareah Dist.,حي الفريعة
10700233007,233,7,Al Wurud Dist.,حي الورود
10700323001,323,7,Qaryat Al Jabnon Dist.,حي قرية الجبنون
10700323002,323,7,Al Naseem Dist.,حي النسيم
10700323003,323,7,At Tahliyyah Dist.,حي التحلية
10700323004,323,7,Al Murjan Dist.,حي المرجان
10700323005,323,7,As Sayyadih Dist.,حي الصيادية
10700323006,323,7,Al Batha Dist.,حي البطحاء
10700323007,323,7,Ar Rawdhah Dist.,حي الروضة
10700323008,323,7,Abu Shajarah Dist.,حي ابو شجرة
10700323009,323,7,Al Balad Dist.,حي البلد
10700323010,323,7,Al Olaya Dist.,حي العليا
10700323011,323,7,Al Salam Dist.,حي السلام
10700323012,323,7,Al Dawayhi Dist.,حي الضويحي
10701947001,1947,7,Samdah Dist.,حي صمدة
10701947002,1947,7,Al Mazari Dist.,حي المزارع
10701947003,1947,7,Al Matar Dist.,حي المطار
10701947004,1947,7,Al Balad Dist.,حي البلد
10701947005,1947,7,Al Muqayti Dist.,حي المقيطع
10800010001,10,8,Aja Dist.,حي اجا
10800010002,10,8,Al Aziziyah Dist.,حي العزيزية
10800010003,10,8,Al Muzaabar Dist.,حي المزعبر
10800010004,10,8,Barzan Dist.,حي برزان
10800010005,10,8,Al Mahattah Dist.,حي المحطة
10800010006,10,8,Samah Dist.,حي سماح
10800010007,10,8,Labdah Dist.,حي لبدة
10800010008,10,8,Az Zibarah Dist.,حي الزبارة
10800010009,10,8,As Samra Dist.,حي السمراء
10800010010,10,8,Industrial Area,المنطقة الصناعية
10800010011,10,8,Az Zahra Dist.,حي الزهراء
10800010012,10,8,Al Khuzama Dist.,حي الخزامى
10800010013,10,8,Mughaydah Dist.,حي مغيضة
10800010014,10,8,Hadri Al Bilad Dist.,حي حدري البلاد
10800010015,10,8,Al Khuraymi Dist.,حي الخريمي
10800010016,10,8,As Suwayfilah Dist.,حي السويفلة
10800010017,10,8,2 C Dist.,حي ج2
10800010018,10,8,Al Badnah Dist.,حي البدنة
10800010019,10,8,Al Wusayta Dist.,حي الوسيطاء
10800010020,10,8,Sababah Dist.,حي صبابة
10800010021,10,8,Al Matar Dist.,حي المطار
10800010022,10,8,Al Buhayrah Dist.,حي البحيرة
10800010023,10,8,Al Madaen Dist.,حي المدائن
10800010024,10,8,An Naqrah Qafar Dist.,حي النقرة قفار
10800010025,10,8,An Naqrah Dist.,حي النقرة
10800010026,10,8,Al Khamashiyah Dist.,حي الخماشية
10800010027,10,8,Hail International Airport,مطار حائل الدولي
10800010029,10,8,As Suwayfilah Dist.,حي السويفلة
10800010031,10,8,Al Muntazah Al Gharbi Dist.,حي المنتزه الغربي
10800010032,10,8,Al Masif Dist.,حي المصيف
10800010033,10,8,Al Muntazah Ash Sharqi Dist.,حي المنتزه الشرقي
10800010034,10,8,Al Laqitah Dist.,حي اللقيطة
10800010035,10,8,Al Wadi Dist.,حي الوادي
10800010036,10,8,Ar Rasf Dist.,حي الرصف
10800010037,10,8,Al Shifa Dist.,حي الشفا
10800010038,10,8,Dahiyat King Fahd Dist,حي ضاحية الملك فهد
10800010039,10,8,Al Badiyah Dist.,حي البادية
10800010040,10,8,Al Wurud Dist.,حي الورود
10800010041,10,8,Salahuddin Al Sharqi Dist.,حي صلاح الدين الشرقي
10800010042,10,8,Al Turaifi Dist.,حي الطريفي
10800010043,10,8,An Nasiyah Dist.,حي النيصية
10800010044,10,8,Qfaar Dist.,حي قفار
10801228001,1228,8,As Salam Dist.,حي السلام
10801228002,1228,8,An Nahdah Dist.,حي النهضة
10801228003,1228,8,As Salhiyah Dist.,حي الصالحية
10801228004,1228,8,Al Khalij Dist.,حي الخليج
10801228005,1228,8,Al Aziziyah Dist.,حي العزيزية
10801228006,1228,8,Al Izdihar Dist.,حي الازدهار
10801228007,1228,8,Al Wurud Dist.,حي الورود
10801228008,1228,8,King Abdullah Dist.,حي الملك عبدالله
10801228009,1228,8,Al Hamra Dist.,حي الحمراء
10801228010,1228,8,Al Olaya Dist.,حي العليا
10801228011,1228,8,As Sinaiyah Dist.,حي الصناعية
10802332001,2332,8,Al Nakhil Al Gharbi Dist.,حي النخيل الغربي
10802332002,2332,8,Al Wadi Dist.,حي الوادي
10802332003,2332,8,An Nahdah Dist.,حي النهضة
10802332004,2332,8,Al Jamiah Al Gharbi Dist.,حي الجامعة الغربي
10802332005,2332,8,Al Hafira Al Gharbi Dist.,حي الحفيرة الغربي
10802332006,2332,8,Hafira Al Sabaa Al Shamali Dist.,حي حفيرة السبعة الشمالي
10802332007,2332,8,Al Estrahat Al Awsat Dist.,حي الاستراحات الأوسط
10802332008,2332,8,Al Rayan Al Gharbi Dist.,حي الريان الغربي
10802332009,2332,8,Al Hafira Al Sharqi Dist.,حي الحفيرة الشرقي
10802332010,2332,8,Hafira Al Sabaa Al Gharbi Dist.,حي حفيرة السبعة الغربي
10802332011,2332,8,Hafair Al Eahin Al Gharbi Dist.,حي حفاير العهين الغربي
10802332012,2332,8,Hafira Al Sabaa Al Shamali Dist.,حي حفيرة السبعة الشرقي
10802332013,2332,8,Al Wahah Dist.,حي الواحة
10802332014,2332,8,Al Rafiea Dist.,حي الرفيعة
10802332015,2332,8,Al Rayan Al Sharqi Dist.,حي الريان الشرقي
10802332016,2332,8,As Sinaiyah Dist.,حي الصناعية
10802332017,2332,8,Al Baladiyah Dist.,حي البلدية
10802332018,2332,8,At Taawun Dist.,حي التعاون
10802332019,2332,8,Ad Dirah Dist.,حي الديرة
10802332020,2332,8,Al Estrahat Al Gharbi Dist.,حي الاستراحات الغربي
10802332021,2332,8,Al Jamiah Al Sharqi Dist.,حي الجامعة الشرقي
10802332022,2332,8,Al Estrahat  Al Sharqi  Dist.,حي الاستراحات الشرقي
10802332023,2332,8,Al Jamiah Al Awsat Dist.,حي الجامعة الاوسط
10802332024,2332,8,Al Nakhil Al Sharqi Dist.,حي النخيل الشرقي
10802332025,2332,8,Hafair Al Eahin Al Sharqi Dist.,حي حفاير العهين الشرقي
10802370001,2370,8,Baqa Al Sharqia Dist.,حي بقعاء الشرقيه
10802370002,2370,8,Salahuddin Dist.,حي صلاح الدين
10802370003,2370,8,Al Dhahira Dist.,حي الظهيره
10802370004,2370,8,Al Hafil Dist.,حي الحفل
10802370005,2370,8,C9 Dist.,حي ج9
10802370006,2370,8,C8 Dist.,حي ج8
10802370007,2370,8,C7 Dist.,حي ج7
10802370008,2370,8,C6 Dist.,حي ج6
10802370009,2370,8,C5 Dist.,حي ج5
10802370010,2370,8,C4 Dist.,حي ج4
10802370011,2370,8,C3 Dist.,حي ج3
10802370012,2370,8,C2 Dist.,حي ج2
10802370013,2370,8,C16 Dist.,حي ج16
10802370014,2370,8,C15 Dist.,حي ج15
10802370015,2370,8,C13 Dist.,حي ج13
10802370016,2370,8,C12 Dist.,حي ج12
10802370017,2370,8,C11 Dist.,حي ج11
10802370018,2370,8,C10 Dist.,حي ج10
10802370019,2370,8,Baqa Al Qadima Dist.,حي بقعاء القديمه
10802370020,2370,8,Baqa Al Sharqia Al Qadima Dist.,حي بقعاء الشرقيه القديمه
10802370021,2370,8,Al Wusta Dist.,حي الوسطى
10902208001,2208,9,Al Wurud Dist.,حي الورود
10902208003,2208,9,Al Sultanah Dist.,حي السلطانة
10902208004,2208,9,Al Khalij Dist.,حي الخليج
10902208005,2208,9,As Salhiyah Dist.,حي الصالحية
10902208006,2208,9,Al Aziziyah Dist.,حي العزيزية
10902208007,2208,9,Al Khalidiyah Dist.,حي الخالدية
10902208008,2208,9,Al Misadiyah Dist.,حي المساعدية
10902208009,2208,9,Al Urubah Dist.,حي العروبة
10902208010,2208,9,Al Yarmuk Dist.,حي اليرموك
10902208011,2208,9,Al Wahah Dist.,حي الواحة
10902208012,2208,9,An Nahdah Dist.,حي النهضة
10902208013,2208,9,Ar Rabwah Dist.,حي الربوة
10902208014,2208,9,Al Muntazah Dist.,حي المنتزه
10902208015,2208,9,Security Forces Housing Dist.,حي اسكان قوى الأمن
10902208016,2208,9,Ar Rawabi Dist.,حي الروابي
10902208017,2208,9,East Al Faisaliyah Dist.,حي الفيصلية شرق
10902208018,2208,9,Industrial Dist.,حي الصناعي
10902208019,2208,9,Old Industrial Dist.,حي الصناعية القديمة
10902208020,2208,9,New Industrial Dist.,حي الصناعية الجديدة
10902208021,2208,9,Ash Shifa Dist.,حي الشفا
10902208022,2208,9,West Al Faisaliyah Dist.,حي الفيصلية غرب
10902213001,2213,9,Ghirnatah Eastern Dist.,حي غرناطة الشرقي
10902213002,2213,9,National Guard Property,أملاك الحرس الوطني
10902213003,2213,9,Ash Shuruq Administrative Dist.,حي الشروق الاداري
10902213004,2213,9,Al Quds Eastern Dist.,حي القدس الشرقي
10902213005,2213,9,Al Nakheel Northern Dist.,حي النخيل الشمالي
10902213006,2213,9,Dahiyat King Fahd Dist,حي ضاحية الملك فهد
10902213007,2213,9,Al Muruj Eastern Dist.,حي المروج الشرقي
10902213008,2213,9,Ar Rawabi Dist.,حي الروابي
10902213009,2213,9,Ishbiliyah Northern Dist.,حي اشبيلية الشمالي
10902213010,2213,9,Ash Shamel Dist.,حي الشامل
10902213011,2213,9,1st Industrial Dist.,حي الصناعية الاولى
10902213012,2213,9,Al Anam City,مدينة الانعام
10902213013,2213,9,As Saqar Dist.,حي الصقًار
10902213014,2213,9,Auto Shredder Dist.,حي تشليح السيارات
10902213015,2213,9,Al Basatin Administrative Western Dist.,حي البساتين الاداري الغربي
10902213016,2213,9,Ash Shatha Dist.,حي الشذا
10902213017,2213,9,Telal Arar Dist.,حي تلال عرعر
10902213018,2213,9,An Nahdah Dist.,حي النهضة
10902213019,2213,9,Ar Rifaa Dist.,حي الرفاع
10902213020,2213,9,Al Fanar Dist.,حي الفنار
10902213021,2213,9,Al Khaleej Eastern Dist.,حي الخليج الشرقي
10902213022,2213,9,As Salhiyah Dist.,حي الصالحية
10902213023,2213,9,Al Mansuriyah Dist.,حي المنصورية
10902213024,2213,9,Al Orjwan Wesrtern Dist.,حي الارجوان الغربي
10902213025,2213,9,As Saadah Dist.,حي السعادة
10902213026,2213,9,Al Faisaliyah Dist.,حي الفيصلية
10902213027,2213,9,Ar Rayaan Dist.,حي الريان
10902213028,2213,9,An Noor Dist.,حي النور
10902213029,2213,9,Al Amanah Dist.,حي الأمانه الاداري
10902213030,2213,9,Al Aziziyah Dist.,حي العزيزية
10902213031,2213,9,Al Khalidiyah Dist.,حي الخالدية
10902213032,2213,9,Badanah Dist.,حي بدنة
10902213033,2213,9,Al Matar Dist.,حي المطار
10902213034,2213,9,Mshrif Dist.,حي مشرف
10902213035,2213,9,Al Jawharah Dist.,حي الجوهرة
10902213036,2213,9,Ar Rawdah Dist.,حي الروضة
10902213037,2213,9,Al Muhammadiyah Dist.,حي المحمدية
10902213038,2213,9,Al Musaidiyah Dist.,حي المساعدية
10902213039,2213,9,Al Weaam Dist.,حي الوئام
10902213040,2213,9,An Naseem Dist.,حي النسيم
10902213041,2213,9,Al Muhandisin Dist.,حي المهندسين
10902213042,2213,9,Qurtubah Dist.,حي قرطبة
10902213043,2213,9,Ar Rabwah Dist.,حي الربوة
10902213044,2213,9,An Nuzhah Dist.,حي النزهة
10902213045,2213,9,Al Nakheel Southern Dist.,حي النخيل الجنوبي
10902213046,2213,9,Al Jamiah Dist.,حي الجامعة
10902213047,2213,9,Al Basatin Administrative Eastern Dist.,حي البساتين الاداري الشرقي
10902213048,2213,9,Al Baraam Dist.,حي البراعم
10902213049,2213,9,Maaelah Dist.,حي معيلة
10902213050,2213,9,Al Mabarakiyah Dist.,حي المباركية
10902213051,2213,9,Hijrat Bin Saeed Dist.,حي هجرة ابن سعيد
10902213052,2213,9,2nd Industrial Dist.,حي الصناعية الثانية
10902213053,2213,9,Al Helali Dist.,حي الهلالي
10902213054,2213,9,Al Frosyah Dist.,حي الفروسية
10902213055,2213,9,Ishbiliyah Southern Dist.,حي اشبيلية الجنوبي
10902213056,2213,9,Al Quds Wesrtern Dist.,حي القدس الغربي
10902213057,2213,9,Aramco Property,محجوزات ارمكو
10902213058,2213,9,Al Taqniyah Dist.,حي التقنية
10902213059,2213,9,Um Al Dayan Dist.,حي ام الضيان
10902213060,2213,9,Ghirnatah Wesrtern Dist.,حي غرناطة الغربي
10902213061,2213,9,Al Orjwan Eastern Dist.,حي الارجوان الشرقي
10902213062,2213,9,Al Khaleej Wesrtern Dist.,حي الخليج الغربي
10902213063,2213,9,Al Yasmin Dist.,حي الياسمين
10902213064,2213,9,Az Zuhur Dist.,حي الزهور
10902213065,2213,9,Al Asdaf Dist.,حي الاصداف
10902213066,2213,9,Al Muruj Wesrtern Dist.,حي المروج الغربي
10902215001,2215,9,Al Masif Dist.,حي المصيف
10902215002,2215,9,Industrial Area,مخطط المنطقة الصناعية
10902215003,2215,9,Border Guard Housing,مهاجع حرس الحدود
10902215004,2215,9,Al Manar Dist.,حي المنار
10902215005,2215,9,C1 Dist.,حي ج1
10902215006,2215,9,Al Andalus Dist.,حي الأندلس
10902215007,2215,9,Ar Rawdah Dist.,حي الروضة
10902215008,2215,9,Al Khalij Dist.,حي الخليج
10902215009,2215,9,East Al Uwayqilah City Subdivision Plan,مخطط  شرق مدينة العويقيلة
10902215010,2215,9,As Sinaiyah Dist.,حي الصناعية
10902215011,2215,9,Al Murabba Al Khadamy,المربع الخدمي
10902215012,2215,9,C4 Dist.,حي ج4
10902215013,2215,9,Education Administration,ادارة التعليم
10902215014,2215,9,Al Naseem Dist.,حي النسيم
10902215015,2215,9,Al Wurud Dist.,حي الورود
10902256001,2256,9,Al Ummal Dist.,حي العمال
10902256003,2256,9,Al Madinah Dist.,حي المدينة
10902256004,2256,9,Al Faisaliyah Dist.,حي الفيصلية
10902256008,2256,9,Al Idari Dist.,حي  الادارى
10902256009,2256,9,As Sinaiyah Dist.,حي الصناعية
10902256011,2256,9,Al Malaz Dist.,حي الملز
10902256012,2256,9,Al Muhammadiyah Dist.,حي المحمدية
10902256013,2256,9,Ar Rawdah Dist.,حي الروضة
10902256014,2256,9,Al Yarmuk Dist.,حي اليرموك
10902256015,2256,9,Ash Shamal Dist.,حي الشمال
10902256017,2256,9,Al Jumayma Dist.,حي الجميماء
10902256018,2256,9,Al Misadiyah Dist.,حي المساعدية
10902256019,2256,9,Al Aziziyah Dist.,حي العزيزية
10902256020,2256,9,Al Qadisiyah Dist.,حي القادسية
10902256021,2256,9,Al Wurud Dist.,حي الورود
10902256022,2256,9,Ar Rabie Dist.,حي الربيع
10902256023,2256,9,Al Khalidiyah Dist.,حي الخالدية
10902256024,2256,9,An Namudhajiyah Dist.,حي النموذجية
10902256025,2256,9,Al Taawun Dist.,حي التعاون
10902256026,2256,9,As Salam Dist.,حي السلام
10902256027,2256,9,Border Guard Iskan Dist.,حي إسكان حرس الحدود
10902256028,2256,9,Al Iskan Al Khairy Dist.,حي الاسكان الخيرى
10902256029,2256,9,Al Muruj Dist.,حي المروج
10902256030,2256,9,Al Jabhan Dist.,حي الجبهان
10902256031,2256,9,Northern Border University,جامعة الحدود الشمالية
11000017001,17,10,Al Qalah Dist.,حي القلعة
11000017002,17,10,Al Arak Dist.,حي الاراك
11000017004,17,10,As Safa Dist.,حي الصفا
11000017005,17,10,As Suways Dist.,حي السويس
11000017006,17,10,Al Bashaer Dist.,حي البشائر
11000017007,17,10,Airport Dist.,حي المطار
11000017008,17,10,Ar Rawabi Dist.,حي الروابي
11000017009,17,10,Az Zuhur Dist.,حي الزهور
11000017010,17,10,Ash Shati Dist.,حي الشاطئ
11000017011,17,10,Ar Rawdah Dist.,حي الروضة
11000017012,17,10,Ash Shamiyah Dist.,حي الشامية
11000017013,17,10,Industrial Area,المنطقة الصناعية
11000017014,17,10,An Nur Dist.,حي النور
11000017015,17,10,Al Naseem Dist.,حي النسيم
11000017016,17,10,Al Jabal Dist.,حي الجبل
11000017017,17,10,Mizhirah Dist.,حي مزهرة
11003479001,3479,10,Ar Rayyan Dist.,حي الريان
11003479002,3479,10,Al Hussaini Dist.,حي الحسيني
11003479003,3479,10,Al Falah Dist.,حي الفلاح
11003479004,3479,10,Hullat Al Ahwass Dist.,حي حلة الأحوس
11003479005,3479,10,Jukhairah Dist.,حي جخيرة
11003479006,3479,10,Al Aziziyah Dist.,حي العزيزية
11003479007,3479,10,An Nuzhah Dist.,حي النزهة
11003479008,3479,10,Al Wahah Dist.,حي الواحة
11003479009,3479,10,Al Nakhil Dist.,حي النخيل
11003479010,3479,10,As Saadah Dist.,حي السعادة
11003479011,3479,10,Al Majd Dist.,حي المجد
11003479012,3479,10,Al Hushaibriyah,الحشيبرية
11003479013,3479,10,King Fahd Dist.,حي الملك فهد
11003479014,3479,10,Ar Rawdah Dist.,حي الروضة
11003479015,3479,10,Al Safa Dist.,حي الصفاء
11003479016,3479,10,Al Fardus Dist.,حي الفردوس
11003479017,3479,10,An Nahdah Dist.,حي النهضة
11003479018,3479,10,Al Rehab Dist.,حي الرحاب
11003479019,3479,10,Ar Rabie Dist.,حي الربيع
11003479020,3479,10,Al Faisaliyah Dist.,حي الفيصلية
11003479021,3479,10,Al Muruj Dist.,حي المروج
11003479022,3479,10,Al Khalidiyah Dist.,حي الخالدية
11003479023,3479,10,Ar Rawnah,الرونة
11003479024,3479,10,Al Gharraa,الغراء
11003479025,3479,10,Al Arish Dist.,حي العريش
11003479026,3479,10,Butishah Dist.,حي بوتيشة
11003479027,3479,10,Al Muutarid Dist.,حي المعترض
11003479028,3479,10,Al Dhabyah Dist.,حي الظبية
11003479029,3479,10,Al Bahir,الباحر
11003479030,3479,10,Al Faqrah,الفقره
11003479031,3479,10,Al Shawahiyah,الشواهية
11003479032,3479,10,Shahdah,شهده
11003479033,3479,10,Abdullah Al Eyafi (Al Eyafi),عبدالله العيافي (العيافي)
11003479034,3479,10,Halah Muhsin Al Muhasana,حله محسنالمحاسنة
11003479035,3479,10,Al Jaeawunah,الجعاونه
11003479036,3479,10,Al Saruriyah,السروريه
11003479037,3479,10,Halah Al Qamiri,حله القميري
11003479038,3479,10,Abu Danqur,ابو دنقور
11003479039,3479,10,Umm Al Qahfah,ام القحفه
11003479040,3479,10,Halah Maruei Bin Shamy,حله مروعي بن شامي
11003479041,3479,10,Al Addayah,العداية
11003479042,3479,10,Qibah,قبه
11003479043,3479,10,Aleawajimuh,العواجمه
11003479044,3479,10,Alnzlh,النزلـــه
11003479045,3479,10,Albatih,البطيح
11003479046,3479,10,Alkawmuh,الكومه
11003479047,3479,10,Al Ashah,العشة
11003479048,3479,10,Hanaqfah,حنقفه
11003479049,3479,10,Abu Altuyur,ابو الطيور
11003479050,3479,10,Eawanah,عوانه
11003479051,3479,10,Al Ardah,العرضه
11003479052,3479,10,Hulat Al Earshi,حلة العرشي
11003479053,3479,10,Aleasiluh,العسيله
11003479054,3479,10,Alhaqawih,الحقاويه
11003479055,3479,10,Al Shiarah,الشعاره
11003479056,3479,10,Al Qawaea,القواعة
11003479057,3479,10,Tyhan (Hulat Tyhan),تيهان (حلة تيهان)
11003479058,3479,10,Al Dawahishah,الدواحشه
11003479059,3479,10,Al Batinah,الباطنه
11003479060,3479,10,Al Shamuh,الشمه
11003479061,3479,10,Alt Arashah,الطراشه
11003479062,3479,10,Jaribuh,جريبه
11003479063,3479,10,Alhadwaa,الهدوى
11003479065,3479,10,Hulat Abu Habibuh,حلة ابو حبيبه
11003479066,3479,10,Alharaf,الحرف
11003479067,3479,10,Almajdiruh,المجديره
11003479068,3479,10,Al Sabakhah,السبخة
11003479069,3479,10,Mansih,منسيه
11003479071,3479,10,Al Khawarah,الخواره
11003479072,3479,10,Al Hajariah,الهجاريه
11003479073,3479,10,Al Shawajirat Wal Jarabiyah,الشواجرة والجرابية
11003479074,3479,10,Al Khawajih,الخواجيه
11003479075,3479,10,Al Sawalimah,السوالمه
11003479076,3479,10,Al Naeamia,النعامية
11003479077,3479,10,Al Fiqarah,الفقرة
11003479078,3479,10,Alzaydiuh,الزيديه
11003479079,3479,10,Alkhawaliduh,الخوالده
11003479080,3479,10,Umm Alearsh,ام العرش
11003479081,3479,10,Alhimdih,الحمضيه
11003479082,3479,10,Alsanif,الصنيف
11003479083,3479,10,Wajah Alhasan,وجه الحسن
11003479084,3479,10,Qouz Al Jaafrah,قوز الجعافره
11003479085,3479,10,Aleabduh,العبده
11003479086,3479,10,Hulat Iibrahim Eisaa,حلة ابراهيم عيسى
11003479087,3479,10,Al Rajie,الرجيع
11003479089,3479,10,Al Athlah,الأثلة
11003479090,3479,10,Zarabah,زربه
11003479091,3479,10,Al Jidiayn,الجديين
11003479092,3479,10,Shayban,شيبان
11003479093,3479,10,Alhajarayn,الحجرين
11003479094,3479,10,Zubarah Al Jidyeen,زباره الجديين
11003479095,3479,10,Halah Muhamad Eisa,حله محمد عيسى
11003479096,3479,10,Halah Aleaqibiu,حله العقيبي
11003479097,3479,10,Halah Alhawa Tyn,حله الحو تين
11003479098,3479,10,Halah Al Sahluli,حله الصهلولي
11003479099,3479,10,Halah Mishary,حله مشاري
11003479100,3479,10,Halah Al Hukmaa,حله الحكمى
11003479101,3479,10,Halah Abdullah Qabea,حله عبدالله قبع
11003479102,3479,10,Halah Al Kalabih,حله الكلابيه
11003479103,3479,10,Halah Bin Alwaan,حله بن علوان
11003479104,3479,10,Hulat Al Makki,حلة المكي
11003479105,3479,10,Halah Abu Marei,حله ابو مرعي
11003479106,3479,10,Halah Attieh,حله عطيه
11003479107,3479,10,Al Khadraa,الخضراء
11003479108,3479,10,Al Jammalah,الجمالة
11003479109,3479,10,Al Daheeqi,الدحيقي
11003479110,3479,10,Qaryat Al Jawabirih,قرية الجوابره
11003479111,3479,10,Al Zaqlah,الزقله
11003479112,3479,10,Nurah,نورة
11003479113,3479,10,Jameema,جميما
11003479114,3479,10,Al Mahasih,المحاصيه
11003479115,3479,10,Al Jarah Al Qadiumah,الجاره القديمه
11003479116,3479,10,Al Ziniyah,الزينيه
11003479117,3479,10,Hulat Ali Bin Musa,حلة علي بن موسى
11003479118,3479,10,Al Samikh,الصامخ
11003479119,3479,10,Al Shiqafah Wal Musawafa,الشقافه والمصاوفة
11003479120,3479,10,Al Kalabah,الكلبه
11003479121,3479,10,Al Fisalah Wal Dagharih,الفصاله والدغاريه
11003479122,3479,10,Al Hawamidah Jahish,الحوامضه جحيش
11003479123,3479,10,Al Shaeafah,الشعافه
11003479124,3479,10,Abu Al Maqrah,ابوالمقره
11003479125,3479,10,Umm Al Shibaqa,ام الشباقاء
11003479126,3479,10,Al Lakhabsia,اللخبصية
11003479127,3479,10,Al Shaakhir,الشاخر
11003479128,3479,10,Abu As Sala,ابو السلع
11003479129,3479,10,Al Zayni,الزيني
11003479130,3479,10,Al Amaridah,العمارده
11003479131,3479,10,Al Hiwaya,الحواية
11003479132,3479,10,Al Qasadah,القصاده
11003479133,3479,10,Al Nijabah Wal Jahajih,النجابه و الجحاجح
11003479134,3479,10,Al Arjeen,العرجين
11003479135,3479,10,Abu Alkarsh,ابو الكرش
11003479136,3479,10,Alsidaduh,السداده
11003479137,3479,10,Al Rafie,الرافعي
11003525001,3525,10,As Sadiliyah Dist.,حي السادلية
11003525002,3525,10,Al Wurud  Dist.,حي الورود
11003525003,3525,10,As Sinaiyah Dist.,حي الصناعية
11003525004,3525,10,Al Quds Dist.,حي القدس
11003525005,3525,10,King Fahd Dist.,حي الملك فهد
11003525006,3525,10,An Nahdah Dist.,حي النهضة
11003525007,3525,10,As Salam Dist.,حي السلام
11003525008,3525,10,Ar Rabie Dist.,حي الربيع
11003525009,3525,10,Az Zuhur Dist.,حي الزهور
11003525010,3525,10,An Nuzhah Dist.,حي النزهة
11003525011,3525,10,Ar Rawdah Dist.,حي الروضة
11003525012,3525,10,Al Khalidiyah Dist.,حي الخالدية
11003525013,3525,10,Al Naseem Dist.,حي النسيم
11003525014,3525,10,Al Andalus Dist.,حي الاندلس
11003525015,3525,10,As Safa Dist.,حي الصفا
11003525016,3525,10,Al Uqdah Dist.,حي العقدة
11003525017,3525,10,Al Muraikhiyah Dist.,حي المريخية
11003525018,3525,10,Al Muhdaj Dist.,حي المهدج
11003525019,3525,10,Quwaiyyah Dist.,حي قويعية
11003525020,3525,10,Kamirah Dist.,حي قامرة
11003525021,3525,10,Hakimat Abi Arish Dist.,حي حاكمة ابي عريش
11003525022,3525,10,Ash Shakah Dist.,حي الشاقة
11003542001,3542,10,Ar Rakubah Dist.,حي الركوبة
11003542002,3542,10,Al Jurdiyyah Dist.,حي الجردية
11003542003,3542,10,Al Jaradiyah Dist.,حي الجرادية
11003542004,3542,10,Samtah Dist.,حي صامطة
11003542005,3542,10,Al Turshiah Dist.,حي الطرشية
11003542006,3542,10,Majaar Dist.,حي مجعر
11003542007,3542,10,Al Khadra Dist.,حي الخضراء
11003542008,3542,10,Al Wasit,الواسط
11003542009,3542,10,Al Zawiyah Dist.,حي الزاوية
11003597001,3597,10,Ar Rabie Dist.,حي الربيع
11003597002,3597,10,Ar Rawabi Dist.,حي الروابى
11003597003,3597,10,Al Nakhil Dist.,حي النخيل
11003652001,3652,10,Al Ghusainiah Dist.,حي الغصينية
11003652002,3652,10,Al Wasit Dist.,حي الواسط
11003652003,3652,10,Al Amariyah Dist.,حي العمارية
11003652004,3652,10,Al Qasum Dist.,حي القسوم
11003652005,3652,10,As Safa Dist.,حي الصفا
11003652006,3652,10,Al Bayatirah Dist.,حي البياطرية
11003652007,3652,10,Khalab Dist.,حي خلب
11003652008,3652,10,Ar Rawdah Dist.,حي الروضة
11003652009,3652,10,Al Izz Dist.,حي العز
11003652010,3652,10,Al Baladiah Dist.,حي البلدية
11003652011,3652,10,Al Mizab  Dist.,حي الميزاب
11003652012,3652,10,Al Manzam Dist.,حي المنزم
11003652013,3652,10,Al Mutalla Dist.,حي المطلع
11003652014,3652,10,Al Hasamah Dist.,حي الحصامة
11003652015,3652,10,Industrial Area,المنطقة الصناعية
11003652016,3652,10,Hakimiat Al Iz Dist.,حي حكامية العز
11003652017,3652,10,Hakimat Al Dagharir Dist.,حي حاكمة الدغارير
11003652018,3652,10,Al Dagharir Dist.,حي الدغارير
11102522001,2522,11,As Salihiyah Dist.,حي الصالحية
11102522002,2522,11,Yadamah Al Thani Dist.,حي يدمة الثاني
11102522003,2522,11,Janub Yadamah Dist.,حي جنوب يدمة
11102522004,2522,11,Yadamah Al Awal Dist.,حي يدمة الاول
11102522005,2522,11,Al Hizam Ash Sharqi Dist.,حي الحزام الشرقي
11103347001,3347,11,Al Faisaliyah Dist.,حي الفيصلية
11103347002,3347,11,As Suq Dist.,حي السوق
11103347003,3347,11,Janub Al Mustashfa Al Askari Dist.,حي جنوب المستشفى العسكري
11103347004,3347,11,Sultanah Dist.,حي سلطانة
11103347005,3347,11,Al Mustashfa Al Askari Dist.,حي المستشفى العسكري
11103347006,3347,11,Ar Rawdah Ash Shamaliyyah Dist.,حي الروضة الشمالية
11103347007,3347,11,Subdivision Plan A,مخطط ا
11103347008,3347,11,Subdivision Plan B,مخطط ب
11103347009,3347,11,As Sinaiiyah Dist.,حي الصناعية
11103347010,3347,11,Al Fahd Dist.,حي الفهد
11103347011,3347,11,Ar Rawdah Al Janubiyyah Dist.,حي الروضة الجنوبية
11103347012,3347,11,An Nuzhah Dist.,حي النزهة
11103396001,3396,11,Hubuna Dist.,حي حبونا
11103417001,3417,11,Al Aan Dist.,حي العان
11103417002,3417,11,South Shurfah Dist.,حي الشرفة الجنوبية
11103417003,3417,11,Al Ghuwayla B,حي الغويلا ب
11103417004,3417,11,Al Qabil Dist.,حي القابل
11103417005,3417,11,East Rajla Dist.,حي شرق رجلا
11103417006,3417,11,Al Shabhan Dist.,حي الشبهان
11103417007,3417,11,Sahban Dist.,حي صهبان
11103417009,3417,11,Shiab Reer Dist.,حي شعب رير
11103417010,3417,11,As Sinaiyah Dist.,حي الصناعية
11103417011,3417,11,Al Maamir Dist.,حي المعامر
11103417012,3417,11,Zawr Al Harith Dist.,حي زور الحارث
11103417013,3417,11,Rayman Dist.,حي ريمان
11103417014,3417,11,Al Khalidiyah Dist.,حي الخالدية
11103417015,3417,11,Prince Mishal Dist.,حي الامير مشعل
11103417016,3417,11,Airport,المطار
11103417017,3417,11,Al Jurbah Dist.,حي الجربة
11103417018,3417,11,Al Husayn Dist.,حي الحصين
11103417019,3417,11,Al Markab Dist.,حي المركب
11103417020,3417,11,Aba Al Saud Dist.,حي أبا السعود
11103417021,3417,11,Nahuqah Dist.,حي نهوقة
11103417022,3417,11,Sahifat Dist.,حي صحيفات
11103417023,3417,11,Bani Salman Dist.,حي بنى سلمان
11103417024,3417,11,Zawr Al Ammari Dist.,حي زور العماري
11103417025,3417,11,Thasallal Dist.,حي تصلال
11103417026,3417,11,South Of University Dist.,حي جنوب الجامعة
11103417027,3417,11,Al Khuraa Dist.,حي الخرعاء
11103417028,3417,11,As Safa Dist.,حي الصفا
11103417029,3417,11,Suqam Dist.,حي سقام
11103417030,3417,11,Aba Al Khareet Dist.,حي أبا الخريـت
11103417031,3417,11,Fawaz Dist.,حي فواز
11103417032,3417,11,Al Athaybah Dist.,حي الاثايبة
11103417033,3417,11,Al Uraysah Dist.,حي العريسة
11103417034,3417,11,Saaghir Dist.,حي صاغر
11103417035,3417,11,Al Masmat Dist.,حي المسماة
11103417036,3417,11,Al Faisaliyah Dist.,حي الفيصلية
11103417037,3417,11,East Airport A,حي شرق المطار أ
11103417038,3417,11,Najran University,جامعة نجران
11103417039,3417,11,Al Hadn Dist.,حي الحضن
11103417040,3417,11,Al Mawfijah Dist.,حي الموفجة
11103417041,3417,11,Al Darah West Dist.,حي غرب الدارة
11103417042,3417,11,Bir Abayn Dist.,حي بئر أبين
11103417043,3417,11,Barak Dist.,حي برك
11103417044,3417,11,Al Fahd Dist.,حي الفهد
11103417045,3417,11,Al Hayirah Dist.,حي الحايرة
11103417046,3417,11,Al Ruwaikibah Dist.,حي الرويكبة
11103417047,3417,11,Shuab Bran Dist.,حي شعب بران
11103417048,3417,11,Al Nahdah Dist.,حي النهضة
11103417049,3417,11,Ghuwayla D Dist.,حي الغويلا د
11103417050,3417,11,North Mishaliyah Dist.,حي المشعلية الشمالية
11103417051,3417,11,West Shuabah Dist.,حي الشعبة الغربية
11103417052,3417,11,Dahdah Dist.,حي دحضة
11103417053,3417,11,Ghuwayla A Dist.,حي الغويلا أ
11103417054,3417,11,Al Abraqeen Dist.,حي الابرقين
11103417055,3417,11,Aba Al Rashash Dist.,حي ابا الرشاش
11103417056,3417,11,Al Uraysah Dist.,حي العريسة
11103417057,3417,11,Salwa Dist.,حي سلوى
11103417058,3417,11,Zawr Wadiah Dist.,حي زور وادعة
11103417059,3417,11,Nahiqah Dist.,حي نهيقة
11103417060,3417,11,West Shurfah Dist.,حي الشرفة الغربية
11103417061,3417,11,Ghuwayla C Dist.,حي الغويلا ج
11103417062,3417,11,Al Khadra Al Qadimah Dist.,حي الخضراء القديمة
11103417063,3417,11,East Airport C,حي شرق المطار ج
11103417064,3417,11,East Airport D,حي شرق المطار د
11103417065,3417,11,East Airport B,حي شرق المطار ب
11103417066,3417,11,East Darah Dist.,حي شرق الدارة
11103417067,3417,11,East Shuabah Dist.,حي الشعبة الشرقية
11103417068,3417,11,South Mishaliyah Dist.,حي المشعلية الجنوبية
11103417069,3417,11,Al Rimal Dist.,حي الـرمال
11103417070,3417,11,North Rajla Dist.,حي رجلا الشماليـة
11103417071,3417,11,Al Ukhdud Dist.,حي الاخدود
11103417072,3417,11,South Rajla Dist.,حي رجلا الجنوبية
11103417073,3417,11,North Shurfah Dist.,حي الشرفة الشمالية
11103417074,3417,11,Al Mukheem Dist.,حي المخيم
11201531001,1531,12,Shateebah Dist.,حي الشطيبة
11201542001,1542,12,Al Shorouk Dist.,حي الشروق
11201542002,1542,12,Al Naseem Dist.,حي النسيم
11201542003,1542,12,As Salamah Dist.,حي السلامة
11201542004,1542,12,Al Safa Dist.,حي الصفا
11201542005,1542,12,Al Azhar Dist.,حي الازهر
11201542006,1542,12,Ad Dabab Dist.,حي الضباب
11201542007,1542,12,Shahbah Dist.,حي شهبة
11201542008,1542,12,An Nuzhah Dist.,حي النزهة
11201542009,1542,12,Ar Rabwah Dist.,حي الربوة
11201542010,1542,12,Ash Shifa Dist.,حي الشفا
11201542011,1542,12,Al Buraydah Dist.,حي البريدة
11201542012,1542,12,Al Murtafat Dist.,حي المرتفعات
11201542013,1542,12,Al Rawdha Dist.,حي الروضة
11201542014,1542,12,Al Baher Dist.,حي الباهر
11201542015,1542,12,Al Hijaz Dist.,حي الحجاز
11201542016,1542,12,1 C Dist.,حي ج1
11201542017,1542,12,2 C Dist.,حي ج2
11201542018,1542,12,4 C Dist.,حي ج4
11201542019,1542,12,5 C Dist.,حي ج5
11201542020,1542,12,At Tafeer Dist.,حي الطفير
11202819001,2819,12,Al Matar Subdivision Plan,مخطط المطار
11202819002,2819,12,Al Goth Dist.,حي الغوث
11302226001,2226,13,Husaydah Dist.,حي حصيدة
11302226003,2226,13,King Fahd Dist.,حي الملك فهد
11302226004,2226,13,Al Faisaliyah Dist.,حي الفيصلية
11302226006,2226,13,As Sinaiyah Dist.,حي الصناعية
11302226012,2226,13,Ash Shifa Dist.,حي الشفا
11302226015,2226,13,Al Muruj Dist.,حي المروج
11302226016,2226,13,Al Wurud Dist.,حي الورود
11302226017,2226,13,Ar Rahmah Dist.,حي الرحمة
11302226018,2226,13,Al Aziziyah Dist.,حي العزيزية
11302226019,2226,13,As Salam Dist.,حي السلام
11302226020,2226,13,Al Jawharah  Dist.,حي الجوهرة
11302226021,2226,13,An Narjis Dist.,حي النرجس
11302226022,2226,13,Al Izdihar Dist.,حي الازدهار
11302226023,2226,13,Al Nafl Dist.,حي النفل
11302226024,2226,13,Ar Raihan Dist.,حي الريحان
11302226025,2226,13,Ad Danah Dist.,حي الدانة
11302226026,2226,13,Al Nakhil Dist.,حي النخيل
11302226027,2226,13,Ar Rayan Dist.,حي الريان
11302226028,2226,13,Al Yasmin Dist.,حي الياسمين
11302226029,2226,13,Al Risalah Dist.,حي الرسالة
11302226030,2226,13,Al Andalus Dist.,حي الاندلس
11302226031,2226,13,Ar Rawdah Dist.,حي الروضة
11302226032,2226,13,Ash Shuruq Dist.,حي الشروق
11302226033,2226,13,Al Wadi Dist.,حي الوادي
11302226034,2226,13,Al Khuzama Dist.,حي الخزامى
11302226035,2226,13,Ar Ruwad Dist.,حي الرواد
11302226036,2226,13,Ar Rawabi Dist.,حي الروابي
11302226037,2226,13,Al Fursan Dist.,حي الفرسان
11302226038,2226,13,Al Badiyah Dist.,حي البادية
11302226039,2226,13,Al Manar Dist.,حي المنار
11302226040,2226,13,Prince Abdulellah Bin Abdulaziz Dist.,حي الامير عبدالاله بن عبدالعزيز
11302226041,2226,13,Al Wahah Dist.,حي الواحة
11302226042,2226,13,Al Ghadir Dist.,حي الغدير
11302226043,2226,13,Al Rehab Dist.,حي الرحاب
11302226044,2226,13,An Nada Dist.,حي الندى
11302226045,2226,13,Ar Rabie Dist.,حي الربيع
11302226046,2226,13,Al Amal Dist.,حي الامل
11302226047,2226,13,Az Zaytun Dist.,حي الزيتون
11302226048,2226,13,An Nahdah Dist.,حي النهضة
11302226049,2226,13,Ar Rifaa Dist.,حي الرفاع
11302226050,2226,13,Al Safa Dist.,حي الصفاء
11302226051,2226,13,An Nuzhah Dist.,حي النزهة
11302226052,2226,13,Az Zumorud Dist.,حي الزمرد
11302229001,2229,13,Al Faisaliyah Dist.,حي الفيصلية
11302229002,2229,13,As Salam Dist.,حي السلام
11302229003,2229,13,Al Manar Dist.,حي المنار
11302229004,2229,13,Ar Rabwah Dist.,حي الربوة
11302229005,2229,13,Al Aziziyah Dist.,حي العزيزية
11302229006,2229,13,Al Jawharah  Dist.,حي الجوهرة
11302229007,2229,13,Al Andalus Dist.,حي الاندلس
11302229008,2229,13,As Sulimaniyah Dist.,حي السليمانية
11302229009,2229,13,Al Bustan Dist.,حي البستان
11302234001,2234,13,As Salhiyah Dist.,حي الصالحية
11302234002,2234,13,Al Fursan Dist.,حي الفرسان
11302234003,2234,13,An Nuzhah Dist.,حي النزهة
11302234004,2234,13,Ar Rabwah Dist.,حي الربوة
11302234005,2234,13,Ash Shifa Dist.,حي الشفاء
11302234006,2234,13,Ar Rayaan Dist.,حي الريان
11302234007,2234,13,At Talal Dist.,حي التلال
11302234008,2234,13,Al Hazm Dist.,حي الحزم
11302234009,2234,13,Al Hada Dist.,حي الهدا
11302234010,2234,13,Al Faisaliyah Dist.,حي الفيصلية
11302234011,2234,13,Al Aziziyah Dist.,حي العزيزية
11302237001,2237,13,Al Aziziyah Dist.,حي العزيزية
11302237002,2237,13,Ash Shulah Dist.,حي الشعلة
11302237003,2237,13,Al Hada Dist.,حي الهدا
11302237004,2237,13,Al Andalus Dist.,حي الاندلس
11302237005,2237,13,Ar Rahmaniyah Dist.,حي الرحمانية
11302237006,2237,13,Al Badiah Dist.,حي البديعة
11302237007,2237,13,As Salhiyah Dist.,حي الصالحية
11302237008,2237,13,Az Zuhur Dist.,حي الزهور
11302237009,2237,13,Ruwad Dist.,حي الرواد
11302237010,2237,13,Al Manar Dist.,حي المنار
11302237011,2237,13,An Nur Dist.,حي النور
11302237012,2237,13,Al Nakhil Dist.,حي النخيل
11302237013,2237,13,Az Zahra Dist.,حي الزهراء
11302237014,2237,13,As Sulaymaniyah Dist.,حي السليمانية
11302237015,2237,13,Ar Rawdah Dist.,حي الروضة
11302237016,2237,13,An Nada Dist.,حي الندى
11302237017,2237,13,Al Hazm Dist.,حي الحزم
11302237018,2237,13,Al Ghadir Dist.,حي الغدير
11302237019,2237,13,Az Zaytun Dist.,حي الزيتون
11302237020,2237,13,Al Muruj Dist.,حي المروج
11302237021,2237,13,Al Izdihar Dist.,حي الازدهار
11302237022,2237,13,Al Jawharah Dist.,حي الجوهرة
11302237023,2237,13,As Sinaiyah Dist.,حي الصناعية
11302237024,2237,13,Al Majd Dist.,حي المجد
11302237025,2237,13,Ar Rayaan Dist.,حي الريان
11302237026,2237,13,Ar Rabie Dist.,حي الربيع
11302237027,2237,13,An Nahdah Dist.,حي النهضة
11302237028,2237,13,Ahad Dist.,حي أحد
11302237029,2237,13,Al Fursan Dist.,حي الفرسان
11302237030,2237,13,Al Risalah Dist.,حي الرسالة
11302237031,2237,13,Al Urubah Dist.,حي العروبة
11302237032,2237,13,Ash Shifa Dist.,حي الشفاء
11302237033,2237,13,Ash Shrouk Dist.,حي الشروق
11302237034,2237,13,Al Rehab Dist.,حي الرحاب
11302237035,2237,13,An Nuzhah Dist.,حي النزهة
11302237036,2237,13,Al Farouk Dist.,حي الفاروق
11302237037,2237,13,Al Yasmin Dist.,حي الياسمين
11302237038,2237,13,At Tuwair Dist.,حي الطوير
11302237039,2237,13,Sultanah Dist.,حي سلطانة
11302237040,2237,13,As Sanabel Dist.,حي السنابل
11302237041,2237,13,Ad Dahiah Dist.,حي الضاحية
11302237042,2237,13,Ash Shuaib Dist.,حي الشعيب
11302237043,2237,13,Al Wahah Dist.,حي الواحة
11302237044,2237,13,Al Faisaliyah Dist.,حي الفيصلية
11302237045,2237,13,Al Muaqilah Dist.,حي المعاقلة
11302237046,2237,13,Al Matr Dist.,حي المطر
11302237047,2237,13,As Sediq Dist.,حي الصديق
11302237048,2237,13,Al Bustan Dist.,حي البستان
11302237049,2237,13,Al Khalij Dist.,حي الخليج
11302237050,2237,13,Al Fath Dist.,حي الفتح
11302237051,2237,13,Al Wurud Dist.,حي الورود
11302237052,2237,13,As Salam Dist.,حي السلام
11302237053,2237,13,As Suq Dist.,حي السوق
11302237054,2237,13,Ash Shalhub Dist.,حي الشلهوب
11302237055,2237,13,Al Muhammadiyah Dist.,حي المحمدية
11302237056,2237,13,Al Zaafran Dist.,حي الزعفران
11302237057,2237,13,An Naql Dist.,حي النفل
11302237058,2237,13,Ar Rabwah Dist.,حي الربوة
11302237059,2237,13,Al Yarmuk Dist.,حي اليرموك
11302237060,2237,13,Al Safa Dist.,حي الصفاء
11302237061,2237,13,Al Kawthar Dist.,حي الكوثر
11302237062,2237,13,Al Dil Dist.,حي الضلع
11302237063,2237,13,Badr Dist.,حي بدر
11302237064,2237,13,At Talal Dist.,حي التلال
11302237065,2237,13,Al Yaqoot Dist.,حي الياقوت
11302237066,2237,13,As Sunbulah Dist.,حي السنبلة
11302237067,2237,13,Al Murjan Dist.,حي المرجان
11302237068,2237,13,Adh Dhilal Dist.,حي الظلال
11302237069,2237,13,Al Yamam Dist.,حي اليمام
11302237070,2237,13,Ajyad Dist.,حي اجياد
11302237071,2237,13,Ar Rawabi Dist.,حي الروابي
11302237072,2237,13,Ar Rabiyah Dist.,حي الرابية
11302240001,2240,13,Al Zaytun Dist.,حي الزيتون
11302240002,2240,13,Al Aziziyah Dist.,حي العزيزية
11302240003,2240,13,Al Khalidiyah Dist.,حي الخالدية
11302240004,2240,13,Ar Rahmaniyah Dist.,حي الرحمانية
11302240005,2240,13,Al Khuzama Dist.,حي الخزامى
11302240006,2240,13,Hadraj Dist.,حي حدرج
11302240007,2240,13,Ar Rabie Dist.,حي الربيع
11302240008,2240,13,Al Naseem Dist.,حي النسيم
11302240009,2240,13,Al Bustan Dist.,حي البستان
11302240010,2240,13,Al Safa Dist.,حي الصفا
11302240011,2240,13,Al Andalus Dist.,حي الاندلس
11302240012,2240,13,Al Muruj Dist.,حي المروج
11302240013,2240,13,Al Nafl Dist.,حي النفل
11302240014,2240,13,Al Nakhil Dist.,حي النخيل
11302240015,2240,13,Al Hazm Dist.,حي الحزم
11302240016,2240,13,Al Wahah Dist.,حي الواحة
11302240017,2240,13,Al Salam Dist.,حي السلام
11302240018,2240,13,Al Shifa Dist.,حي الشفاء
11302240019,2240,13,Al Wurud Dist.,حي الورود
11302240020,2240,13,Al Marwah Dist.,حي المروة
11302240021,2240,13,Al Samh Dist.,حي السمح
11302240022,2240,13,Al Nuzhah Dist.,حي النزهة
11302240023,2240,13,As Salhiyah Dist.,حي الصالحية
11302240024,2240,13,Al Rawabi Dist.,حي الروابي
11302240025,2240,13,Ar Rabwah Dist.,حي الربوة
11302240026,2240,13,Al Urubah Dist.,حي العروبة
11302240027,2240,13,Al Montazah Dist.,حي المنتزة
11302240028,2240,13,Al Rehab Dist.,حي الرحاب
11302268001,2268,13,Al Ghurub Dist.,حي الغروب
11302268002,2268,13,At Tahkim Dist.,حي التحكيم
11302268003,2268,13,West Dawmat Al Jandal Dist.,حي غرب دومة الجندل
11302268004,2268,13,Al Gharbi Dist.,حي الغربي
11302268005,2268,13,Al Wadi Dist.,حي الوادي
11302268006,2268,13,Al Buhayrat Dist.,حي البحيرات
11302268007,2268,13,Ar Rabwah Dist.,حي الربوة
11302268008,2268,13,King Fahd Dist.,حي الملك فهد
11302268009,2268,13,Khazma Dist.,حي خذماء
11302268010,2268,13,Al Aziziyah Dist.,حي العزيزية
11302268011,2268,13,Al Faisaliyah Dist.,حي الفيصلية
11302268012,2268,13,Sayl Al Dalhimiyah Dist.,حي سيل الدلهمية
11302268013,2268,13,King Abdulaziz Dist.,حي الملك عبدالعزيز
11302268014,2268,13,Al Yamamah Dist.,حي اليمامة
11302268015,2268,13,Al Khalidiyah Dist.,حي الخالدية
11302268016,2268,13,Al Muruj Dist.,حي المروج
11302268017,2268,13,Al Safat 1 Dist.,حي الصفاه الاول
11302268018,2268,13,Asfan Dist.,حي أصفان
11302268021,2268,13,Ar Radifah Wal Rafeiyah Dist.,حي الرديفة والرافعية
11302268022,2268,13,Ad Danah Dist.,حي الدانة
11302268023,2268,13,At Talal Dist.,حي التلال
11302268024,2268,13,Al Bawadi Dist.,حي البوداي
11302268025,2268,13,Industrial Dist.,حي الصناعي
11302268026,2268,13,An Nuzhah Dist.,حي النزهة
11302268027,2268,13,Ash Shifa Dist.,حي الشفاء
11302268028,2268,13,Al Ghadir Dist.,حي الغدير
11302268029,2268,13,Al Jawharah Dist.,حي الجوهرة
11302268030,2268,13,Al Safat 2 Dist.,حي الصفاه الثاني
11302268031,2268,13,Al Masif Dist.,حي المصيف
11302270001,2270,13,King Fahd Dist.,حي الملك فهد
11302270002,2270,13,As Salam Dist.,حي السلام
