{"type":"FeatureCollection", "features": [
{"type":"Feature","geometry":{"type":"MultiPolygon","coordinates":[[[[36.51193,28.34281],[36.51713,28.34495],[36.51835,28.33887],[36.51464,28.33437],[36.51875,28.33177],[36.51938,28.32787],[36.52643,28.32513],[36.54436,28.32608],[36.53906,28.35315],[36.55794,28.35129],[36.56374,28.35264],[36.58248,28.37469],[36.5999,28.3596],[36.60232,28.35843],[36.60507,28.36017],[36.61917,28.35539],[36.64278,28.34221],[36.6833,28.3409],[36.68256,28.39166],[36.64219,28.4018],[36.63342,28.4015],[36.65285,28.39032],[36.61842,28.38855],[36.60761,28.37911],[36.60353,28.37975],[36.59419,28.38716],[36.60317,28.3913],[36.59602,28.39588],[36.60333,28.41028],[36.56406,28.43748],[36.55223,28.44806],[36.5727,28.46471],[36.55321,28.48722],[36.56171,28.49366],[36.55892,28.4986],[36.55853,28.50742],[36.54472,28.50167],[36.52316,28.53381],[36.49774,28.51838],[36.49788,28.51098],[36.45792,28.48712],[36.45632,28.47946],[36.46743,28.46008],[36.42803,28.42476],[36.43288,28.41468],[36.43559,28.41598],[36.4364,28.41033],[36.47212,28.3535],[36.49212,28.34185],[36.50208,28.34068],[36.51193,28.34281]]],[[[36.99563,28.43741],[36.98162,28.44648],[36.97603,28.43952],[36.99858,28.42759],[37.00178,28.43163],[36.99563,28.43741]]],[[[36.56817,28.44186],[36.56434,28.44621],[36.56139,28.4451],[36.56688,28.44091],[36.56817,28.44186]]]]},"properties":{"city_id":1,"region_id":7,"name_en":"Tabuk","name_ar":"تبوك","district_count":64}},
{"type":"Feature","geometry":{"type":"Polygon","coordinates":[[[46.57727,24.70688],[46.56108,24.69103],[46.55728,24.67722],[46.5629,24.67742],[46.56636,24.68069],[46.57146,24.67971],[46.58467,24.6704],[46.59867,24.67528],[46.60222,24.67257],[46.6072,24.67226],[46.60581,24.66843],[46.59789,24.66977],[46.58737,24.66637],[46.57778,24.66721],[46.57859,24.66877],[46.57118,24.67192],[46.56894,24.676],[46.55907,24.67239],[46.55099,24.67245],[46.55358,24.67399],[46.55165,24.67478],[46.54687,24.67121],[46.53705,24.67122],[46.53299,24.66684],[46.52814,24.6658],[46.53029,24.669],[46.52702,24.66766],[46.52693,24.66925],[46.52338,24.66913],[46.52006,24.6653],[46.51974,24.66978],[46.52248,24.67082],[46.52063,24.67234],[46.51773,24.66903],[46.51151,24.66788],[46.50802,24.66228],[46.50261,24.65892],[46.50833,24.6685],[46.5061,24.66721],[46.50139,24.65928],[46.49765,24.6562],[46.49707,24.65857],[46.49158,24.6527],[46.4942,24.65769],[46.50496,24.66656],[46.50296,24.66535],[46.49934,24.66869],[46.49163,24.66156],[46.49276,24.65948],[46.48651,24.65169],[46.48226,24.64998],[46.47501,24.64092],[46.47313,24.64076],[46.47314,24.64301],[46.46995,24.63986],[46.47138,24.63739],[46.46911,24.63608],[46.47006,24.63226],[46.46783,24.63125],[46.46713,24.62454],[46.46892,24.61996],[46.47399,24.61865],[46.47029,24.62217],[46.47146,24.62315],[46.48424,24.62094],[46.48862,24.62562],[46.49573,24.62878],[46.47929,24.62504],[46.47771,24.6254],[46.48605,24.62699],[46.48171,24.62881],[46.48775,24.62944],[46.47736,24.63161],[46.49065,24.63141],[46.50325,24.6356],[46.51153,24.63245],[46.51061,24.63464],[46.51396,24.63465],[46.51186,24.63648],[46.51268,24.63879],[46.50713,24.63757],[46.50997,24.63954],[46.50505,24.63967],[46.51447,24.64126],[46.51885,24.64002],[46.51861,24.64204],[46.52178,24.64233],[46.51617,24.64295],[46.52517,24.64299],[46.52998,24.64546],[46.52226,24.64508],[46.53217,24.6481],[46.52354,24.64821],[46.52936,24.64827],[46.52709,24.649],[46.54263,24.65268],[46.54498,24.65521],[46.54156,24.65393],[46.54371,24.6554],[46.53958,24.65447],[46.53837,24.65695],[46.54807,24.65699],[46.55361,24.66196],[46.5572,24.66023],[46.55807,24.66289],[46.56525,24.66639],[46.56091,24.66509],[46.55936,24.67092],[46.56899,24.66986],[46.57627,24.66551],[46.60404,24.6625],[46.60445,24.65683],[46.59891,24.6582],[46.59306,24.65594],[46.59112,24.65718],[46.59359,24.66005],[46.58366,24.65963],[46.58306,24.66178],[46.57363,24.66121],[46.56818,24.65821],[46.57152,24.66293],[46.56968,24.66329],[46.56224,24.6606],[46.55882,24.65706],[46.5528,24.656],[46.54006,24.64306],[46.53433,24.64231],[46.53058,24.63784],[46.52733,24.6374],[46.5276,24.6336],[46.52041,24.62793],[46.51849,24.62949],[46.5125,24.62571],[46.5037,24.62753],[46.49159,24.61763],[46.49303,24.61574],[46.48524,24.61088],[46.47817,24.61028],[46.47773,24.61168],[46.48251,24.61181],[46.48172,24.61299],[46.46812,24.60953],[46.46994,24.61132],[46.46764,24.61062],[46.46788,24.61252],[46.46152,24.60968],[46.45998,24.61108],[46.45633,24.60546],[46.45959,24.60498],[46.4638,24.59916],[46.45523,24.59498],[46.46088,24.59201],[46.45255,24.58939],[46.45541,24.57283],[46.45039,24.57418],[46.44816,24.58011],[46.43936,24.58709],[46.43035,24.58749],[46.41341,24.60274],[46.40921,24.59904],[46.39961,24.59622],[46.38799,24.58502],[46.34624,24.5929],[46.34158,24.5841],[46.3379,24.58378],[46.33947,24.57952],[46.33184,24.57901],[46.33129,24.57478],[46.32697,24.57289],[46.32308,24.57403],[46.31645,24.57074],[46.32214,24.57026],[46.32283,24.57218],[46.32599,24.57165],[46.33249,24.57434],[46.33487,24.57761],[46.34129,24.57591],[46.34448,24.57835],[46.34988,24.57337],[46.35,24.56969],[46.34665,24.56751],[46.34994,24.56823],[46.34884,24.56384],[46.35671,24.56956],[46.3628,24.56626],[46.36296,24.55961],[46.35873,24.55813],[46.35453,24.55185],[46.36339,24.55573],[46.36166,24.54768],[46.36378,24.54841],[46.36562,24.54522],[46.36716,24.53653],[46.36544,24.53377],[46.36886,24.53571],[46.36922,24.54802],[46.3734,24.54881],[46.3766,24.53738],[46.37803,24.54391],[46.37956,24.54039],[46.38305,24.54247],[46.38665,24.53965],[46.38665,24.52919],[46.39176,24.5319],[46.39473,24.52819],[46.4112,24.52763],[46.42639,24.51898],[46.42748,24.5154],[46.43152,24.51771],[46.43163,24.51519],[46.4355,24.51432],[46.43462,24.51099],[46.4457,24.51032],[46.44784,24.5055],[46.44929,24.50683],[46.45315,24.50258],[46.45602,24.50278],[46.45586,24.50041],[46.4575,24.50175],[46.46112,24.49975],[46.46247,24.49616],[46.46536,24.49731],[46.46536,24.49322],[46.46739,24.49517],[46.46797,24.49229],[46.47001,24.49425],[46.47217,24.49318],[46.47528,24.48935],[46.47021,24.48897],[46.47717,24.4853],[46.47527,24.47896],[46.47974,24.48045],[46.48793,24.47228],[46.48788,24.47613],[46.49814,24.47403],[46.50224,24.47938],[46.50557,24.47859],[46.50512,24.48069],[46.51026,24.48271],[46.51655,24.4764],[46.51502,24.46847],[46.51998,24.46312],[46.51522,24.45651],[46.52297,24.45856],[46.52938,24.45624],[46.52478,24.4616],[46.52537,24.46778],[46.52849,24.46452],[46.53321,24.4642],[46.53452,24.46107],[46.53754,24.46399],[46.55081,24.45912],[46.54941,24.46191],[46.55548,24.46101],[46.53451,24.46596],[46.53038,24.47006],[46.54954,24.46948],[46.54915,24.47101],[46.53937,24.46997],[46.53101,24.47301],[46.53205,24.47511],[46.53818,24.47387],[46.53471,24.47712],[46.54735,24.47972],[46.55594,24.47559],[46.56306,24.46745],[46.56971,24.4643],[46.57645,24.45611],[46.58213,24.4533],[46.58098,24.44572],[46.58307,24.44717],[46.58738,24.44537],[46.5868,24.44761],[46.58865,24.44801],[46.59677,24.44451],[46.59185,24.44818],[46.59291,24.45299],[46.59531,24.45306],[46.60057,24.45065],[46.60331,24.44546],[46.60375,24.45],[46.60586,24.44954],[46.60863,24.44146],[46.61067,24.44094],[46.61025,24.44588],[46.61761,24.44449],[46.62178,24.43954],[46.6222,24.43445],[46.62564,24.43296],[46.62971,24.43227],[46.63588,24.4357],[46.64582,24.4347],[46.65304,24.4273],[46.66001,24.43234],[46.67943,24.42983],[46.68317,24.42775],[46.69159,24.41429],[46.70186,24.41263],[46.71883,24.41534],[46.71948,24.40674],[46.72217,24.40655],[46.7221,24.41009],[46.74372,24.41219],[46.74092,24.40796],[46.74619,24.41018],[46.74928,24.40427],[46.73936,24.39775],[46.74107,24.39746],[46.7391,24.39335],[46.74026,24.39238],[46.74369,24.3969],[46.75198,24.40101],[46.75387,24.39769],[46.74972,24.39534],[46.7523,24.39663],[46.75565,24.39477],[46.75166,24.39186],[46.75759,24.39281],[46.76326,24.38274],[46.76571,24.38592],[46.77436,24.38631],[46.77511,24.38439],[46.78184,24.38791],[46.78266,24.38581],[46.78485,24.3891],[46.78633,24.3892],[46.78702,24.38848],[46.78584,24.38706],[46.78733,24.38832],[46.78749,24.38969],[46.7884,24.39017],[46.79208,24.38973],[46.79443,24.39225],[46.80787,24.39595],[46.81652,24.38928],[46.81622,24.38671],[46.81277,24.38626],[46.81505,24.38578],[46.81891,24.38759],[46.82691,24.38323],[46.82708,24.37705],[46.82261,24.37708],[46.82595,24.37617],[46.83027,24.3782],[46.82996,24.38245],[46.83553,24.38343],[46.8469,24.38331],[46.84691,24.38152],[46.85008,24.38316],[46.85108,24.38156],[46.86924,24.3858],[46.88617,24.38305],[46.88713,24.38086],[46.89106,24.38146],[46.89937,24.37727],[46.90016,24.37369],[46.90113,24.3756],[46.90406,24.37397],[46.90753,24.36034],[46.91505,24.35322],[46.94053,24.344],[46.94566,24.33079],[46.95674,24.32235],[46.96124,24.32637],[46.96366,24.32612],[46.969,24.34006],[46.96936,24.37457],[46.9784,24.39994],[46.97762,24.40873],[46.98105,24.42034],[46.98664,24.42265],[46.99534,24.43449],[46.99755,24.43257],[47.02439,24.45458],[47.01295,24.46035],[47.00852,24.46572],[47.00953,24.46769],[47.00617,24.46654],[47.0035,24.47378],[47.00578,24.47734],[47.00141,24.4779],[47.0003,24.48036],[47.00316,24.4904],[46.99773,24.48973],[46.99603,24.49183],[46.99989,24.49371],[46.99601,24.49292],[46.99664,24.49739],[46.99085,24.49803],[46.99846,24.5088],[46.99917,24.51351],[46.99674,24.51436],[46.99153,24.53142],[46.98604,24.53628],[46.98997,24.53934],[46.98981,24.54301],[47.0034,24.55349],[47.00665,24.55834],[47.00514,24.57738],[47.00693,24.58356],[46.9949,24.58607],[46.99134,24.58989],[46.9895,24.58724],[46.99169,24.58572],[46.98821,24.58434],[46.99337,24.58412],[46.9928,24.58222],[46.98797,24.57919],[46.98481,24.58316],[46.98474,24.58156],[46.97852,24.58293],[46.97895,24.58158],[46.97418,24.58058],[46.9838,24.57941],[46.98355,24.57651],[46.98605,24.57648],[46.9845,24.57538],[46.97954,24.57929],[46.972,24.57872],[46.96487,24.58159],[46.95881,24.58051],[46.95406,24.58684],[46.95374,24.60975],[46.94782,24.61312],[46.94182,24.62292],[46.94549,24.63623],[46.95247,24.64313],[46.95861,24.66331],[46.95687,24.66373],[46.95998,24.6683],[46.95539,24.69107],[46.9487,24.70034],[46.94153,24.70564],[46.9299,24.70661],[46.92391,24.70935],[46.91637,24.71867],[46.90896,24.71975],[46.89574,24.71736],[46.89914,24.72272],[46.90434,24.72274],[46.91429,24.7321],[46.91693,24.74284],[46.92146,24.74737],[46.91476,24.7555],[46.90944,24.75686],[46.90502,24.76262],[46.90555,24.77313],[46.93951,24.77686],[46.94945,24.79905],[46.9662,24.812],[46.97533,24.81448],[46.97305,24.82281],[46.97878,24.83634],[47.00309,24.84863],[47.0208,24.86548],[47.0435,24.87076],[47.05543,24.88055],[47.06234,24.87985],[47.05352,24.92213],[47.04114,24.95308],[47.05095,24.9596],[47.07478,24.9836],[47.08487,24.98836],[47.10852,24.99238],[47.12923,24.99989],[47.1336,24.99393],[47.15995,24.98379],[47.1742,24.982],[47.18442,24.98537],[47.19439,24.9846],[47.19876,24.98719],[47.20936,24.98605],[47.22148,24.99727],[47.23262,24.99722],[47.24433,25.00376],[47.24824,25.00275],[47.25215,24.99776],[47.26037,24.99779],[47.26379,25.00117],[47.27033,25.00296],[47.27324,24.99168],[47.28156,24.99035],[47.28979,24.99912],[47.29994,25.00169],[47.30687,25.01113],[47.31099,25.00758],[47.31272,25.02365],[47.32472,25.03106],[47.27031,25.16623],[47.09812,25.16876],[47.05754,25.11778],[47.04577,25.07188],[47.02407,25.02861],[47.02472,24.99742],[47.01327,24.99173],[47.00582,24.99257],[47.00335,24.99606],[46.99732,24.99373],[46.98875,24.99816],[46.98586,24.99671],[46.98224,25.00099],[46.97621,25.00217],[46.97237,25.00858],[46.9693,25.00812],[46.97133,25.00861],[46.96999,25.01085],[46.96606,25.01051],[46.95915,25.00724],[46.96104,25.00374],[46.95573,24.99968],[46.95293,25.00045],[46.95216,24.99793],[46.9437,24.99503],[46.942,24.99777],[46.93761,24.9974],[46.93821,24.99391],[46.93091,24.99188],[46.92699,24.99636],[46.88611,24.9712],[46.88298,24.97192],[46.88158,24.97498],[46.87493,24.97286],[46.87073,24.96829],[46.86626,24.96786],[46.8707,24.95958],[46.85719,24.9271],[46.85274,24.90832],[46.84063,24.90498],[46.83191,24.9213],[46.78924,24.95943],[46.78218,24.96889],[46.76188,25.02865],[46.75546,25.03808],[46.74664,25.04533],[46.75376,25.0544],[46.74204,25.08934],[46.74395,25.09118],[46.73505,25.10372],[46.72868,25.10206],[46.70468,25.08714],[46.69134,25.105],[46.67892,25.09514],[46.68145,25.09491],[46.70771,25.06598],[46.71293,25.05718],[46.69907,25.0447],[46.69012,25.03974],[46.68028,25.03826],[46.68119,25.00539],[46.66753,25.00193],[46.66768,24.99986],[46.67265,24.99486],[46.6749,24.99836],[46.7018,25.00077],[46.71669,24.98524],[46.72258,24.98161],[46.72905,24.9821],[46.73184,24.97807],[46.7382,24.97507],[46.74607,24.96747],[46.80472,24.87231],[46.70118,24.81936],[46.59533,24.99133],[46.61162,25.00575],[46.60426,25.02444],[46.59903,25.02256],[46.59365,25.0255],[46.59036,25.03909],[46.58667,25.0431],[46.57261,25.03252],[46.56454,25.03865],[46.56385,25.04168],[46.55377,25.04042],[46.5512,25.04198],[46.54475,25.03934],[46.54166,25.04075],[46.53744,25.03934],[46.52196,25.04389],[46.51466,25.04839],[46.51541,25.05298],[46.50576,25.05629],[46.48215,25.04347],[46.48093,25.04619],[46.46971,25.0503],[46.4603,25.03746],[46.43015,25.05512],[46.43207,25.06102],[46.40381,25.09787],[46.37379,25.09689],[46.37661,25.03739],[46.42173,25.03695],[46.45658,25.01597],[46.46784,25.03096],[46.4797,25.01331],[46.47406,25.01275],[46.46675,25.00614],[46.47145,24.99341],[46.47192,24.9351],[46.47193,24.93491],[46.47279,24.92579],[46.47287,24.92548],[46.473,24.92506],[46.47305,24.92491],[46.47339,24.92404],[46.47341,24.92399],[46.4739,24.92303],[46.47393,24.92298],[46.47455,24.92204],[46.47461,24.92196],[46.47502,24.92145],[46.47514,24.9213],[46.47601,24.92041],[46.47612,24.92032],[46.47806,24.91891],[46.47814,24.91886],[46.48824,24.91569],[46.49097,24.91501],[46.49365,24.91434],[46.49455,24.91412],[46.49545,24.91388],[46.49634,24.91365],[46.4964,24.91363],[46.49723,24.9134],[46.50008,24.91244],[46.50048,24.91227],[46.50352,24.91082],[46.5041,24.91052],[46.50664,24.90913],[46.50747,24.90867],[46.50959,24.90751],[46.51094,24.90678],[46.51809,24.9027],[46.52606,24.89616],[46.54926,24.8634],[46.55486,24.82734],[46.56803,24.78515],[46.5867,24.74216],[46.5987,24.72661],[46.59275,24.72542],[46.59121,24.70981],[46.57727,24.70688]]]},"properties":{"city_id":3,"region_id":1,"name_en":"Riyadh","name_ar":"الرياض","district_count":188}},
{"type":"Feature","geometry":{"type":"MultiPolygon","coordinates":[[[[40.33671,21.05332],[40.33818,21.06321],[40.32482,21.08271],[40.32665,21.08875],[40.32174,21.09723],[40.31459,21.10016],[40.28475,21.08135],[40.28405,21.07768],[40.2734,21.07001],[40.30136,21.0452],[40.30963,21.04023],[40.33671,21.05332]]],[[[40.40098,21.21163],[40.4023,21.21307],[40.40713,21.21038],[40.4126,21.21055],[40.41283,21.20684],[40.4167,21.20936],[40.42461,21.20568],[40.4262,21.2084],[40.42917,21.2074],[40.43451,21.21029],[40.43732,21.20867],[40.43932,21.21346],[40.44404,21.21384],[40.45153,21.19932],[40.45898,21.19487],[40.50825,21.19436],[40.51807,21.1913],[40.52184,21.18904],[40.52726,21.17956],[40.53162,21.16165],[40.55925,21.16117],[40.58997,21.15717],[40.60197,21.13292],[40.60679,21.13438],[40.60937,21.13961],[40.64467,21.17134],[40.64342,21.17383],[40.64907,21.17975],[40.65312,21.18135],[40.65187,21.18573],[40.65836,21.19479],[40.63932,21.20223],[40.65435,21.20745],[40.64979,21.21166],[40.65175,21.21343],[40.65032,21.22284],[40.64425,21.23159],[40.63863,21.23557],[40.64869,21.24082],[40.64387,21.24843],[40.63182,21.24439],[40.62456,21.23563],[40.61919,21.22416],[40.60904,21.22376],[40.61034,21.22159],[40.60831,21.2178],[40.60115,21.21806],[40.60313,21.22299],[40.59681,21.22284],[40.59415,21.22712],[40.59164,21.22722],[40.58527,21.21932],[40.55133,21.22915],[40.55076,21.23303],[40.54511,21.23834],[40.55048,21.24878],[40.54366,21.25606],[40.54536,21.25743],[40.55052,21.25478],[40.55501,21.25764],[40.56523,21.25501],[40.56737,21.25828],[40.58548,21.26063],[40.58172,21.30939],[40.58442,21.31019],[40.58425,21.31217],[40.57728,21.3314],[40.57177,21.32729],[40.57262,21.3329],[40.56908,21.33375],[40.5708,21.33966],[40.583,21.34052],[40.58746,21.344],[40.66923,21.36642],[40.67703,21.37044],[40.67684,21.38008],[40.69288,21.38774],[40.72223,21.40873],[40.7603,21.43095],[40.78927,21.44284],[40.8358,21.45374],[40.86065,21.46322],[40.78499,21.51361],[40.72775,21.54664],[40.73993,21.56025],[40.74742,21.57646],[40.7058,21.58546],[40.7116,21.60415],[40.72478,21.60527],[40.72386,21.61989],[40.71994,21.62017],[40.71775,21.63046],[40.69208,21.6379],[40.67143,21.63839],[40.66977,21.60841],[40.67219,21.60145],[40.67688,21.59631],[40.66953,21.58901],[40.66238,21.58677],[40.62775,21.59798],[40.59567,21.59638],[40.59726,21.60823],[40.52765,21.6244],[40.52146,21.60026],[40.51279,21.58964],[40.51356,21.58698],[40.50122,21.58235],[40.51306,21.5758],[40.54512,21.57086],[40.56082,21.55862],[40.5743,21.55385],[40.57104,21.5371],[40.56728,21.53404],[40.55611,21.53249],[40.5529,21.5355],[40.55116,21.53446],[40.54633,21.54204],[40.54232,21.54442],[40.54462,21.54818],[40.54292,21.5524],[40.53534,21.55126],[40.53444,21.5537],[40.53244,21.5532],[40.52922,21.56367],[40.5247,21.56114],[40.52289,21.55665],[40.50007,21.56355],[40.4705,21.56708],[40.46885,21.56544],[40.47175,21.54815],[40.47012,21.53931],[40.46773,21.53848],[40.46377,21.52723],[40.46983,21.51888],[40.46793,21.50642],[40.44919,21.50524],[40.43307,21.49429],[40.42202,21.47914],[40.41458,21.45546],[40.39955,21.46206],[40.39574,21.46187],[40.39586,21.45895],[40.39127,21.45528],[40.391,21.45317],[40.39393,21.45182],[40.40052,21.45488],[40.40649,21.45492],[40.41019,21.45228],[40.41007,21.44321],[40.40563,21.44319],[40.3887,21.395],[40.3748,21.3883],[40.36358,21.37732],[40.38287,21.32978],[40.373,21.32637],[40.33484,21.35216],[40.35378,21.35928],[40.35624,21.36474],[40.3485,21.36945],[40.34606,21.39748],[40.33869,21.3966],[40.32301,21.37039],[40.30899,21.37076],[40.3074,21.37472],[40.30277,21.37534],[40.29672,21.38602],[40.28262,21.39347],[40.27117,21.39231],[40.26467,21.3806],[40.25716,21.37681],[40.25474,21.37168],[40.26607,21.36245],[40.26293,21.34948],[40.27965,21.32531],[40.30042,21.31664],[40.30391,21.31822],[40.30685,21.31694],[40.3145,21.32488],[40.3187,21.32251],[40.32161,21.32789],[40.32494,21.3266],[40.32642,21.3379],[40.3321,21.34059],[40.35389,21.31635],[40.32902,21.28662],[40.31758,21.26193],[40.31841,21.25936],[40.35425,21.23346],[40.34676,21.22257],[40.34673,21.20796],[40.36069,21.20793],[40.3736,21.19746],[40.38041,21.20316],[40.39501,21.20758],[40.40098,21.21163]]],[[[40.41101,21.67195],[40.38353,21.65953],[40.37785,21.6581],[40.37081,21.65984],[40.36556,21.65601],[40.36186,21.64795],[40.35678,21.64345],[40.35068,21.64333],[40.34196,21.63778],[40.36143,21.64101],[40.38878,21.60981],[40.40845,21.60728],[40.42746,21.60758],[40.43304,21.61276],[40.44042,21.61496],[40.4414,21.61766],[40.43822,21.62078],[40.43788,21.63488],[40.43351,21.64933],[40.4342,21.65737],[40.43136,21.66154],[40.42518,21.66432],[40.42401,21.67067],[40.41101,21.67195]]],[[[40.66409,21.26048],[40.66354,21.25019],[40.6737,21.25009],[40.67366,21.26032],[40.66409,21.26048]]],[[[40.86688,21.39442],[40.82358,21.35809],[40.84481,21.34193],[40.86125,21.33431],[40.87424,21.33381],[40.90213,21.3398],[40.89324,21.3722],[40.86688,21.39442]]]]},"properties":{"city_id":5,"region_id":2,"name_en":"At Taif","name_ar":"الطائف","district_count":118}},
{"type":"Feature","geometry":{"type":"Polygon","coordinates":[[[39.82605,21.243],[39.82544,21.22255],[39.83708,21.19335],[39.84377,21.18248],[39.85712,21.16961],[39.86559,21.16659],[39.87505,21.16763],[39.89168,21.18247],[39.9091,21.1887],[39.91305,21.19741],[39.9087,21.21575],[39.91345,21.22451],[39.91629,21.24691],[39.92006,21.2549],[39.93508,21.26681],[39.94461,21.28324],[39.9634,21.29234],[39.97522,21.29496],[39.98017,21.30262],[40.00532,21.31826],[40.01153,21.32621],[40.00546,21.35903],[39.99941,21.3748],[39.9915,21.3858],[39.98986,21.39602],[39.99149,21.41531],[39.99769,21.43958],[40.00403,21.44821],[40.01026,21.44762],[40.01927,21.45161],[40.02848,21.44478],[40.03434,21.44336],[40.03862,21.4461],[40.0387,21.44905],[40.05717,21.44655],[40.05485,21.4511],[40.05282,21.45088],[40.0532,21.45316],[40.03636,21.45626],[40.02699,21.4622],[40.02506,21.46076],[40.01362,21.4639],[40.01253,21.46266],[40.01268,21.4672],[40.0195,21.4687],[40.02081,21.47838],[40.00021,21.47274],[39.9985,21.48266],[39.99993,21.49292],[39.98904,21.49311],[39.96692,21.4877],[39.96697,21.49568],[39.96239,21.50673],[39.97043,21.52351],[39.97572,21.52228],[39.97921,21.53288],[39.97774,21.53465],[39.98313,21.54188],[39.96837,21.55865],[39.96945,21.5725],[39.96369,21.57372],[39.95748,21.5709],[39.95407,21.57527],[39.95227,21.56814],[39.94441,21.56321],[39.93917,21.56774],[39.93598,21.56649],[39.93738,21.56302],[39.94276,21.56161],[39.94345,21.55725],[39.93998,21.55442],[39.93956,21.54923],[39.94548,21.54347],[39.93611,21.54728],[39.92963,21.54583],[39.92711,21.5483],[39.91259,21.55019],[39.87536,21.54493],[39.86393,21.54612],[39.85594,21.55094],[39.85315,21.5564],[39.85272,21.56935],[39.85633,21.57303],[39.83994,21.58035],[39.83701,21.59205],[39.82465,21.60467],[39.81791,21.60868],[39.81138,21.60893],[39.80685,21.60511],[39.8041,21.59672],[39.79417,21.60136],[39.78998,21.60106],[39.78238,21.58915],[39.77186,21.5817],[39.76725,21.57422],[39.75719,21.58454],[39.7348,21.5805],[39.7267,21.57139],[39.71345,21.56365],[39.6918,21.53888],[39.68783,21.52639],[39.68852,21.51533],[39.68445,21.51747],[39.68065,21.51674],[39.64854,21.4936],[39.64652,21.49434],[39.6287,21.47801],[39.61834,21.48241],[39.61548,21.47436],[39.6021,21.46006],[39.60564,21.45295],[39.61436,21.45344],[39.61981,21.44899],[39.61217,21.4374],[39.6105,21.41744],[39.61216,21.41048],[39.62575,21.3851],[39.62217,21.35015],[39.6256,21.34039],[39.63805,21.32134],[39.64569,21.30215],[39.65073,21.29512],[39.65884,21.28993],[39.67415,21.28547],[39.70938,21.26363],[39.74027,21.23086],[39.74796,21.22634],[39.75608,21.22552],[39.77336,21.22883],[39.80788,21.24385],[39.81772,21.24111],[39.82605,21.243]]]},"properties":{"city_id":6,"region_id":2,"name_en":"Makkah","name_ar":"مكة المكرمة","district_count":68}},
{"type":"Feature","geometry":{"type":"Polygon","coordinates":[[[41.64398,27.38314],[41.65778,27.38412],[41.66051,27.42379],[41.67142,27.41758],[41.68801,27.41664],[41.69304,27.41919],[41.72634,27.41666],[41.72451,27.43145],[41.72697,27.44053],[41.78023,27.42164],[41.78133,27.44417],[41.78988,27.46379],[41.79773,27.49237],[41.81604,27.59813],[41.79993,27.61769],[41.73499,27.62087],[41.74151,27.62563],[41.75071,27.6408],[41.76932,27.63211],[41.77925,27.64877],[41.75903,27.65826],[41.7549,27.64781],[41.69621,27.64948],[41.6961,27.65229],[41.69267,27.65235],[41.69265,27.64952],[41.677,27.64937],[41.65647,27.63949],[41.67108,27.62469],[41.67694,27.60789],[41.67666,27.60108],[41.67122,27.58665],[41.67102,27.56237],[41.67455,27.55504],[41.66327,27.54166],[41.65923,27.52929],[41.65294,27.53031],[41.63782,27.52468],[41.63578,27.51407],[41.65792,27.51735],[41.67399,27.49865],[41.63087,27.46788],[41.60777,27.47958],[41.59827,27.4641],[41.60448,27.46362],[41.61593,27.45631],[41.60866,27.44926],[41.59855,27.44422],[41.56894,27.42252],[41.58649,27.4083],[41.58496,27.40682],[41.58749,27.40721],[41.59198,27.4035],[41.58724,27.39893],[41.58219,27.40113],[41.57978,27.3992],[41.58915,27.39347],[41.58719,27.38859],[41.59976,27.38405],[41.5995,27.38191],[41.61647,27.36783],[41.62743,27.37837],[41.64398,27.38314]]]},"properties":{"city_id":10,"region_id":8,"name_en":"Hail","name_ar":"حائل","district_count":42}},
{"type":"Feature","geometry":{"type":"Polygon","coordinates":[[[44.0784,26.21624],[44.06576,26.28313],[44.08401,26.28549],[44.08289,26.29042],[44.0863,26.30177],[44.08318,26.30834],[44.07202,26.30451],[44.06042,26.31047],[44.05414,26.34113],[44.04698,26.36189],[44.01581,26.41452],[44.00769,26.42719],[43.97571,26.42627],[43.96463,26.46041],[43.91641,26.4493],[43.90227,26.4367],[43.90079,26.43925],[43.86601,26.42401],[43.85954,26.42489],[43.85846,26.41957],[43.79731,26.36773],[43.81607,26.34947],[43.82243,26.35895],[43.82948,26.35312],[43.83811,26.3364],[43.84138,26.32417],[43.86021,26.32522],[43.86985,26.32297],[43.89223,26.33406],[43.91926,26.273],[43.94259,26.20618],[44.05474,26.21817],[44.07407,26.21714],[44.07439,26.21708],[44.0784,26.21624]]]},"properties":{"city_id":11,"region_id":4,"name_en":"Buraidah","name_ar":"بريدة","district_count":69}},
{"type":"Feature","geometry":{"type":"MultiPolygon","coordinates":[[[[49.5249,25.35333],[49.52447,25.34673],[49.50563,25.31271],[49.50099,25.30022],[49.51182,25.28619],[49.5255,25.27721],[49.54463,25.27266],[49.6369,25.27203],[49.69698,25.27637],[49.67961,25.28254],[49.6868,25.30796],[49.67708,25.35214],[49.66985,25.35198],[49.6671,25.3592],[49.67025,25.36072],[49.66918,25.37343],[49.6516,25.37397],[49.64944,25.38055],[49.63744,25.37725],[49.64273,25.38451],[49.63949,25.38473],[49.63708,25.3849],[49.63485,25.38508],[49.63564,25.38571],[49.63467,25.38627],[49.62997,25.39223],[49.61469,25.38887],[49.6067,25.39402],[49.59538,25.39521],[49.58149,25.39363],[49.5717,25.38867],[49.56474,25.38131],[49.54757,25.37289],[49.53505,25.35429],[49.5249,25.35333]]],[[[49.49623,25.2761],[49.49727,25.27972],[49.48675,25.31505],[49.47648,25.3124],[49.47445,25.30471],[49.48712,25.26229],[49.49256,25.26375],[49.49623,25.2761]]]]},"properties":{"city_id":12,"region_id":5,"name_en":"Al Hafuf","name_ar":"الهفوف","district_count":100}},
{"type":"Feature","geometry":{"type":"MultiPolygon","coordinates":[[[[50.00109,25.90656],[50.01981,25.90499],[49.99615,25.96634],[49.97117,25.95778],[49.89858,25.95596],[49.89865,25.94409],[49.91028,25.90584],[49.96082,25.91079],[50.00109,25.90656]]],[[[49.85867,25.91892],[49.88907,25.90915],[49.8894,25.99598],[49.84018,25.99624],[49.83087,25.95415],[49.83019,25.9179],[49.85867,25.91892]]],[[[49.98309,26.23064],[49.9852,26.22802],[50.0027,26.24999],[49.98852,26.26842],[49.96547,26.25362],[49.98309,26.23064]]],[[[50.0013,26.47006],[49.96775,26.45797],[49.98819,26.36997],[50.00782,26.35298],[50.00995,26.34417],[50.02386,26.33289],[50.00791,26.32287],[50.00616,26.32557],[50.01735,26.331],[49.98106,26.36541],[49.97287,26.36197],[49.96758,26.37029],[49.96427,26.36858],[49.96238,26.37471],[49.95387,26.3769],[49.95284,26.4028],[49.95045,26.41046],[49.94418,26.41219],[49.93997,26.39442],[49.91863,26.3439],[49.9214,26.32781],[49.97257,26.34151],[49.99108,26.31234],[49.97734,26.30388],[50.01247,26.26305],[50.05559,26.31726],[50.06798,26.32429],[50.10815,26.33704],[50.09309,26.37098],[50.10425,26.37529],[50.12434,26.37326],[50.12815,26.36264],[50.13666,26.35359],[50.14763,26.36747],[50.15183,26.39416],[50.17822,26.37068],[50.18807,26.35883],[50.20549,26.36671],[50.19833,26.3752],[50.23424,26.38569],[50.21842,26.41224],[50.22039,26.41322],[50.1971,26.44484],[50.19889,26.44857],[50.18522,26.4566],[50.18844,26.46116],[50.19203,26.45913],[50.19708,26.46868],[50.20327,26.46476],[50.20696,26.47448],[50.21367,26.47264],[50.2197,26.49958],[50.21924,26.50483],[50.21366,26.5085],[50.21897,26.50478],[50.2194,26.49968],[50.21902,26.49794],[50.21532,26.49946],[50.21422,26.49029],[50.2168,26.48982],[50.21241,26.47417],[50.21012,26.47451],[50.2107,26.47879],[50.20713,26.48036],[50.20385,26.48093],[50.20284,26.47794],[50.20085,26.47852],[50.20092,26.48144],[50.19712,26.48012],[50.19795,26.48263],[50.2008,26.48265],[50.19814,26.48319],[50.1988,26.48518],[50.20822,26.48319],[50.21248,26.5025],[50.20783,26.50413],[50.20469,26.48731],[50.20017,26.48779],[50.20679,26.51061],[50.19875,26.51555],[50.19325,26.48886],[50.18833,26.48976],[50.1917,26.50462],[50.18698,26.50546],[50.1913,26.52457],[50.1976,26.52447],[50.19102,26.52467],[50.18109,26.48081],[50.17512,26.47943],[50.17367,26.47115],[50.1703,26.46685],[50.15853,26.46353],[50.15853,26.46536],[50.16332,26.4668],[50.15962,26.46781],[50.15966,26.4701],[50.1674,26.47059],[50.16613,26.46728],[50.17132,26.47107],[50.17029,26.48569],[50.17005,26.47294],[50.16667,26.48218],[50.16679,26.47441],[50.16512,26.47405],[50.16277,26.4852],[50.16321,26.47404],[50.15986,26.4817],[50.15798,26.47594],[50.15756,26.48556],[50.15504,26.47563],[50.15865,26.47313],[50.15438,26.4716],[50.15259,26.47729],[50.15486,26.48605],[50.15078,26.48325],[50.14881,26.48598],[50.15249,26.48941],[50.16035,26.48874],[50.16168,26.49093],[50.15277,26.4926],[50.14668,26.48865],[50.14565,26.48048],[50.14911,26.47436],[50.15414,26.47115],[50.15491,26.46545],[50.15792,26.4653],[50.15488,26.45961],[50.14377,26.46095],[50.13975,26.45843],[50.13989,26.4615],[50.13705,26.46328],[50.13726,26.46624],[50.14189,26.46405],[50.13712,26.47003],[50.14253,26.46762],[50.13735,26.47387],[50.14275,26.47158],[50.13735,26.47736],[50.14245,26.47585],[50.13762,26.48126],[50.14006,26.48237],[50.13815,26.48926],[50.1404,26.4905],[50.13882,26.49706],[50.1412,26.49779],[50.13932,26.50067],[50.14144,26.50222],[50.1378,26.50424],[50.13128,26.41235],[50.12927,26.41422],[50.13063,26.43279],[50.1278,26.43461],[50.13063,26.43279],[50.1333,26.49633],[50.12493,26.49835],[50.122,26.4964],[50.11521,26.46364],[50.11168,26.4562],[50.09736,26.45886],[50.09654,26.47834],[50.08876,26.4776],[50.08875,26.48093],[50.08595,26.4809],[50.08592,26.46834],[50.08384,26.46752],[50.07554,26.46675],[50.0703,26.47513],[50.06682,26.4742],[50.02636,26.46272],[50.02045,26.46806],[50.02044,26.46808],[50.00823,26.45925],[50.00814,26.45945],[50.0013,26.47006]]],[[[49.96238,26.37471],[49.97809,26.37135],[49.97183,26.39492],[49.95728,26.39188],[49.96238,26.37471]]],[[[49.92169,26.523],[49.91606,26.52732],[49.74763,26.5269],[49.74763,26.42351],[49.84295,26.42426],[49.92169,26.523]]],[[[49.93616,26.50698],[49.91943,26.47286],[49.93112,26.46398],[49.94765,26.49835],[49.94447,26.50012],[49.93616,26.50698]]]]},"properties":{"city_id":13,"region_id":5,"name_en":"Dammam","name_ar":"الدمام","district_count":87}},
{"type":"Feature","geometry":{"type":"Polygon","coordinates":[[[39.24041,23.97618],[39.25911,23.97741],[39.2404,23.97618],[39.24792,23.93863],[39.25851,23.91379],[39.27221,23.91758],[39.29581,23.91854],[39.34385,23.91419],[39.37339,23.90931],[39.41195,23.90977],[39.44456,23.91125],[39.48145,23.92109],[39.52901,23.9158],[39.56494,23.92167],[39.5773,23.92028],[39.58598,23.92427],[39.59471,23.91985],[39.62388,23.89406],[39.65512,23.89411],[39.66205,23.89009],[39.67587,23.88963],[39.71075,23.8794],[39.73343,23.88313],[39.84325,23.91903],[39.8989,23.93292],[39.99732,23.94848],[40.01379,23.92071],[40.02117,23.8968],[40.02051,23.86734],[40.02888,23.8414],[40.04106,23.78366],[40.05417,23.74111],[40.27969,23.78681],[40.3023,23.79482],[40.31576,23.80337],[40.37515,23.8563],[40.45445,23.91],[40.48613,23.92674],[40.53712,23.94379],[40.56454,23.95553],[40.58645,23.96752],[40.60595,23.9816],[40.60946,24.00467],[40.61857,24.0293],[40.62437,24.03849],[40.63981,24.0538],[40.6936,24.09136],[40.73167,24.16167],[40.69713,24.21072],[40.47861,24.35167],[40.47868,24.41327],[40.48957,24.46949],[40.49303,24.51724],[40.49202,24.54931],[40.48459,24.56763],[40.45078,24.59515],[40.39528,24.63346],[40.36346,24.64993],[40.33363,24.64999],[40.29451,24.6369],[40.28535,24.63873],[40.26608,24.65831],[40.22884,24.70964],[40.22709,24.7458],[40.21169,24.75653],[40.20224,24.75378],[40.1987,24.75425],[40.19784,24.75743],[40.19331,24.78988],[40.19574,24.86056],[40.19333,24.94944],[40.17994,24.99101],[40.17362,25.00205],[40.022,25.17301],[39.98883,25.1928],[39.95556,25.20663],[39.93204,25.21173],[39.89375,25.16952],[39.87612,25.16496],[39.84841,25.16201],[39.83771,25.13348],[39.82209,25.11347],[39.82916,25.09942],[39.8258,25.08616],[39.82718,25.07508],[39.82273,25.06666],[39.81055,25.05406],[39.80318,25.05022],[39.7852,25.05032],[39.77029,25.05341],[39.75484,25.04882],[39.74889,25.03006],[39.71648,24.96139],[39.69694,24.91417],[39.72777,24.8968],[39.69723,24.881],[39.59213,24.84426],[39.53304,24.8259],[39.54445,24.80895],[39.54662,24.76712],[39.55678,24.75294],[39.53673,24.73961],[39.5163,24.74018],[39.48867,24.73563],[39.46919,24.73554],[39.45942,24.74361],[39.44239,24.74927],[39.34089,24.75175],[39.3275,24.75429],[39.31613,24.75265],[39.28911,24.74041],[39.27624,24.73851],[39.24029,24.72453],[39.22379,24.69839],[39.09377,24.65612],[38.93415,24.65307],[38.91565,24.64653],[38.90463,24.6415],[38.89885,24.63532],[38.88869,24.60842],[38.87867,24.59796],[38.86022,24.58536],[38.84297,24.5814],[38.85553,24.54666],[38.88994,24.53077],[38.86614,24.49788],[38.86206,24.47437],[38.87776,24.39885],[38.88161,24.37035],[38.91675,24.33364],[38.90879,24.31],[39.00208,24.28346],[39.01186,24.29202],[39.03182,24.25994],[39.05628,24.22923],[39.07375,24.2025],[39.09817,24.15495],[39.12876,24.14755],[39.13994,24.14737],[39.15236,24.15427],[39.17505,24.17519],[39.18376,24.17839],[39.19634,24.1771],[39.21312,24.1697],[39.21463,24.16712],[39.19989,24.15015],[39.201,24.13554],[39.20277,24.13123],[39.20931,24.1273],[39.20938,24.07885],[39.22435,24.06134],[39.23767,24.03033],[39.24041,23.97618]]]},"properties":{"city_id":14,"region_id":3,"name_en":"Madinah","name_ar":"المدينة المنورة","district_count":118}},
{"type":"Feature","geometry":{"type":"Polygon","coordinates":[[[42.43719,18.16843],[42.44293,18.16313],[42.4521,18.16846],[42.45689,18.16596],[42.45615,18.17251],[42.46204,18.17847],[42.46368,18.17769],[42.46295,18.1827],[42.46499,18.18515],[42.47069,18.18324],[42.47083,18.1955],[42.47305,18.19579],[42.47568,18.19131],[42.47655,18.19851],[42.49017,18.18951],[42.48968,18.19261],[42.49413,18.19003],[42.49607,18.19302],[42.50034,18.19356],[42.50215,18.1907],[42.50548,18.19026],[42.50995,18.19587],[42.52079,18.1973],[42.5189,18.20153],[42.526,18.19099],[42.53999,18.19353],[42.54961,18.18889],[42.55144,18.20138],[42.56244,18.20315],[42.56198,18.2053],[42.56608,18.20367],[42.58742,18.20644],[42.5943,18.21058],[42.59659,18.20711],[42.60043,18.21011],[42.60324,18.20801],[42.61002,18.20933],[42.61263,18.212],[42.61289,18.20432],[42.60021,18.20355],[42.59643,18.20142],[42.59764,18.19985],[42.59517,18.19361],[42.60036,18.18288],[42.58502,18.18083],[42.59398,18.17509],[42.60336,18.1741],[42.62196,18.17622],[42.6218,18.16383],[42.62928,18.16029],[42.64791,18.16037],[42.65654,18.15579],[42.66016,18.15116],[42.66384,18.15153],[42.68668,18.15786],[42.6673,18.18852],[42.63774,18.18551],[42.634,18.19201],[42.63574,18.19477],[42.63472,18.20592],[42.64747,18.20781],[42.66564,18.21652],[42.67794,18.23226],[42.67809,18.23254],[42.67838,18.23328],[42.67199,18.24379],[42.67527,18.25064],[42.66988,18.25303],[42.66946,18.25612],[42.66506,18.25917],[42.65527,18.25522],[42.65217,18.26737],[42.65207,18.26752],[42.65113,18.26856],[42.65055,18.26955],[42.65039,18.27009],[42.65019,18.27012],[42.64969,18.27162],[42.64967,18.27268],[42.6498,18.27331],[42.64955,18.27553],[42.65202,18.27587],[42.6512,18.27789],[42.65043,18.2798],[42.64966,18.282],[42.64929,18.28298],[42.65021,18.28362],[42.65041,18.28436],[42.65085,18.28488],[42.64999,18.28621],[42.64964,18.28647],[42.64744,18.2881],[42.64948,18.28943],[42.65301,18.30101],[42.65103,18.31049],[42.64749,18.31373],[42.64929,18.3166],[42.64102,18.3303],[42.64203,18.33247],[42.63978,18.33619],[42.63618,18.33749],[42.63385,18.34213],[42.6287,18.34058],[42.59968,18.31899],[42.60704,18.29213],[42.60262,18.28922],[42.59854,18.27076],[42.59582,18.27134],[42.59245,18.26799],[42.58691,18.26968],[42.58418,18.26671],[42.58285,18.26105],[42.58474,18.26027],[42.58388,18.2565],[42.58577,18.25379],[42.58366,18.25273],[42.58656,18.25013],[42.58545,18.24673],[42.59044,18.23648],[42.5859,18.23599],[42.57589,18.24119],[42.56398,18.23573],[42.55773,18.24747],[42.55222,18.25206],[42.55051,18.24815],[42.54274,18.24782],[42.54572,18.25428],[42.55169,18.2527],[42.57902,18.26409],[42.56845,18.272],[42.56125,18.28438],[42.55884,18.28406],[42.55231,18.29409],[42.53262,18.3025],[42.51786,18.31246],[42.51248,18.31264],[42.49462,18.30612],[42.49892,18.28378],[42.49968,18.25644],[42.49711,18.24821],[42.48286,18.25752],[42.47702,18.25938],[42.47626,18.25615],[42.47162,18.2626],[42.46693,18.27878],[42.45745,18.28745],[42.44249,18.33322],[42.41137,18.32267],[42.4004,18.31416],[42.40261,18.30522],[42.4083,18.29965],[42.41372,18.28129],[42.4268,18.26724],[42.4271,18.2668],[42.43129,18.26052],[42.4314,18.2603],[42.43158,18.2597],[42.43166,18.25885],[42.42887,18.25515],[42.42331,18.25436],[42.41403,18.24783],[42.41585,18.24108],[42.42116,18.24018],[42.42487,18.23619],[42.42489,18.23609],[42.42942,18.2353],[42.43219,18.22754],[42.43508,18.22552],[42.43908,18.224],[42.44401,18.22628],[42.44719,18.23528],[42.45622,18.24086],[42.46258,18.23662],[42.46672,18.23675],[42.46848,18.21084],[42.44477,18.21015],[42.43097,18.20489],[42.4341,18.19858],[42.43208,18.19203],[42.43899,18.18592],[42.44392,18.17579],[42.44314,18.17044],[42.43762,18.17186],[42.43719,18.16843]]]},"properties":{"city_id":15,"region_id":6,"name_en":"Abha","name_ar":"ابها","district_count":43}},
{"type":"Feature","geometry":{"type":"MultiPolygon","coordinates":[[[[42.5534,16.87263],[42.55153,16.87114],[42.55446,16.87148],[42.54601,16.86371],[42.55597,16.87286],[42.55797,16.87229],[42.55677,16.87045],[42.55835,16.87248],[42.56204,16.87056],[42.56799,16.86255],[42.57148,16.85167],[42.57096,16.84032],[42.57178,16.84167],[42.57244,16.83669],[42.57702,16.83186],[42.58187,16.83111],[42.58487,16.83367],[42.5779,16.83311],[42.57355,16.84032],[42.57715,16.83926],[42.57741,16.83731],[42.58481,16.83955],[42.58749,16.83656],[42.58603,16.83889],[42.58936,16.83991],[42.59907,16.83663],[42.60903,16.82359],[42.60918,16.82748],[42.60796,16.82627],[42.60721,16.82801],[42.61289,16.82922],[42.61324,16.8244],[42.609,16.82195],[42.60714,16.82236],[42.60856,16.82159],[42.61027,16.82166],[42.61521,16.82572],[42.61901,16.8254],[42.61442,16.82608],[42.61591,16.82899],[42.62276,16.82713],[42.62064,16.82439],[42.61905,16.82516],[42.62042,16.82359],[42.62328,16.82689],[42.6345,16.82084],[42.65397,16.82863],[42.65399,16.83417],[42.64578,16.83848],[42.6379,16.85165],[42.65104,16.85841],[42.65019,16.93423],[42.65508,16.93651],[42.65499,16.9661],[42.63855,16.95539],[42.61094,16.94342],[42.61001,16.95345],[42.61356,16.97275],[42.56779,16.97216],[42.5686,16.98607],[42.54109,16.98751],[42.53629,16.97267],[42.53738,16.95868],[42.53854,16.95104],[42.54397,16.94479],[42.54561,16.93475],[42.55077,16.92983],[42.54575,16.92367],[42.55025,16.91995],[42.5507,16.91438],[42.54305,16.90765],[42.54357,16.9021],[42.53708,16.90174],[42.54174,16.89677],[42.53913,16.88211],[42.54769,16.87234],[42.5534,16.87263]]],[[[42.728,16.82414],[42.73131,16.82242],[42.74067,16.8244],[42.73911,16.83068],[42.73279,16.82892],[42.728,16.82414]]]]},"properties":{"city_id":17,"region_id":10,"name_en":"Jazan","name_ar":"جازان","district_count":16}},
{"type":"Feature","geometry":{"type":"MultiPolygon","coordinates":[[[[39.11424,21.54544],[39.1153,21.54342],[39.11232,21.54091],[39.11561,21.54024],[39.11649,21.53648],[39.11232,21.53384],[39.11736,21.53564],[39.12664,21.52732],[39.12529,21.52395],[39.12783,21.52809],[39.13207,21.52613],[39.12863,21.52262],[39.13372,21.52562],[39.13068,21.5204],[39.12788,21.52056],[39.1278,21.51574],[39.13059,21.51038],[39.12448,21.50673],[39.13146,21.50937],[39.12859,21.51505],[39.13082,21.51406],[39.13038,21.51565],[39.13274,21.51461],[39.13323,21.51631],[39.13502,21.51456],[39.13955,21.52698],[39.14019,21.51998],[39.14503,21.51778],[39.14661,21.52951],[39.14354,21.53248],[39.13987,21.53027],[39.14074,21.53501],[39.14724,21.53352],[39.15631,21.53469],[39.15795,21.53017],[39.14966,21.52243],[39.15524,21.51011],[39.15788,21.50882],[39.15859,21.51244],[39.16258,21.5091],[39.16281,21.50362],[39.15925,21.50056],[39.16518,21.49731],[39.17374,21.50343],[39.17542,21.50258],[39.16855,21.49781],[39.17166,21.49326],[39.17016,21.492],[39.17364,21.49048],[39.17173,21.48809],[39.17845,21.48655],[39.1826,21.49362],[39.18518,21.49215],[39.17701,21.48062],[39.17753,21.48575],[39.16902,21.48668],[39.1668,21.49291],[39.15762,21.49174],[39.1586,21.4841],[39.15076,21.48332],[39.15193,21.47487],[39.14795,21.47421],[39.14842,21.46662],[39.15137,21.46838],[39.14959,21.47413],[39.15192,21.47447],[39.15429,21.46916],[39.15899,21.47481],[39.1575,21.48145],[39.16225,21.4823],[39.16507,21.47152],[39.15856,21.47047],[39.15832,21.46803],[39.1652,21.46609],[39.16851,21.44821],[39.1638,21.44744],[39.16121,21.46243],[39.1575,21.46342],[39.15946,21.44824],[39.15443,21.44696],[39.1549,21.44504],[39.15947,21.44469],[39.15498,21.44431],[39.15332,21.43303],[39.15474,21.42844],[39.15636,21.42931],[39.15586,21.44277],[39.15964,21.44327],[39.1609,21.43201],[39.16473,21.43463],[39.16217,21.44368],[39.16871,21.44495],[39.17264,21.43731],[39.17162,21.43288],[39.17346,21.43005],[39.17158,21.42956],[39.17725,21.42595],[39.17412,21.42582],[39.17515,21.42303],[39.17558,21.42564],[39.17796,21.42536],[39.17781,21.42256],[39.18514,21.42106],[39.18602,21.41723],[39.18982,21.41564],[39.18832,21.40311],[39.18523,21.40402],[39.18412,21.41048],[39.1827,21.40486],[39.17681,21.40707],[39.17766,21.40371],[39.17831,21.40546],[39.18225,21.40473],[39.18768,21.40127],[39.18368,21.40098],[39.18087,21.39709],[39.18391,21.39215],[39.17638,21.37964],[39.1764,21.37555],[39.17325,21.37324],[39.16947,21.36372],[39.15813,21.35404],[39.1328,21.34463],[39.13045,21.34548],[39.13131,21.34858],[39.1272,21.35335],[39.13146,21.36064],[39.13715,21.36036],[39.13548,21.36518],[39.13278,21.36619],[39.12511,21.35296],[39.12642,21.34814],[39.12468,21.34186],[39.1315,21.34051],[39.13156,21.33731],[39.11041,21.33078],[39.10624,21.32648],[39.10481,21.31959],[39.10451,21.29977],[39.11227,21.29293],[39.12261,21.273],[39.12221,21.27036],[39.12399,21.26838],[39.12663,21.26935],[39.13193,21.25597],[39.13672,21.25126],[39.13723,21.25055],[39.13732,21.24983],[39.14085,21.25258],[39.1383,21.25033],[39.13782,21.25004],[39.13712,21.24974],[39.13924,21.24356],[39.31481,21.24307],[39.33625,21.3325],[39.3525,21.33241],[39.35881,21.32805],[39.39466,21.31387],[39.42584,21.2947],[39.44721,21.31163],[39.4499,21.3194],[39.50547,21.31889],[39.50664,21.35098],[39.51095,21.36617],[39.51834,21.37468],[39.5089,21.37989],[39.49701,21.38016],[39.49664,21.3958],[39.49475,21.39907],[39.49599,21.40069],[39.52736,21.4041],[39.52798,21.41822],[39.52265,21.42982],[39.51515,21.44177],[39.49387,21.43394],[39.49301,21.44371],[39.41518,21.43635],[39.41481,21.42693],[39.41078,21.42598],[39.40216,21.43492],[39.40443,21.43865],[39.40066,21.44015],[39.42694,21.44911],[39.42487,21.45847],[39.41716,21.4575],[39.4184,21.46375],[39.41395,21.46538],[39.40711,21.50145],[39.39843,21.50253],[39.40312,21.51606],[39.39829,21.51728],[39.38478,21.51288],[39.38788,21.52236],[39.37797,21.53008],[39.378,21.53568],[39.37253,21.54649],[39.36295,21.54514],[39.36475,21.55211],[39.35327,21.54995],[39.34812,21.55253],[39.34568,21.55777],[39.34307,21.55661],[39.34365,21.56375],[39.34114,21.56404],[39.3377,21.57012],[39.33914,21.57881],[39.33083,21.58142],[39.33063,21.58447],[39.33575,21.58923],[39.33074,21.59824],[39.32796,21.61201],[39.32982,21.61527],[39.32541,21.61385],[39.32271,21.61636],[39.31495,21.62928],[39.30009,21.64592],[39.29934,21.65058],[39.30298,21.65608],[39.30237,21.66826],[39.29592,21.67798],[39.29112,21.69197],[39.28522,21.6949],[39.27923,21.71611],[39.27122,21.72894],[39.27059,21.7327],[39.27521,21.73415],[39.27499,21.73657],[39.2831,21.74723],[39.28346,21.75131],[39.2764,21.76148],[39.26742,21.76915],[39.27813,21.77708],[39.26306,21.79819],[39.26189,21.80371],[39.26187,21.8109],[39.26592,21.81597],[39.2656,21.82293],[39.27037,21.82769],[39.2695,21.83751],[39.26122,21.84304],[39.25596,21.85321],[39.27447,21.85866],[39.27717,21.86269],[39.28217,21.86268],[39.29298,21.86846],[39.29327,21.87454],[39.28899,21.88073],[39.31409,21.89509],[39.32717,21.90689],[39.31129,21.92511],[39.26718,21.90327],[39.25572,21.88742],[39.24417,21.87893],[39.23458,21.91631],[39.22944,21.91838],[39.22968,21.91412],[39.22055,21.91526],[39.21549,21.91033],[39.21021,21.91572],[39.20828,21.91079],[39.20733,21.91438],[39.20492,21.91393],[39.20204,21.91281],[39.203,21.91147],[39.19962,21.90766],[39.19338,21.90699],[39.19217,21.90363],[39.18815,21.90277],[39.1827,21.90662],[39.17854,21.90161],[39.15935,21.95903],[39.15645,21.99678],[39.00823,21.9879],[39.00451,21.98587],[39.00191,21.9752],[39.00579,21.97546],[39.0102,21.96999],[39.00811,21.96892],[39.00418,21.94693],[38.99764,21.94738],[39.00269,21.94369],[39.00147,21.93462],[39.00535,21.92826],[39.01147,21.92555],[39.01703,21.91758],[39.00822,21.90905],[39.0029,21.91366],[39.00359,21.9079],[39.00148,21.90679],[39.0125,21.9027],[39.01221,21.8947],[39.0227,21.88656],[39.02105,21.88193],[39.01859,21.88139],[39.02783,21.87057],[39.03131,21.86008],[39.03113,21.84918],[39.03433,21.84446],[39.02322,21.83797],[39.02532,21.84726],[39.02347,21.85854],[39.01897,21.86828],[39.01327,21.87444],[39.00182,21.8801],[39.00234,21.8846],[39.00095,21.88152],[39.00117,21.88494],[38.99986,21.882],[38.99987,21.88432],[38.99902,21.88224],[38.99638,21.8838],[38.99433,21.88167],[38.99481,21.88374],[38.99099,21.88367],[38.99311,21.8868],[38.98967,21.88456],[38.99108,21.88999],[38.98927,21.89163],[38.99323,21.89323],[38.99066,21.89462],[38.99332,21.89571],[38.98685,21.90352],[38.98758,21.90824],[38.98575,21.9048],[38.98233,21.90619],[38.98266,21.89744],[38.97314,21.89535],[38.96914,21.89975],[38.96885,21.90355],[38.96678,21.90343],[38.96916,21.9054],[38.9641,21.91423],[38.96551,21.91469],[38.95925,21.91667],[38.95924,21.91978],[38.96014,21.91726],[38.96596,21.91456],[38.96841,21.91617],[38.96715,21.91329],[38.96943,21.91659],[38.96007,21.92154],[38.95643,21.91877],[38.95162,21.92235],[38.95388,21.9229],[38.94746,21.92407],[38.94685,21.92204],[38.94908,21.92104],[38.94723,21.9205],[38.94936,21.91956],[38.94758,21.91897],[38.94941,21.91873],[38.94781,21.91822],[38.94971,21.91767],[38.94816,21.91683],[38.94988,21.91692],[38.94826,21.91537],[38.95055,21.91589],[38.94825,21.91473],[38.95253,21.91572],[38.95351,21.91447],[38.95047,21.91348],[38.95346,21.91425],[38.9549,21.91172],[38.9489,21.90969],[38.94937,21.90677],[38.95295,21.90545],[38.95571,21.90782],[38.95351,21.90547],[38.9647,21.88928],[38.9685,21.89031],[38.96492,21.8887],[38.96625,21.88372],[38.97037,21.88432],[38.96752,21.88197],[38.97072,21.88307],[38.97163,21.88134],[38.97957,21.8584],[38.97742,21.85566],[38.9815,21.85703],[38.9819,21.85249],[38.9836,21.85157],[38.98497,21.85406],[38.98411,21.85124],[38.98662,21.85189],[38.98637,21.84981],[38.98882,21.85209],[38.98701,21.84953],[38.98935,21.85035],[38.99061,21.847],[38.99234,21.84853],[38.99208,21.84563],[38.99497,21.84767],[38.99358,21.84581],[38.99608,21.84676],[38.9955,21.84426],[38.99737,21.84591],[38.99592,21.84399],[38.99742,21.84101],[39.00196,21.84261],[38.99891,21.83909],[39.00296,21.841],[39.00025,21.83678],[39.00515,21.83821],[39.0014,21.83455],[39.00608,21.83688],[39.00202,21.83332],[39.0059,21.83463],[39.00897,21.82668],[39.00597,21.82448],[39.00901,21.82185],[39.00913,21.82602],[39.01102,21.8234],[39.01083,21.82142],[39.00968,21.82126],[39.01175,21.82109],[39.01207,21.82212],[39.0092,21.82612],[39.00989,21.82646],[39.01323,21.82218],[39.01198,21.81933],[39.01638,21.82449],[39.01397,21.82395],[39.01314,21.82769],[39.01499,21.82704],[39.01609,21.82965],[39.01684,21.82816],[39.01721,21.83039],[39.01817,21.82755],[39.01734,21.831],[39.01893,21.82896],[39.01819,21.83147],[39.01961,21.83012],[39.01921,21.83212],[39.02286,21.83246],[39.02186,21.83397],[39.0233,21.83309],[39.03711,21.84168],[39.02954,21.83534],[39.03753,21.8386],[39.03874,21.83726],[39.03136,21.83287],[39.03221,21.83148],[39.02813,21.83122],[39.02146,21.82404],[39.01898,21.82413],[39.0132,21.81739],[39.02754,21.80464],[39.03436,21.80923],[39.02752,21.80463],[39.02985,21.8018],[39.03204,21.8055],[39.03557,21.80441],[39.03501,21.80269],[39.03736,21.80495],[39.03488,21.802],[39.03752,21.80171],[39.03782,21.79861],[39.04343,21.79361],[39.04537,21.7836],[39.04729,21.78301],[39.04569,21.78275],[39.05001,21.7816],[39.05374,21.77595],[39.04883,21.77269],[39.05193,21.77076],[39.04756,21.7713],[39.05204,21.77051],[39.04959,21.76725],[39.05132,21.76553],[39.04982,21.75978],[39.05209,21.76014],[39.05118,21.75781],[39.05289,21.7591],[39.05138,21.75751],[39.05361,21.7581],[39.053,21.75522],[39.0552,21.75595],[39.0533,21.75472],[39.05574,21.75526],[39.05505,21.75244],[39.05709,21.75335],[39.05528,21.75202],[39.05748,21.75291],[39.05568,21.75155],[39.05752,21.75286],[39.05565,21.75136],[39.05785,21.7516],[39.05724,21.7493],[39.05969,21.74987],[39.05777,21.7485],[39.05993,21.74931],[39.05821,21.74819],[39.06068,21.74807],[39.05971,21.74584],[39.06113,21.74756],[39.06252,21.74608],[39.06032,21.74483],[39.06153,21.74326],[39.06325,21.74446],[39.062,21.74183],[39.06431,21.74235],[39.0623,21.74126],[39.06545,21.74095],[39.0637,21.73988],[39.06572,21.74082],[39.06368,21.73917],[39.06584,21.73988],[39.06419,21.73858],[39.0664,21.73902],[39.06486,21.73762],[39.06678,21.73839],[39.06514,21.73735],[39.0668,21.73453],[39.0692,21.73534],[39.06841,21.73237],[39.07134,21.73215],[39.07035,21.73],[39.07259,21.73069],[39.07076,21.72943],[39.07323,21.73022],[39.07158,21.7284],[39.0745,21.729],[39.07393,21.72591],[39.07601,21.72705],[39.07471,21.72495],[39.07793,21.72429],[39.07563,21.72254],[39.07829,21.72328],[39.07601,21.72214],[39.07847,21.72257],[39.07628,21.7217],[39.07809,21.72184],[39.07726,21.71968],[39.07947,21.72022],[39.07956,21.71447],[39.08228,21.71418],[39.08009,21.71302],[39.08228,21.71399],[39.08113,21.71124],[39.08312,21.7125],[39.08208,21.71031],[39.08453,21.71104],[39.08319,21.70919],[39.08542,21.71023],[39.08622,21.70809],[39.09195,21.70721],[39.09748,21.72071],[39.10427,21.72142],[39.10392,21.72287],[39.10451,21.72151],[39.10509,21.72444],[39.10694,21.72138],[39.10627,21.72545],[39.11152,21.72362],[39.11298,21.72706],[39.11045,21.72966],[39.11312,21.7309],[39.11072,21.73073],[39.11283,21.73179],[39.1108,21.73194],[39.11252,21.73333],[39.11085,21.7353],[39.11234,21.73767],[39.11406,21.73626],[39.11209,21.73792],[39.11369,21.73679],[39.11245,21.73815],[39.11504,21.73852],[39.11657,21.74843],[39.11796,21.74727],[39.11684,21.74872],[39.1183,21.7475],[39.11789,21.74943],[39.11922,21.74806],[39.11863,21.74973],[39.12109,21.7504],[39.12141,21.74819],[39.12275,21.75041],[39.1249,21.74806],[39.12483,21.75041],[39.12598,21.74861],[39.12626,21.75077],[39.12915,21.75048],[39.12993,21.75308],[39.12783,21.75391],[39.13004,21.75341],[39.12925,21.75618],[39.13334,21.76011],[39.13204,21.76529],[39.13402,21.76406],[39.13311,21.76613],[39.13668,21.76602],[39.13758,21.76951],[39.146,21.77264],[39.13873,21.76899],[39.13738,21.76376],[39.13971,21.76826],[39.14739,21.77136],[39.14018,21.76764],[39.13239,21.75432],[39.13222,21.74772],[39.12806,21.74158],[39.11695,21.73324],[39.11328,21.72044],[39.10527,21.71703],[39.10059,21.71821],[39.10181,21.71654],[39.10049,21.71772],[39.0971,21.71535],[39.09445,21.70602],[39.08592,21.70479],[39.0879,21.70224],[39.08622,21.70169],[39.08834,21.70202],[39.08645,21.70031],[39.08903,21.70069],[39.08651,21.69987],[39.08691,21.69839],[39.08841,21.69957],[39.08731,21.69691],[39.0907,21.69641],[39.08758,21.69606],[39.08944,21.69484],[39.08816,21.69289],[39.09027,21.69307],[39.08894,21.69071],[39.09013,21.69237],[39.09135,21.69118],[39.08941,21.68941],[39.09387,21.68563],[39.09131,21.68394],[39.09403,21.68162],[39.09165,21.67961],[39.09317,21.67787],[39.09258,21.6802],[39.09465,21.68073],[39.09619,21.67744],[39.09409,21.67548],[39.09248,21.67671],[39.09512,21.66686],[39.09373,21.67498],[39.09686,21.67389],[39.09819,21.66694],[39.09638,21.66782],[39.0976,21.66677],[39.09527,21.66478],[39.09807,21.66525],[39.09611,21.66194],[39.0995,21.66263],[39.09626,21.6611],[39.09984,21.66171],[39.09643,21.66032],[39.09741,21.65816],[39.09948,21.65904],[39.09834,21.65637],[39.10023,21.65901],[39.09855,21.65481],[39.10173,21.6481],[39.10041,21.64423],[39.10241,21.62998],[39.10775,21.61188],[39.10508,21.59708],[39.10683,21.58854],[39.10534,21.58823],[39.10813,21.57746],[39.1062,21.58801],[39.10808,21.58571],[39.11109,21.55863],[39.11409,21.5557],[39.11127,21.54475],[39.11424,21.54544]]],[[[39.21106,21.09347],[39.22276,21.07632],[39.22392,21.08002],[39.22685,21.0808],[39.22941,21.08048],[39.23106,21.07375],[39.23678,21.07668],[39.23886,21.0758],[39.2414,21.07035],[39.23868,21.06713],[39.24214,21.06804],[39.24063,21.06456],[39.24286,21.06574],[39.2451,21.06052],[39.24141,21.05835],[39.24545,21.06013],[39.25092,21.05172],[39.26105,21.05212],[39.26635,21.05513],[39.29474,21.05483],[39.27461,21.16959],[39.2412,21.1569],[39.25577,21.1298],[39.20458,21.13459],[39.20248,21.12357],[39.19111,21.12446],[39.18556,21.12109],[39.18981,21.11733],[39.18461,21.11559],[39.18757,21.11504],[39.19139,21.10051],[39.19632,21.09569],[39.20424,21.09359],[39.2061,21.09638],[39.21106,21.09347]]],[[[39.32067,21.13176],[39.32307,21.11697],[39.29878,21.11738],[39.29813,21.0975],[39.34559,21.09446],[39.3403,21.15639],[39.31696,21.15471],[39.32067,21.13176]]]]},"properties":{"city_id":18,"region_id":2,"name_en":"Jeddah","name_ar":"جدة","district_count":170}},
{"type":"Feature","geometry":{"type":"MultiPolygon","coordinates":[[[[45.37125,25.88689],[45.36828,25.89077],[45.37112,25.89993],[45.3755,25.89768],[45.37882,25.90302],[45.40642,25.88863],[45.42202,25.91291],[45.4044,25.92217],[45.4001,25.91548],[45.37211,25.93011],[45.36648,25.92116],[45.35833,25.92534],[45.34833,25.91083],[45.34526,25.91072],[45.33712,25.91602],[45.33282,25.91266],[45.32855,25.90481],[45.33249,25.89927],[45.35074,25.88936],[45.353,25.89216],[45.36472,25.88251],[45.37125,25.88689]]],[[[45.38933,25.88362],[45.38622,25.87843],[45.38141,25.87751],[45.40382,25.86875],[45.40744,25.87478],[45.38933,25.88362]]]]},"properties":{"city_id":24,"region_id":1,"name_en":"Al Majma'ah","name_ar":"المجمعة","district_count":13}},
{"type":"Feature","geometry":{"type":"Polygon","coordinates":[[[50.17822,26.37068],[50.17908,26.33614],[50.17909,26.33445],[50.17951,26.31534],[50.17946,26.31495],[50.1731,26.30412],[50.16518,26.29811],[50.17812,26.28823],[50.19095,26.25927],[50.19856,26.24956],[50.19659,26.24249],[50.17228,26.2165],[50.17215,26.21032],[50.16422,26.2127],[50.1628,26.20527],[50.16958,26.20517],[50.1686,26.20161],[50.18292,26.18195],[50.18161,26.18025],[50.16441,26.17822],[50.16601,26.1947],[50.13665,26.2001],[50.09739,26.13318],[50.11417,26.10752],[50.12007,26.09217],[50.15304,26.08163],[50.15714,26.09124],[50.16044,26.09076],[50.16232,26.09489],[50.15968,26.10404],[50.16385,26.12475],[50.167,26.13106],[50.16948,26.13052],[50.17,26.13217],[50.16745,26.1323],[50.16846,26.13582],[50.17073,26.13519],[50.16876,26.13696],[50.17163,26.14197],[50.17536,26.13889],[50.17352,26.1442],[50.16482,26.14637],[50.16741,26.17469],[50.17948,26.1772],[50.19,26.1672],[50.19317,26.16041],[50.18308,26.15182],[50.18841,26.1515],[50.21352,26.17972],[50.21643,26.18225],[50.22041,26.18071],[50.21988,26.2363],[50.2139,26.23578],[50.21467,26.2385],[50.21969,26.24012],[50.21933,26.27805],[50.22113,26.27506],[50.22414,26.28427],[50.22247,26.28902],[50.22638,26.2935],[50.22465,26.29837],[50.22889,26.3011],[50.22626,26.30545],[50.22902,26.31802],[50.22268,26.33818],[50.22537,26.33923],[50.22376,26.3417],[50.22681,26.34209],[50.22741,26.33971],[50.22856,26.34247],[50.23357,26.34347],[50.23368,26.342],[50.23369,26.34419],[50.22958,26.34715],[50.23121,26.35608],[50.24076,26.37072],[50.23424,26.38569],[50.19833,26.3752],[50.20549,26.36671],[50.18807,26.35883],[50.17822,26.37068]]]},"properties":{"city_id":31,"region_id":5,"name_en":"Al Khobar","name_ar":"الخبر","district_count":44}},
{"type":"Feature","geometry":{"type":"Polygon","coordinates":[[[34.91921,29.18968],[34.92346,29.18855],[34.94041,29.20895],[34.96154,29.21708],[34.96704,29.22309],[34.9521,29.23389],[34.95614,29.23721],[34.9661,29.25583],[34.9594,29.25696],[34.96072,29.26482],[34.96666,29.27573],[34.972,29.27402],[34.97379,29.26986],[34.98355,29.27668],[34.98601,29.28424],[34.96367,29.29077],[34.9659,29.29459],[34.95306,29.30119],[34.95079,29.31031],[34.95044,29.30022],[34.94545,29.29937],[34.94296,29.3028],[34.93556,29.30138],[34.93279,29.29306],[34.92852,29.29021],[34.93144,29.26988],[34.93665,29.26633],[34.93719,29.25605],[34.93974,29.25217],[34.93391,29.24624],[34.94059,29.24421],[34.94177,29.24156],[34.92822,29.23129],[34.91428,29.2304],[34.91544,29.22801],[34.91134,29.22532],[34.90963,29.2206],[34.91244,29.21411],[34.90707,29.20772],[34.90917,29.20714],[34.91285,29.21031],[34.91636,29.20504],[34.91043,29.20123],[34.90734,29.20191],[34.9051,29.1988],[34.90733,29.19354],[34.91921,29.18968]]]},"properties":{"city_id":36,"region_id":7,"name_en":"Haql","name_ar":"حقل","district_count":19}},
{"type":"Feature","geometry":{"type":"MultiPolygon","coordinates":[[[[45.93692,28.21483],[45.9584,28.24262],[45.95876,28.28625],[45.97136,28.31515],[45.98199,28.32922],[45.98356,28.34674],[46.01697,28.34878],[46.01321,28.35848],[46.01395,28.36803],[46.00809,28.36938],[45.9881,28.44272],[45.98398,28.44209],[45.9789,28.46352],[45.90888,28.44881],[45.91919,28.40894],[45.91554,28.40011],[45.92389,28.39643],[45.90826,28.36932],[45.92879,28.36047],[45.94603,28.38658],[45.96247,28.37846],[45.96178,28.37529],[45.95003,28.37908],[45.93856,28.34528],[45.95438,28.33807],[45.94861,28.3232],[45.94498,28.32381],[45.93887,28.31038],[45.94084,28.28616],[45.92965,28.26178],[45.90969,28.24299],[45.93692,28.21483]]],[[[46.03101,28.38443],[46.03138,28.38125],[46.06865,28.38546],[46.06269,28.42647],[46.08909,28.43335],[46.07629,28.45188],[46.0603,28.44269],[46.05711,28.45796],[46.03238,28.45337],[46.03095,28.46449],[46.00316,28.45619],[45.99828,28.4691],[45.98307,28.46457],[45.99827,28.42493],[46.0201,28.43002],[46.02407,28.42088],[46.02636,28.42138],[46.03101,28.38443]]]]},"properties":{"city_id":47,"region_id":5,"name_en":"Hafar Al Batin","name_ar":"حفر الباطن","district_count":36}},
{"type":"Feature","geometry":{"type":"MultiPolygon","coordinates":[[[[46.12542,28.27947],[46.12809,28.27854],[46.13122,28.2854],[46.14055,28.28204],[46.14451,28.29067],[46.14183,28.29162],[46.14783,28.30418],[46.1391,28.30746],[46.14081,28.31123],[46.12172,28.31806],[46.1192,28.31259],[46.10512,28.31553],[46.09381,28.29088],[46.12542,28.27947]]],[[[46.1419,28.31248],[46.15079,28.30969],[46.15276,28.31498],[46.14447,28.31813],[46.1419,28.31248]]]]},"properties":{"city_id":55,"region_id":5,"name_en":"Al Qaysumah","name_ar":"القيصومة","district_count":10}},
{"type":"Feature","geometry":{"type":"MultiPolygon","coordinates":[[[[42.65217,18.26737],[42.66416,18.27402],[42.67126,18.26444],[42.66709,18.26283],[42.66506,18.25917],[42.66946,18.25612],[42.66988,18.25303],[42.67527,18.25064],[42.67199,18.24379],[42.67838,18.23328],[42.67809,18.23254],[42.67794,18.23226],[42.69415,18.2204],[42.72511,18.18942],[42.73473,18.18452],[42.73333,18.20126],[42.72985,18.2085],[42.7305,18.21389],[42.73946,18.22032],[42.74792,18.23098],[42.76263,18.23111],[42.76508,18.22838],[42.76152,18.22384],[42.76598,18.21702],[42.78275,18.21953],[42.7875,18.22283],[42.80178,18.22331],[42.80774,18.22899],[42.80898,18.2265],[42.81353,18.22856],[42.81955,18.23282],[42.8179,18.23545],[42.80343,18.24156],[42.79899,18.24707],[42.80241,18.24886],[42.80355,18.25319],[42.81295,18.25434],[42.81556,18.26177],[42.82544,18.26058],[42.82961,18.26502],[42.83034,18.23509],[42.83051,18.23305],[42.83402,18.233],[42.84822,18.23306],[42.85044,18.22973],[42.85188,18.23083],[42.85352,18.23232],[42.85391,18.23271],[42.85687,18.23546],[42.86015,18.23533],[42.86034,18.23532],[42.8606,18.23529],[42.86427,18.23611],[42.8662,18.26111],[42.86431,18.26582],[42.86214,18.26883],[42.85709,18.27046],[42.85498,18.26697],[42.85159,18.26706],[42.84647,18.26197],[42.83843,18.26564],[42.83607,18.2758],[42.8231,18.29458],[42.81748,18.29047],[42.81259,18.29631],[42.80548,18.29129],[42.80061,18.29049],[42.80062,18.2806],[42.78775,18.26765],[42.7793,18.26272],[42.77921,18.26033],[42.76967,18.26455],[42.76753,18.26978],[42.75818,18.27808],[42.75805,18.28141],[42.7571,18.27967],[42.75061,18.28029],[42.74196,18.27612],[42.73684,18.28128],[42.73543,18.28392],[42.74212,18.28861],[42.74332,18.28436],[42.74631,18.28308],[42.75645,18.28853],[42.7621,18.28371],[42.76565,18.28933],[42.76866,18.30176],[42.76708,18.31125],[42.78132,18.31426],[42.77875,18.33757],[42.78281,18.34283],[42.78039,18.35046],[42.76413,18.35982],[42.75691,18.35675],[42.74635,18.34621],[42.7405,18.34377],[42.72927,18.3449],[42.72858,18.35079],[42.72238,18.35818],[42.7216,18.36369],[42.68798,18.36245],[42.68812,18.35778],[42.68325,18.34843],[42.68633,18.34721],[42.68348,18.34308],[42.68489,18.33798],[42.68929,18.33653],[42.69204,18.34037],[42.69563,18.34122],[42.69594,18.34454],[42.70981,18.35261],[42.71554,18.34421],[42.72817,18.33354],[42.73448,18.33419],[42.73222,18.32646],[42.72541,18.32665],[42.71737,18.33168],[42.71287,18.33057],[42.70856,18.33383],[42.70363,18.33341],[42.70272,18.33766],[42.69649,18.3398],[42.6935,18.33719],[42.69535,18.32991],[42.69237,18.32793],[42.69508,18.32473],[42.68379,18.32186],[42.69068,18.30229],[42.6865,18.29691],[42.67185,18.28173],[42.66495,18.28505],[42.66185,18.2915],[42.65815,18.2938],[42.64948,18.28943],[42.64744,18.2881],[42.64964,18.28647],[42.64999,18.28621],[42.65085,18.28488],[42.65041,18.28436],[42.65021,18.28362],[42.64929,18.28298],[42.64966,18.282],[42.65043,18.2798],[42.6512,18.27789],[42.65202,18.27587],[42.64955,18.27553],[42.6498,18.27331],[42.64967,18.27268],[42.64969,18.27162],[42.65019,18.27012],[42.65039,18.27009],[42.65055,18.26955],[42.65113,18.26856],[42.65207,18.26752],[42.65217,18.26737]]],[[[42.6751,18.30449],[42.67679,18.31799],[42.67426,18.32443],[42.66887,18.3245],[42.66578,18.31702],[42.66722,18.31215],[42.66102,18.30679],[42.66083,18.30028],[42.65664,18.29966],[42.65732,18.29594],[42.67027,18.2968],[42.67324,18.2933],[42.67807,18.2991],[42.6751,18.30449]]],[[[42.70696,18.40247],[42.70599,18.41058],[42.68484,18.40269],[42.69195,18.37861],[42.71118,18.38495],[42.70696,18.40247]]]]},"properties":{"city_id":62,"region_id":6,"name_en":"Khamis Mushayt","name_ar":"خميس مشيط","district_count":70}},
{"type":"Feature","geometry":{"type":"MultiPolygon","coordinates":[[[[42.85188,18.23083],[42.86142,18.22802],[42.8649,18.21949],[42.86903,18.21851],[42.86802,18.21495],[42.87759,18.20948],[42.87912,18.21093],[42.87744,18.21745],[42.87219,18.22987],[42.87748,18.2296],[42.87927,18.2323],[42.87588,18.23539],[42.87183,18.2343],[42.8672,18.23963],[42.86558,18.24004],[42.86427,18.23611],[42.8606,18.23529],[42.86034,18.23532],[42.86015,18.23533],[42.85687,18.23546],[42.85391,18.23271],[42.85352,18.23232],[42.85188,18.23083]]],[[[42.83034,18.23509],[42.8179,18.23545],[42.81955,18.23282],[42.81353,18.22856],[42.80898,18.2265],[42.80774,18.22899],[42.80178,18.22331],[42.7875,18.22283],[42.78275,18.21953],[42.78355,18.20151],[42.792,18.1994],[42.79255,18.1928],[42.78945,18.18378],[42.79076,18.18148],[42.79502,18.17681],[42.80242,18.18025],[42.8125,18.15999],[42.81755,18.16274],[42.82104,18.15967],[42.82325,18.1605],[42.82346,18.16374],[42.82832,18.16749],[42.84248,18.16107],[42.84496,18.15672],[42.84018,18.15577],[42.84299,18.15007],[42.84222,18.1461],[42.84355,18.14346],[42.84796,18.14409],[42.84499,18.15663],[42.8607,18.16125],[42.85492,18.17406],[42.86118,18.17748],[42.85637,18.18725],[42.85087,18.18468],[42.8466,18.19215],[42.83884,18.18794],[42.83468,18.19551],[42.83207,18.20564],[42.83558,18.20562],[42.83503,18.2086],[42.82781,18.21772],[42.83336,18.21185],[42.83539,18.20892],[42.8363,18.20572],[42.84567,18.20459],[42.84699,18.21176],[42.84536,18.21325],[42.84738,18.21649],[42.84479,18.22099],[42.83692,18.22218],[42.83402,18.233],[42.83051,18.23305],[42.83034,18.23509]]]]},"properties":{"city_id":65,"region_id":6,"name_en":"Ahad Rifaydah","name_ar":"احد رفيده","district_count":15}},
{"type":"Feature","geometry":{"type":"MultiPolygon","coordinates":[[[[49.98461,26.52636],[49.98478,26.53786],[49.9896,26.53921],[49.99266,26.5365],[49.99702,26.53892],[49.99803,26.53532],[50.00268,26.53546],[49.99828,26.54112],[49.98548,26.54401],[49.98421,26.54789],[49.98003,26.54697],[49.98074,26.54485],[49.97863,26.5444],[49.97708,26.54621],[49.96362,26.544],[49.96215,26.534],[49.96374,26.52921],[49.97972,26.52543],[49.98461,26.52636]]],[[[49.95373,26.55917],[49.95566,26.5502],[49.95643,26.5356],[49.95818,26.53656],[49.95889,26.55919],[49.95373,26.55917]]],[[[50.05005,26.59122],[50.02935,26.58877],[50.0297,26.58609],[50.0241,26.58551],[50.02471,26.58136],[50.022,26.58103],[50.02151,26.58446],[50.01794,26.58397],[50.02122,26.59006],[50.01331,26.62205],[50.00487,26.62843],[50.00925,26.59047],[50.00314,26.58688],[50.00515,26.5822],[50.00291,26.58188],[50.00325,26.57975],[49.99878,26.58103],[49.99544,26.58626],[49.99675,26.59115],[49.99249,26.59142],[49.99228,26.59514],[49.9875,26.59506],[49.98663,26.60034],[49.98124,26.60826],[49.97779,26.6075],[49.96974,26.59896],[49.9709,26.59496],[49.96356,26.59256],[49.96322,26.58019],[49.96584,26.57583],[49.97191,26.57726],[49.97162,26.57869],[49.97358,26.57688],[49.98662,26.58023],[49.9847,26.58807],[49.9899,26.58559],[49.99454,26.57634],[49.99491,26.5725],[49.9916,26.57209],[49.99072,26.57596],[49.96614,26.57508],[49.96683,26.5602],[49.98338,26.55604],[49.99014,26.55835],[49.99334,26.55421],[49.98616,26.55295],[49.98617,26.54934],[49.99714,26.54711],[49.99806,26.54388],[50.00336,26.54537],[50.0077,26.541],[50.00529,26.54597],[50.01246,26.54901],[50.00989,26.54704],[50.02188,26.53317],[50.03074,26.53201],[50.0319,26.53434],[50.02079,26.55822],[50.02205,26.5612],[50.0284,26.56142],[50.02884,26.55749],[50.03744,26.55643],[50.05394,26.55839],[50.05005,26.59122]]]]},"properties":{"city_id":67,"region_id":5,"name_en":"Al Qatif","name_ar":"القطيف","district_count":57}},
{"type":"Feature","geometry":{"type":"Polygon","coordinates":[[[38.52998,27.60961],[38.54601,27.60996],[38.55437,27.60317],[38.5605,27.60385],[38.55874,27.60887],[38.57211,27.61464],[38.58013,27.62809],[38.57305,27.63964],[38.56548,27.64245],[38.56489,27.64119],[38.56726,27.64658],[38.56337,27.64873],[38.52878,27.64717],[38.51607,27.6313],[38.49582,27.6351],[38.49777,27.641],[38.45881,27.64863],[38.45527,27.63795],[38.46205,27.63609],[38.45779,27.60794],[38.51115,27.60248],[38.51185,27.6088],[38.51149,27.60553],[38.52961,27.60431],[38.52998,27.60961]]]},"properties":{"city_id":74,"region_id":7,"name_en":"Tayma'","name_ar":"تيماء","district_count":20}},
{"type":"Feature","geometry":{"type":"Polygon","coordinates":[[[43.94259,26.20618],[43.91338,26.20329],[43.8906,26.19714],[43.83372,26.17625],[43.83558,25.99335],[44.13058,25.99543],[44.12886,26.20249],[44.0784,26.21624],[44.07439,26.21708],[44.07407,26.21714],[44.05474,26.21817],[43.94259,26.20618]]]},"properties":{"city_id":80,"region_id":4,"name_en":"Unayzah","name_ar":"عنيزة","district_count":90}},
{"type":"Feature","geometry":{"type":"Polygon","coordinates":[[[47.69963,27.5446],[47.71608,27.55801],[47.71032,27.56354],[47.71254,27.56535],[47.70782,27.56998],[47.72205,27.58163],[47.70783,27.58986],[47.70793,27.5809],[47.6997,27.57772],[47.70522,27.5725],[47.6991,27.57036],[47.69992,27.56592],[47.686,27.56505],[47.68395,27.56033],[47.67682,27.55705],[47.67061,27.55874],[47.67518,27.55293],[47.68372,27.55487],[47.68669,27.54763],[47.6912,27.54777],[47.69121,27.54196],[47.69963,27.5446]]]},"properties":{"city_id":89,"region_id":5,"name_en":"Qaryat Al 'Ulya","name_ar":"قرية العليا","district_count":15}},
{"type":"Feature","geometry":{"type":"MultiPolygon","coordinates":[[[[49.5744,27.07762],[49.55983,27.09285],[49.48867,27.03289],[49.50795,27.01881],[49.53172,27.00768],[49.53957,27.00609],[49.54543,27.0013],[49.56541,26.99276],[49.62264,27.0403],[49.60025,27.06203],[49.58422,27.06839],[49.5744,27.07762]]],[[[49.49566,27.09066],[49.51479,27.07682],[49.5321,27.09075],[49.53215,27.09554],[49.51931,27.10649],[49.50263,27.11642],[49.4922,27.1051],[49.48174,27.1007],[49.49566,27.09066]]],[[[49.54588,27.10787],[49.57088,27.12129],[49.57149,27.13445],[49.56928,27.13539],[49.5717,27.13518],[49.56764,27.14178],[49.56776,27.14602],[49.57235,27.15774],[49.57752,27.15931],[49.58553,27.16824],[49.58587,27.1794],[49.58069,27.18212],[49.57632,27.18116],[49.57829,27.18379],[49.56738,27.17036],[49.55474,27.1635],[49.54403,27.17784],[49.53875,27.18167],[49.53113,27.18348],[49.5273,27.18911],[49.51702,27.18351],[49.50587,27.17056],[49.49665,27.16387],[49.49511,27.15382],[49.50246,27.13677],[49.50638,27.13272],[49.50914,27.13384],[49.51831,27.12586],[49.51963,27.12674],[49.53933,27.10303],[49.54588,27.10787]]],[[[49.71186,26.92672],[49.69923,26.94357],[49.67692,26.95771],[49.66588,26.98132],[49.6607,26.99923],[49.66754,27.00022],[49.66643,27.01606],[49.65433,27.01616],[49.64279,27.02021],[49.63912,27.02706],[49.63179,27.02809],[49.62656,27.02641],[49.60962,26.99598],[49.60969,26.99241],[49.62237,26.98382],[49.65179,26.95665],[49.69668,26.93451],[49.70969,26.92404],[49.71186,26.92672]]],[[[49.59204,27.07039],[49.59362,27.06922],[49.59779,27.07367],[49.5826,27.08556],[49.57574,27.10315],[49.57651,27.10607],[49.57469,27.10611],[49.56641,27.09837],[49.56606,27.09506],[49.59204,27.07039]]],[[[49.5701,27.11622],[49.56629,27.11666],[49.56118,27.11241],[49.56223,27.11098],[49.56918,27.11208],[49.5726,27.1149],[49.5701,27.11622]]],[[[49.78814,26.84526],[49.7962,26.83298],[49.81972,26.84553],[49.74536,26.89038],[49.75843,26.87378],[49.77458,26.86133],[49.78814,26.84526]]],[[[49.66443,26.90725],[49.66263,26.92558],[49.64569,26.92427],[49.64688,26.90594],[49.66443,26.90725]]],[[[49.71186,26.92672],[49.71965,26.91691],[49.74244,26.90527],[49.75236,26.91843],[49.72414,26.93498],[49.71186,26.92672]]]]},"properties":{"city_id":113,"region_id":5,"name_en":"Al Jubail","name_ar":"الجبيل","district_count":45}},
{"type":"Feature","geometry":{"type":"Polygon","coordinates":[[[48.52476,27.48133],[48.51658,27.49023],[48.49219,27.47567],[48.46871,27.48443],[48.46193,27.47038],[48.47656,27.46541],[48.48052,27.46707],[48.48345,27.46404],[48.51946,27.45037],[48.52186,27.45708],[48.53704,27.46807],[48.52476,27.48133]]]},"properties":{"city_id":115,"region_id":5,"name_en":"An Nu'ayriyah","name_ar":"النعيرية","district_count":8}},
{"type":"Feature","geometry":{"type":"MultiPolygon","coordinates":[[[[45.33681,25.92431],[45.32267,25.93257],[45.32004,25.92928],[45.32403,25.92656],[45.32101,25.92249],[45.33414,25.91721],[45.33681,25.92431]]],[[[45.36699,25.94181],[45.36558,25.95224],[45.35531,25.95111],[45.35452,25.95681],[45.34432,25.9557],[45.34555,25.94499],[45.35517,25.94068],[45.36699,25.94181]]]]},"properties":{"city_id":153,"region_id":1,"name_en":"Harmah","name_ar":"حرمة","district_count":3}},
{"type":"Feature","geometry":{"type":"MultiPolygon","coordinates":[[[[45.45657,25.66679],[45.46463,25.6669],[45.48491,25.67364],[45.48495,25.68083],[45.48177,25.68086],[45.47313,25.68767],[45.46816,25.70031],[45.47855,25.71264],[45.46724,25.72724],[45.45335,25.7184],[45.45539,25.71565],[45.44452,25.70764],[45.44965,25.70049],[45.4465,25.69185],[45.44329,25.66551],[45.45657,25.66679]]],[[[45.5305,25.70861],[45.52117,25.71463],[45.5111,25.7029],[45.51899,25.69711],[45.5305,25.70861]]]]},"properties":{"city_id":162,"region_id":1,"name_en":"Jalajil","name_ar":"جلاجل","district_count":14}},
{"type":"Feature","geometry":{"type":"Polygon","coordinates":[[[45.63724,25.58454],[45.65038,25.58291],[45.65731,25.57689],[45.6586,25.56904],[45.65261,25.57349],[45.64457,25.57055],[45.64723,25.56676],[45.64109,25.56436],[45.64627,25.56167],[45.64787,25.55576],[45.67134,25.56378],[45.66785,25.57017],[45.66283,25.56956],[45.66165,25.57723],[45.67781,25.58216],[45.66072,25.59847],[45.65035,25.59503],[45.66325,25.59935],[45.65816,25.60178],[45.65908,25.60465],[45.65288,25.60705],[45.6487,25.61611],[45.64863,25.62298],[45.64528,25.62742],[45.63284,25.61412],[45.61832,25.62261],[45.61293,25.60793],[45.61567,25.6072],[45.61205,25.60016],[45.61034,25.60648],[45.60401,25.60432],[45.61215,25.59675],[45.60981,25.59393],[45.61834,25.58962],[45.62633,25.58192],[45.62531,25.58675],[45.6281,25.58806],[45.62989,25.58528],[45.63724,25.58454]]]},"properties":{"city_id":165,"region_id":1,"name_en":"Hawtat Sudair","name_ar":"حوطة سدير","district_count":17}},
{"type":"Feature","geometry":{"type":"MultiPolygon","coordinates":[[[[45.87359,25.70281],[45.8722,25.70032],[45.87591,25.699],[45.87397,25.69586],[45.88786,25.68879],[45.89452,25.69648],[45.90128,25.69298],[45.90395,25.69731],[45.89479,25.70193],[45.89522,25.70602],[45.89058,25.70624],[45.88966,25.70214],[45.87666,25.70823],[45.87359,25.70281]]],[[[45.86477,25.71475],[45.86207,25.71969],[45.8657,25.72273],[45.85622,25.72671],[45.85279,25.72372],[45.84449,25.72966],[45.83726,25.72191],[45.85163,25.7117],[45.85408,25.71362],[45.85806,25.71044],[45.86048,25.71251],[45.86521,25.70876],[45.86662,25.70996],[45.86477,25.71475]]],[[[45.55777,25.78549],[45.54336,25.77302],[45.54436,25.77117],[45.60919,25.72344],[45.61063,25.71963],[45.65664,25.69296],[45.70335,25.65906],[45.7577,25.63434],[45.80008,25.61232],[45.82146,25.65485],[45.82977,25.66711],[45.78797,25.68516],[45.78292,25.70874],[45.75057,25.73856],[45.73544,25.73983],[45.72096,25.76484],[45.713,25.77026],[45.69373,25.77494],[45.66176,25.81335],[45.64805,25.82378],[45.55777,25.78549]]],[[[45.86104,25.72862],[45.86647,25.72307],[45.87332,25.72855],[45.87127,25.73407],[45.86104,25.72862]]],[[[45.83995,25.7492],[45.83559,25.74844],[45.83739,25.73962],[45.84185,25.74037],[45.83995,25.7492]]],[[[45.88408,25.71288],[45.88095,25.70898],[45.88525,25.70629],[45.89064,25.71065],[45.88935,25.7147],[45.88408,25.71288]]]]},"properties":{"city_id":167,"region_id":1,"name_en":"Tumair","name_ar":"تمير","district_count":15}},
{"type":"Feature","geometry":{"type":"Polygon","coordinates":[[[45.33719,26.48235],[45.33187,26.47657],[45.33311,26.47568],[45.34212,26.48567],[45.34523,26.4833],[45.34905,26.48406],[45.35092,26.47639],[45.356,26.47744],[45.35641,26.466],[45.35917,26.46472],[45.3614,26.45507],[45.36152,26.43417],[45.36428,26.43409],[45.36425,26.45488],[45.36042,26.47126],[45.36335,26.47194],[45.36244,26.47551],[45.3595,26.47496],[45.35727,26.48807],[45.36094,26.48894],[45.35982,26.49356],[45.36947,26.4969],[45.36839,26.50022],[45.37159,26.50119],[45.37177,26.50747],[45.36984,26.50759],[45.3626,26.52656],[45.3468,26.52109],[45.34715,26.53157],[45.34376,26.53587],[45.34543,26.53761],[45.34229,26.54724],[45.33985,26.5469],[45.33997,26.55529],[45.34316,26.55516],[45.34331,26.55704],[45.34008,26.55725],[45.34147,26.5642],[45.33926,26.56914],[45.33932,26.5943],[45.33766,26.56556],[45.33531,26.56557],[45.33615,26.55191],[45.33098,26.55209],[45.33086,26.54855],[45.3364,26.54823],[45.34093,26.53228],[45.33936,26.53186],[45.3418,26.52591],[45.34016,26.52461],[45.34276,26.52019],[45.33598,26.51589],[45.3344,26.5199],[45.33013,26.51736],[45.32473,26.5069],[45.32548,26.50273],[45.33881,26.48683],[45.33719,26.48235]]]},"properties":{"city_id":168,"region_id":1,"name_en":"Al Artawiyah","name_ar":"الارطاوية","district_count":12}},
{"type":"Feature","geometry":{"type":"MultiPolygon","coordinates":[[[[37.96455,26.56695],[37.94743,26.57574],[37.94432,26.57427],[37.94325,26.5779],[37.94053,26.572],[37.93766,26.57153],[37.94076,26.56641],[37.9451,26.56524],[37.94589,26.56663],[37.94767,26.56067],[37.95326,26.55444],[37.96455,26.56695]]],[[[37.93257,26.56412],[37.93878,26.56679],[37.93779,26.56851],[37.93004,26.57646],[37.92396,26.57748],[37.93257,26.56412]]],[[[37.93705,26.59153],[37.92938,26.60316],[37.93806,26.60702],[37.92963,26.61784],[37.91894,26.61579],[37.91519,26.60542],[37.91642,26.60337],[37.9191,26.60067],[37.92542,26.6019],[37.93705,26.59153]]],[[[37.95209,26.60348],[37.95029,26.60763],[37.9406,26.60315],[37.94282,26.59913],[37.95209,26.60348]]],[[[37.90585,26.63869],[37.90779,26.6387],[37.90801,26.64993],[37.90225,26.64738],[37.90585,26.63869]]]]},"properties":{"city_id":199,"region_id":3,"name_en":"Al Ula","name_ar":"العلا","district_count":8}},
{"type":"Feature","geometry":{"type":"MultiPolygon","coordinates":[[[[50.10815,26.33704],[50.11342,26.32283],[50.09238,26.30824],[50.09722,26.30361],[50.09471,26.30122],[50.09511,26.29692],[50.10666,26.28413],[50.11247,26.28345],[50.11802,26.28614],[50.11881,26.29103],[50.13076,26.29471],[50.13224,26.2905],[50.13937,26.29724],[50.14075,26.29328],[50.14643,26.2945],[50.14954,26.29212],[50.1536,26.29452],[50.15516,26.29148],[50.16518,26.29811],[50.1731,26.30412],[50.17946,26.31495],[50.17951,26.31534],[50.17909,26.33445],[50.17908,26.33614],[50.17822,26.37068],[50.15183,26.39416],[50.14763,26.36747],[50.13666,26.35359],[50.12815,26.36264],[50.12434,26.37326],[50.10425,26.37529],[50.09309,26.37098],[50.10815,26.33704]]],[[[50.07129,26.27735],[50.06968,26.2785],[50.06245,26.27493],[50.05762,26.26521],[50.05858,26.26191],[50.05457,26.25899],[50.04637,26.23787],[50.03234,26.2254],[50.03873,26.21981],[50.04395,26.2216],[50.08587,26.25773],[50.07129,26.27735]]]]},"properties":{"city_id":227,"region_id":5,"name_en":"Dhahran","name_ar":"الظهران","district_count":13}},
{"type":"Feature","geometry":{"type":"MultiPolygon","coordinates":[[[[36.4651,26.23073],[36.4641,26.23179],[36.46894,26.23171],[36.4651,26.2382],[36.46704,26.23934],[36.46496,26.24256],[36.46211,26.24104],[36.4506,26.26154],[36.44687,26.2601],[36.43916,26.27114],[36.43242,26.26574],[36.44655,26.24928],[36.45629,26.2266],[36.45853,26.22596],[36.4651,26.23073]]],[[[36.46486,26.25386],[36.47024,26.24647],[36.4765,26.25056],[36.47346,26.25429],[36.47999,26.25862],[36.46295,26.28184],[36.45248,26.27721],[36.46486,26.25386]]]]},"properties":{"city_id":233,"region_id":7,"name_en":"Al Wajh","name_ar":"الوجه","district_count":7}},
{"type":"Feature","geometry":{"type":"Polygon","coordinates":[[[49.61139,25.90671],[49.62706,25.91205],[49.62338,25.92119],[49.63601,25.92552],[49.63929,25.92773],[49.63788,25.93106],[49.63993,25.9318],[49.64199,25.92726],[49.637,25.92583],[49.64065,25.9169],[49.64604,25.91874],[49.64797,25.91401],[49.66491,25.9204],[49.66674,25.92523],[49.66403,25.9327],[49.65907,25.93134],[49.65247,25.94913],[49.62309,25.93251],[49.61696,25.94178],[49.61393,25.94022],[49.6084,25.93001],[49.60847,25.92818],[49.61612,25.92803],[49.61172,25.91815],[49.60194,25.91709],[49.60083,25.92764],[49.58678,25.92666],[49.59877,25.90589],[49.61139,25.90671]]]},"properties":{"city_id":243,"region_id":5,"name_en":"Buqayq","name_ar":"بقيق","district_count":13}},
{"type":"Feature","geometry":{"type":"MultiPolygon","coordinates":[[[[43.17799,18.51861],[43.18332,18.52369],[43.1783,18.52803],[43.17382,18.52241],[43.17799,18.51861]]],[[[43.2127,18.5128],[43.22231,18.5122],[43.22503,18.51539],[43.23997,18.51731],[43.24048,18.52024],[43.24673,18.51759],[43.24961,18.52394],[43.24659,18.5372],[43.24821,18.54762],[43.24218,18.55343],[43.22993,18.5753],[43.23263,18.57643],[43.2334,18.58541],[43.22604,18.58748],[43.22882,18.59733],[43.22164,18.59844],[43.21788,18.60955],[43.21501,18.62127],[43.21763,18.63352],[43.2145,18.63896],[43.20613,18.64476],[43.20034,18.63828],[43.19153,18.63521],[43.19324,18.6292],[43.19147,18.62555],[43.19649,18.62642],[43.19537,18.6228],[43.19925,18.61849],[43.2012,18.60059],[43.20036,18.59779],[43.19086,18.59551],[43.19234,18.59039],[43.18695,18.58585],[43.19306,18.58266],[43.19174,18.57808],[43.1882,18.57556],[43.19227,18.57135],[43.19754,18.57364],[43.19595,18.56743],[43.19801,18.56569],[43.19383,18.553],[43.19029,18.55141],[43.18667,18.54223],[43.18459,18.52937],[43.1884,18.52827],[43.18601,18.52625],[43.19526,18.52041],[43.2127,18.5128]]]]},"properties":{"city_id":256,"region_id":6,"name_en":"Tarib","name_ar":"طريب","district_count":14}},
{"type":"Feature","geometry":{"type":"MultiPolygon","coordinates":[[[[44.81451,26.26324],[44.81358,26.26536],[44.81086,26.26525],[44.80885,26.25818],[44.81502,26.25859],[44.81451,26.26324]]],[[[44.80154,26.29202],[44.80637,26.29407],[44.81369,26.28689],[44.82421,26.28577],[44.82561,26.26807],[44.84319,26.27313],[44.84388,26.27162],[44.84771,26.28402],[44.85708,26.2791],[44.86157,26.28394],[44.85881,26.28811],[44.85133,26.29038],[44.8528,26.29352],[44.8467,26.29419],[44.84331,26.30003],[44.84135,26.29881],[44.83813,26.30479],[44.83745,26.30489],[44.83698,26.30497],[44.8348,26.30543],[44.83129,26.30584],[44.83481,26.30543],[44.8377,26.30485],[44.83773,26.30497],[44.83777,26.30496],[44.8385,26.30756],[44.83524,26.3081],[44.83211,26.31274],[44.83399,26.314],[44.82796,26.32488],[44.82933,26.32815],[44.82741,26.33111],[44.82484,26.32662],[44.81745,26.3219],[44.83129,26.30584],[44.81744,26.3219],[44.82483,26.32662],[44.82741,26.33111],[44.82273,26.33172],[44.81811,26.33876],[44.81479,26.33942],[44.81296,26.34206],[44.81418,26.34547],[44.8014,26.36079],[44.79607,26.35957],[44.80451,26.34269],[44.79338,26.33957],[44.78545,26.35742],[44.77802,26.35126],[44.7811,26.34363],[44.77594,26.34049],[44.77816,26.3341],[44.77447,26.33266],[44.77747,26.32406],[44.7768,26.31889],[44.77951,26.31557],[44.77872,26.30664],[44.776,26.3064],[44.77944,26.30443],[44.78146,26.29791],[44.78164,26.29215],[44.77931,26.28911],[44.78549,26.28763],[44.79087,26.28946],[44.79198,26.28732],[44.80095,26.28912],[44.80154,26.29202]]],[[[44.70142,26.44432],[44.69559,26.43373],[44.69712,26.42474],[44.71391,26.41553],[44.71787,26.41604],[44.71464,26.44596],[44.70142,26.44432]]],[[[44.83113,26.25069],[44.83012,26.25263],[44.81721,26.25228],[44.81895,26.24703],[44.83214,26.24917],[44.83113,26.25069]]],[[[44.86742,26.3015],[44.87538,26.28967],[44.86604,26.28654],[44.86986,26.27799],[44.87573,26.27995],[44.8748,26.2826],[44.88425,26.28583],[44.89507,26.2612],[44.90436,26.24823],[44.91537,26.25171],[44.91825,26.25045],[44.91911,26.2535],[44.91636,26.25492],[44.91935,26.25596],[44.89912,26.28355],[44.91553,26.28923],[44.91047,26.29901],[44.92422,26.3087],[44.91632,26.31844],[44.91151,26.34185],[44.89105,26.33839],[44.88719,26.34916],[44.86065,26.33974],[44.85426,26.351],[44.84436,26.34861],[44.85039,26.33644],[44.84716,26.33533],[44.84835,26.33179],[44.83436,26.32625],[44.83943,26.31276],[44.84549,26.31359],[44.84744,26.30922],[44.85035,26.31024],[44.85228,26.30839],[44.84793,26.30685],[44.85381,26.29465],[44.86742,26.3015]]],[[[44.83118,26.34058],[44.8249,26.352],[44.81577,26.34878],[44.81507,26.3416],[44.82065,26.3391],[44.82162,26.33424],[44.82499,26.33501],[44.82731,26.33318],[44.82876,26.33527],[44.83412,26.33568],[44.83118,26.34058]]]]},"properties":{"city_id":270,"region_id":1,"name_en":"Az Zulfi","name_ar":"الزلفي","district_count":48}},
{"type":"Feature","geometry":{"type":"Polygon","coordinates":[[[39.29851,25.67035],[39.29773,25.67295],[39.30846,25.675],[39.30424,25.70057],[39.29641,25.70166],[39.29909,25.71232],[39.27339,25.71443],[39.26923,25.70844],[39.27332,25.70579],[39.27494,25.70895],[39.28849,25.70378],[39.2914,25.70021],[39.29138,25.68558],[39.28635,25.68529],[39.28441,25.68201],[39.28916,25.65845],[39.2924,25.65209],[39.30367,25.65404],[39.29851,25.67035]]]},"properties":{"city_id":288,"region_id":3,"name_en":"Khaybar","name_ar":"خيبر","district_count":6}},
{"type":"Feature","geometry":{"type":"Polygon","coordinates":[[[44.94717,26.0168],[44.95432,26.01655],[44.95697,26.02347],[44.96878,26.02029],[44.97083,26.02052],[44.97076,26.02361],[44.95076,26.03515],[44.94706,26.03014],[44.94176,26.04319],[44.93177,26.0419],[44.93324,26.02706],[44.94425,26.02626],[44.94079,26.01762],[44.94717,26.0168]]]},"properties":{"city_id":306,"region_id":1,"name_en":"Al Ghat","name_ar":"الغاط","district_count":14}},
{"type":"Feature","geometry":{"type":"MultiPolygon","coordinates":[[[[37.26336,25.03127],[37.26444,25.02871],[37.26532,25.03414],[37.27365,25.03851],[37.2736,25.04286],[37.26359,25.04422],[37.26449,25.05957],[37.2491,25.05337],[37.25579,25.03366],[37.26094,25.02781],[37.26042,25.03012],[37.26336,25.03127]]],[[[37.30114,24.97235],[37.31043,24.9724],[37.31055,24.97414],[37.30549,24.97764],[37.30044,24.97793],[37.29848,24.97591],[37.30114,24.97235]]],[[[37.29976,24.98016],[37.30023,24.98366],[37.29356,24.98528],[37.28657,24.99031],[37.28719,24.98022],[37.29869,24.9781],[37.29976,24.98016]]],[[[37.2784,25.00139],[37.28263,24.99704],[37.2841,24.99823],[37.27044,25.01927],[37.27494,25.02304],[37.27226,25.02484],[37.26763,25.02148],[37.27376,25.00665],[37.2784,25.00139]]],[[[37.26708,25.02341],[37.27272,25.02795],[37.26488,25.02751],[37.26708,25.02341]]]]},"properties":{"city_id":323,"region_id":7,"name_en":"Umluj","name_ar":"املج","district_count":12}},
{"type":"Feature","geometry":{"type":"MultiPolygon","coordinates":[[[[40.83808,23.451],[40.83845,23.4566],[40.85254,23.46099],[40.8574,23.46045],[40.85971,23.47051],[40.86318,23.47062],[40.86536,23.47601],[40.87037,23.47712],[40.87017,23.48414],[40.87556,23.4835],[40.87773,23.48855],[40.88333,23.49008],[40.88453,23.48416],[40.88209,23.48127],[40.88247,23.47411],[40.87735,23.47377],[40.87841,23.46589],[40.89897,23.4754],[40.91003,23.47471],[40.90999,23.47999],[40.90107,23.47926],[40.89511,23.4817],[40.89432,23.48426],[40.90155,23.48684],[40.90079,23.4886],[40.89498,23.48716],[40.89251,23.48952],[40.89692,23.4934],[40.90528,23.49066],[40.91232,23.50397],[40.90998,23.50807],[40.90537,23.50475],[40.90158,23.50472],[40.89793,23.5085],[40.90099,23.50954],[40.89948,23.5148],[40.89756,23.5115],[40.88953,23.5092],[40.88246,23.51105],[40.88253,23.51389],[40.87886,23.51611],[40.8757,23.50821],[40.87995,23.50252],[40.86934,23.48898],[40.89682,23.49818],[40.86904,23.48799],[40.84303,23.46194],[40.80951,23.44214],[40.81613,23.43282],[40.83725,23.43878],[40.83808,23.451]]],[[[40.80325,23.45099],[40.80898,23.44288],[40.83151,23.45514],[40.84524,23.46485],[40.86916,23.489],[40.85165,23.47782],[40.84052,23.47721],[40.82134,23.47049],[40.79905,23.45723],[40.80325,23.45099]]],[[[40.90881,23.52816],[40.90989,23.52724],[40.91611,23.53481],[40.91447,23.5358],[40.90881,23.52816]]]]},"properties":{"city_id":360,"region_id":3,"name_en":"Mahd Adh Dhahab","name_ar":"مهد الذهب","district_count":21}},
{"type":"Feature","geometry":{"type":"MultiPolygon","coordinates":[[[[39.03743,22.76594],[39.03802,22.77866],[39.04277,22.77684],[39.03977,22.78663],[39.04478,22.78742],[39.05098,22.78033],[39.0593,22.78475],[39.06978,22.78558],[39.06663,22.80398],[39.05428,22.80225],[39.0531,22.81008],[39.04698,22.8129],[39.04476,22.80994],[39.03824,22.80958],[39.04293,22.80723],[39.03189,22.80925],[39.03085,22.80544],[39.02646,22.80511],[39.02525,22.80051],[39.02692,22.80032],[39.02607,22.79626],[39.02885,22.79437],[39.02802,22.78567],[39.02271,22.78733],[39.02317,22.79031],[39.01953,22.7889],[39.01581,22.79098],[39.02148,22.78581],[39.02111,22.77772],[39.01226,22.77857],[39.00276,22.77363],[39.0144,22.77786],[39.02911,22.77181],[39.03293,22.76508],[39.03692,22.73935],[39.0442,22.74152],[39.04108,22.75292],[39.0388,22.75304],[39.03743,22.76594]]],[[[39.00699,22.84336],[39.00267,22.84142],[39.01054,22.82942],[39.01379,22.83108],[39.02081,22.82086],[39.02128,22.8154],[39.03472,22.81495],[39.03562,22.81699],[39.04802,22.81823],[39.05438,22.82161],[39.0473,22.8306],[39.02495,22.82956],[39.01573,22.84723],[39.00699,22.84336]]],[[[39.04823,22.74564],[39.0504,22.73903],[39.09731,22.74568],[39.08471,22.78213],[39.0672,22.77731],[39.06098,22.77318],[39.04852,22.74982],[39.04823,22.74564]]]]},"properties":{"city_id":377,"region_id":2,"name_en":"Rabigh","name_ar":"رابغ","district_count":11}},
{"type":"Feature","geometry":{"type":"MultiPolygon","coordinates":[[[[42.88936,23.87233],[42.89107,23.87163],[42.88608,23.86136],[42.89159,23.8592],[42.89031,23.85704],[42.90463,23.8512],[42.90869,23.85952],[42.90452,23.86124],[42.9205,23.89368],[42.92824,23.89523],[42.92622,23.90517],[42.93245,23.91193],[42.93715,23.91108],[42.9356,23.92056],[42.92498,23.91806],[42.92442,23.93163],[42.91669,23.93126],[42.90473,23.90873],[42.89716,23.91151],[42.88784,23.89218],[42.89637,23.88875],[42.88936,23.87233]]],[[[42.1538,24.4672],[42.15474,24.4646],[42.16771,24.46353],[42.17421,24.46093],[42.18598,24.46797],[42.18611,24.47068],[42.17805,24.48375],[42.16573,24.48762],[42.15635,24.48053],[42.1538,24.4672]]],[[[42.95445,23.93178],[42.95186,23.93467],[42.94907,23.93414],[42.94731,23.93242],[42.94912,23.93083],[42.94561,23.92697],[42.95712,23.9267],[42.95714,23.93114],[42.95445,23.93178]]]]},"properties":{"city_id":418,"region_id":1,"name_en":"Afif","name_ar":"عفيف","district_count":18}},
{"type":"Feature","geometry":{"type":"MultiPolygon","coordinates":[[[[45.86674,25.27171],[45.86515,25.28104],[45.86828,25.28332],[45.86026,25.29083],[45.86042,25.28664],[45.85503,25.28077],[45.85687,25.27803],[45.86084,25.27857],[45.86304,25.27416],[45.86251,25.27124],[45.86012,25.27084],[45.86089,25.26576],[45.86753,25.26662],[45.86674,25.27171]]],[[[45.86693,25.29985],[45.86888,25.29728],[45.86628,25.29668],[45.86753,25.2934],[45.87202,25.29537],[45.86693,25.29985]]]]},"properties":{"city_id":443,"region_id":1,"name_en":"Thadiq","name_ar":"ثادق","district_count":5}},
{"type":"Feature","geometry":{"type":"MultiPolygon","coordinates":[[[[50.02044,26.46808],[50.00622,26.48087],[49.98867,26.492],[49.9902,26.48104],[50.0013,26.47006],[50.00814,26.45945],[50.00823,26.45925],[50.02044,26.46808]]],[[[50.06682,26.4742],[50.06096,26.48773],[50.05469,26.48981],[50.05003,26.49876],[50.03921,26.50907],[50.03539,26.50874],[50.02857,26.50843],[50.03112,26.49803],[50.02445,26.49689],[50.03022,26.49082],[50.02801,26.48642],[50.03113,26.47512],[50.02044,26.46808],[50.02045,26.46806],[50.02636,26.46272],[50.06682,26.4742]]]]},"properties":{"city_id":454,"region_id":5,"name_en":"Sayhat","name_ar":"سيهات","district_count":18}},
{"type":"Feature","geometry":{"type":"Polygon","coordinates":[[[50.05394,26.55839],[50.06131,26.55917],[50.06904,26.55662],[50.08633,26.56105],[50.08888,26.57303],[50.0859,26.58222],[50.07901,26.58916],[50.07867,26.59633],[50.07503,26.5962],[50.07684,26.59336],[50.06972,26.5857],[50.07262,26.58492],[50.07572,26.5776],[50.06645,26.57819],[50.06667,26.58023],[50.05973,26.57917],[50.05656,26.58917],[50.06292,26.59344],[50.06311,26.59833],[50.05526,26.59202],[50.05005,26.59122],[50.05394,26.55839]]]},"properties":{"city_id":456,"region_id":5,"name_en":"Tarut","name_ar":"تاروت","district_count":15}},
{"type":"Feature","geometry":{"type":"Polygon","coordinates":[[[38.1944,24.06776],[38.18905,24.0804],[38.1871,24.09401],[38.20084,24.0975],[38.22816,24.11493],[38.20017,24.1435],[38.21048,24.14945],[38.19465,24.15698],[38.20325,24.16247],[38.19666,24.17116],[38.15316,24.14407],[38.12063,24.16417],[38.0302,24.20976],[38.0066,24.2152],[37.99419,24.22056],[37.9726,24.23864],[37.9755,24.24215],[38.00265,24.25364],[38.01869,24.28305],[38.01974,24.30094],[37.97487,24.30093],[37.97325,24.26979],[37.97852,24.25172],[37.97684,24.25011],[37.96968,24.25126],[37.96462,24.24257],[37.95692,24.24462],[37.93795,24.24499],[37.93945,24.2176],[37.9646,24.21462],[37.96522,24.20368],[37.95627,24.1834],[37.95154,24.17951],[37.94939,24.18225],[37.93535,24.17162],[37.94164,24.16348],[37.94994,24.1602],[37.95231,24.16255],[37.95307,24.17064],[37.95636,24.17381],[37.96391,24.17677],[37.97855,24.17765],[37.98794,24.16655],[37.97793,24.16069],[37.96418,24.1652],[37.95581,24.15744],[37.9527,24.15049],[37.94014,24.15027],[37.93516,24.14565],[37.95226,24.13817],[37.97019,24.12229],[37.99306,24.10899],[38.02338,24.08103],[38.03852,24.07255],[38.0541,24.07701],[38.05849,24.07623],[38.06996,24.08851],[38.08184,24.0836],[38.08204,24.07711],[38.08864,24.06478],[38.10586,24.05496],[38.12738,24.03624],[38.13116,24.03512],[38.14802,24.05627],[38.16639,24.04855],[38.17329,24.07521],[38.1909,24.06558],[38.1944,24.06776]]]},"properties":{"city_id":483,"region_id":3,"name_en":"Yanbu","name_ar":"ينبع","district_count":71}},
{"type":"Feature","geometry":{"type":"MultiPolygon","coordinates":[[[[45.27486,25.219],[45.27839,25.2221],[45.27242,25.22433],[45.27486,25.219]]],[[[45.28915,25.22283],[45.29151,25.21999],[45.2949,25.22538],[45.28915,25.22283]]],[[[45.25838,25.2369],[45.25699,25.24376],[45.26316,25.25737],[45.25605,25.25093],[45.24758,25.25019],[45.24015,25.24502],[45.24391,25.24094],[45.23834,25.22966],[45.24153,25.22271],[45.24861,25.22191],[45.26531,25.22661],[45.25838,25.2369]]],[[[45.22574,25.24852],[45.22914,25.24504],[45.24026,25.25396],[45.23504,25.25881],[45.22707,25.2578],[45.22111,25.25303],[45.22574,25.24852]]],[[[45.28073,25.25135],[45.28257,25.25977],[45.2801,25.26482],[45.27523,25.26292],[45.27324,25.25043],[45.28044,25.24985],[45.28073,25.25135]]]]},"properties":{"city_id":500,"region_id":1,"name_en":"Shaqra'","name_ar":"شقراء","district_count":9}},
{"type":"Feature","geometry":{"type":"MultiPolygon","coordinates":[[[[45.53447,25.28653],[45.54564,25.29062],[45.54514,25.30298],[45.52343,25.30048],[45.52153,25.30553],[45.51403,25.30291],[45.51209,25.29636],[45.51537,25.29127],[45.51835,25.29258],[45.52286,25.28499],[45.52674,25.2867],[45.52992,25.28371],[45.53447,25.28653]]],[[[45.49008,25.29076],[45.49442,25.29895],[45.48889,25.30114],[45.48491,25.29282],[45.49008,25.29076]]],[[[45.50574,25.29443],[45.50884,25.29527],[45.50597,25.30076],[45.50328,25.29743],[45.50574,25.29443]]]]},"properties":{"city_id":574,"region_id":1,"name_en":"Al Qasab","name_ar":"القصب","district_count":10}},
{"type":"Feature","geometry":{"type":"MultiPolygon","coordinates":[[[[44.36051,24.48125],[44.36301,24.48783],[44.37113,24.49387],[44.37283,24.49173],[44.3908,24.49672],[44.40682,24.46786],[44.42272,24.47713],[44.43412,24.48001],[44.44065,24.48587],[44.43307,24.49493],[44.43248,24.50486],[44.42383,24.51734],[44.4281,24.52298],[44.42815,24.5269],[44.42371,24.52668],[44.42895,24.52777],[44.44113,24.53792],[44.46377,24.54986],[44.461,24.55406],[44.49695,24.57454],[44.49077,24.58364],[44.45792,24.56499],[44.45344,24.57164],[44.43154,24.55927],[44.42332,24.55233],[44.4265,24.54975],[44.4233,24.55235],[44.40476,24.53381],[44.36473,24.51166],[44.35984,24.51935],[44.34358,24.51077],[44.34491,24.50865],[44.33883,24.50544],[44.33834,24.50308],[44.33923,24.48525],[44.34339,24.47681],[44.3508,24.47988],[44.35685,24.45655],[44.35921,24.45416],[44.37083,24.46583],[44.36558,24.48122],[44.36286,24.47943],[44.36051,24.48125]]],[[[44.28933,24.52782],[44.27946,24.54531],[44.26037,24.53729],[44.26496,24.52471],[44.27409,24.51572],[44.28933,24.52782]]]]},"properties":{"city_id":669,"region_id":1,"name_en":"Ad Duwadimi","name_ar":"الدوادمي","district_count":22}},
{"type":"Feature","geometry":{"type":"Polygon","coordinates":[[[43.82891,25.00289],[43.83096,25.00979],[43.83665,25.00834],[43.83834,25.01387],[43.82864,25.01634],[43.82814,25.01941],[43.83349,25.02068],[43.83148,25.02773],[43.81462,25.02367],[43.81532,25.02122],[43.81224,25.02018],[43.81588,25.00567],[43.81952,25.00651],[43.8212,25.0006],[43.82891,25.00289]]]},"properties":{"city_id":684,"region_id":1,"name_en":"Nifi","name_ar":"نفي","district_count":8}},
{"type":"Feature","geometry":{"type":"MultiPolygon","coordinates":[[[[43.69767,24.27589],[43.69271,24.27646],[43.69386,24.26749],[43.70502,24.26795],[43.70471,24.27507],[43.69767,24.27589]]],[[[43.74093,24.28169],[43.74058,24.28417],[43.74793,24.29104],[43.75432,24.29072],[43.75468,24.29662],[43.77126,24.30306],[43.76952,24.30791],[43.8058,24.31962],[43.80264,24.32851],[43.76972,24.3186],[43.77275,24.3118],[43.75363,24.30896],[43.7514,24.30116],[43.74641,24.29928],[43.74467,24.30724],[43.74943,24.32212],[43.73274,24.3278],[43.72338,24.32449],[43.71775,24.32839],[43.71421,24.32832],[43.70982,24.32593],[43.70809,24.3219],[43.71392,24.31366],[43.71569,24.31404],[43.7173,24.30106],[43.7121,24.3],[43.71156,24.30537],[43.68862,24.30348],[43.68975,24.29977],[43.66607,24.29805],[43.66643,24.29123],[43.67243,24.29171],[43.67301,24.28699],[43.6776,24.28435],[43.69412,24.28542],[43.69207,24.29335],[43.70578,24.29447],[43.70643,24.28794],[43.72053,24.28916],[43.72032,24.28571],[43.72603,24.2789],[43.71999,24.27432],[43.72944,24.25083],[43.75356,24.25214],[43.75139,24.2683],[43.74354,24.26631],[43.74093,24.28169]]],[[[43.79454,24.31309],[43.79537,24.31073],[43.79889,24.31177],[43.79806,24.31413],[43.79454,24.31309]]],[[[43.75731,24.34525],[43.74984,24.34559],[43.74918,24.33165],[43.75228,24.33109],[43.75745,24.33829],[43.75731,24.34525]]]]},"properties":{"city_id":701,"region_id":1,"name_en":"Al Bijadiyah","name_ar":"البجادية","district_count":28}},
{"type":"Feature","geometry":{"type":"Polygon","coordinates":[[[40.56308,24.89208],[40.56188,24.89976],[40.55717,24.8991],[40.55857,24.89137],[40.56308,24.89208]]]},"properties":{"city_id":777,"region_id":3,"name_en":"Al Hinakiyah","name_ar":"الحناكية","district_count":1}},
{"type":"Feature","geometry":{"type":"Polygon","coordinates":[[[46.10579,25.10622],[46.10751,25.10296],[46.10192,25.09881],[46.10551,25.09322],[46.12298,25.09551],[46.15291,25.09548],[46.15448,25.11593],[46.15913,25.12886],[46.15043,25.12648],[46.12439,25.13354],[46.12361,25.13112],[46.11024,25.12998],[46.10045,25.12672],[46.08579,25.1283],[46.07778,25.12513],[46.08295,25.12204],[46.07889,25.11807],[46.089,25.10288],[46.09761,25.10711],[46.10579,25.10622]]]},"properties":{"city_id":795,"region_id":1,"name_en":"Huraymila","name_ar":"حريملاء","district_count":6}},
{"type":"Feature","geometry":{"type":"MultiPolygon","coordinates":[[[[46.51094,24.90678],[46.50999,24.90555],[46.51179,24.90456],[46.51173,24.88716],[46.51525,24.88736],[46.51688,24.87728],[46.51442,24.87195],[46.50549,24.86602],[46.51819,24.85116],[46.52377,24.83914],[46.52603,24.82978],[46.52367,24.82659],[46.52348,24.81906],[46.52546,24.81729],[46.52797,24.81817],[46.52745,24.81423],[46.53299,24.80603],[46.53236,24.80418],[46.5293,24.80496],[46.52812,24.80064],[46.53009,24.80212],[46.53027,24.79945],[46.53397,24.79892],[46.52907,24.79812],[46.5314,24.79598],[46.52944,24.79336],[46.53436,24.79292],[46.53751,24.79608],[46.53601,24.79329],[46.53018,24.79057],[46.53135,24.78728],[46.53239,24.7897],[46.53548,24.78884],[46.53241,24.7834],[46.53789,24.78351],[46.53786,24.78548],[46.53857,24.78349],[46.54108,24.78764],[46.54043,24.78261],[46.53329,24.78162],[46.53277,24.77482],[46.53735,24.76877],[46.5374,24.77341],[46.53881,24.77236],[46.54057,24.77432],[46.53729,24.76613],[46.55016,24.76101],[46.55577,24.75635],[46.5612,24.75561],[46.56046,24.75182],[46.56564,24.74327],[46.56375,24.74266],[46.57897,24.73405],[46.57929,24.72995],[46.5731,24.72446],[46.56862,24.71252],[46.57727,24.70688],[46.59121,24.70981],[46.59275,24.72542],[46.5987,24.72661],[46.5867,24.74216],[46.56803,24.78515],[46.55486,24.82734],[46.54926,24.8634],[46.52606,24.89616],[46.51809,24.9027],[46.51094,24.90678]]],[[[46.45658,25.01597],[46.46675,25.00614],[46.47406,25.01275],[46.4797,25.01331],[46.46784,25.03096],[46.45658,25.01597]]],[[[46.52541,24.75704],[46.52134,24.75758],[46.51628,24.75355],[46.51186,24.75587],[46.50888,24.75352],[46.50527,24.75596],[46.4972,24.75479],[46.49016,24.75117],[46.48229,24.74478],[46.48805,24.73184],[46.52164,24.73273],[46.55077,24.74275],[46.55474,24.74622],[46.55434,24.75008],[46.54883,24.74862],[46.5525,24.75155],[46.53953,24.74497],[46.54191,24.74757],[46.53843,24.75011],[46.54422,24.75187],[46.54475,24.75444],[46.55235,24.75561],[46.55049,24.75769],[46.52541,24.75704]]],[[[46.54141,24.76129],[46.53673,24.7642],[46.5355,24.76212],[46.52621,24.7595],[46.53798,24.75917],[46.54141,24.76129]]],[[[46.55681,24.74188],[46.55581,24.74526],[46.54861,24.74086],[46.55,24.72814],[46.56523,24.72905],[46.56172,24.72989],[46.56323,24.7305],[46.56109,24.73329],[46.56518,24.72994],[46.57002,24.73091],[46.56791,24.73286],[46.57099,24.73172],[46.5702,24.73626],[46.56427,24.7388],[46.55907,24.73664],[46.56007,24.73908],[46.55779,24.73887],[46.5594,24.73997],[46.55681,24.74188]]]]},"properties":{"city_id":828,"region_id":1,"name_en":"Ad Dir'iyah","name_ar":"الدرعية","district_count":17}},
{"type":"Feature","geometry":{"type":"Polygon","coordinates":[[[46.47192,24.9351],[46.45978,24.9341],[46.43133,24.92411],[46.42303,24.92336],[46.40862,24.92919],[46.39781,24.92688],[46.39785,24.94583],[46.35719,24.94605],[46.36061,24.93835],[46.35681,24.93511],[46.36366,24.9317],[46.37145,24.9224],[46.36256,24.91934],[46.3551,24.90942],[46.34495,24.90865],[46.3199,24.91144],[46.31629,24.91286],[46.31428,24.91694],[46.30298,24.92232],[46.29478,24.93223],[46.25994,24.90853],[46.2698,24.89585],[46.272,24.88267],[46.28687,24.88293],[46.32204,24.8894],[46.37387,24.88669],[46.37712,24.87478],[46.37951,24.87348],[46.39811,24.87957],[46.39702,24.88207],[46.40045,24.8844],[46.3981,24.86855],[46.39494,24.86582],[46.38694,24.86468],[46.38386,24.844],[46.38921,24.82896],[46.3851,24.82131],[46.38603,24.81813],[46.36486,24.80729],[46.36494,24.80507],[46.35658,24.79797],[46.37112,24.79889],[46.38674,24.80873],[46.3945,24.80854],[46.39242,24.81001],[46.39421,24.81068],[46.41035,24.81061],[46.41085,24.81251],[46.41787,24.81394],[46.41956,24.81957],[46.44033,24.81614],[46.44841,24.82122],[46.45889,24.82338],[46.48091,24.81104],[46.50115,24.81631],[46.4891,24.83311],[46.47958,24.83408],[46.47384,24.84401],[46.45999,24.85624],[46.45556,24.87486],[46.46422,24.88393],[46.47118,24.88187],[46.4808,24.88235],[46.4874,24.87921],[46.5021,24.88299],[46.49858,24.89395],[46.50999,24.90555],[46.51094,24.90678],[46.50959,24.90751],[46.50747,24.90867],[46.50664,24.90913],[46.5041,24.91052],[46.50352,24.91082],[46.50048,24.91227],[46.50008,24.91244],[46.49723,24.9134],[46.4964,24.91363],[46.49634,24.91365],[46.49545,24.91388],[46.49455,24.91412],[46.49365,24.91434],[46.49097,24.91501],[46.48824,24.91569],[46.47814,24.91886],[46.47806,24.91891],[46.47612,24.92032],[46.47601,24.92041],[46.47514,24.9213],[46.47502,24.92145],[46.47461,24.92196],[46.47455,24.92204],[46.47393,24.92298],[46.4739,24.92303],[46.47341,24.92399],[46.47339,24.92404],[46.47305,24.92491],[46.473,24.92506],[46.47287,24.92548],[46.47279,24.92579],[46.47193,24.93491],[46.47192,24.9351]]]},"properties":{"city_id":830,"region_id":1,"name_en":"Al Uyainah","name_ar":"العيينة","district_count":12}},
{"type":"Feature","geometry":{"type":"Polygon","coordinates":[[[46.13787,24.58211],[46.14326,24.58208],[46.14376,24.58638],[46.13892,24.58676],[46.13939,24.5915],[46.1463,24.60768],[46.13718,24.61121],[46.09665,24.61849],[46.09876,24.61588],[46.09558,24.60923],[46.12471,24.60332],[46.11959,24.58923],[46.13099,24.59093],[46.13029,24.58771],[46.13467,24.58689],[46.13387,24.58313],[46.13787,24.58211]]]},"properties":{"city_id":839,"region_id":1,"name_en":"Duruma","name_ar":"ضرما","district_count":10}},
{"type":"Feature","geometry":{"type":"MultiPolygon","coordinates":[[[[45.25214,24.04708],[45.24514,24.0447],[45.24494,24.04233],[45.25086,24.04359],[45.25109,24.04187],[45.25377,24.04441],[45.26207,24.04502],[45.2624,24.04864],[45.26749,24.05453],[45.27824,24.06096],[45.27909,24.05946],[45.29318,24.06242],[45.29398,24.06042],[45.30374,24.0638],[45.30442,24.0622],[45.32098,24.06858],[45.31832,24.07278],[45.3121,24.07058],[45.31091,24.07341],[45.28594,24.06444],[45.28511,24.06638],[45.27947,24.06513],[45.26766,24.05937],[45.26359,24.05505],[45.26583,24.05393],[45.25928,24.05008],[45.26011,24.04892],[45.25674,24.04695],[45.2565,24.04968],[45.25214,24.04708]]],[[[45.24867,24.05137],[45.25015,24.04825],[45.25423,24.04979],[45.25317,24.05312],[45.24867,24.05137]]],[[[45.28184,24.07364],[45.28008,24.0764],[45.29124,24.07872],[45.31234,24.09342],[45.3026,24.0987],[45.29175,24.08821],[45.28274,24.08629],[45.28232,24.08803],[45.2773,24.08115],[45.27514,24.07118],[45.27786,24.06761],[45.28325,24.07154],[45.28184,24.07364]]],[[[45.31657,24.08305],[45.31363,24.08406],[45.29284,24.07628],[45.28551,24.07043],[45.28595,24.06865],[45.29498,24.06976],[45.31867,24.079],[45.32002,24.07993],[45.31657,24.08305]]]]},"properties":{"city_id":880,"region_id":1,"name_en":"Al Quway'iyah","name_ar":"القويعية","district_count":15}},
{"type":"Feature","geometry":{"type":"Polygon","coordinates":[[[44.77534,23.75407],[44.79255,23.74822],[44.79674,23.75085],[44.79903,23.76848],[44.80884,23.77002],[44.80706,23.77945],[44.81907,23.784],[44.81804,23.78791],[44.81452,23.78707],[44.81281,23.7933],[44.79666,23.79246],[44.77623,23.78824],[44.7757,23.78384],[44.76186,23.77197],[44.76134,23.76682],[44.75667,23.76894],[44.75722,23.77719],[44.75013,23.77827],[44.74634,23.78197],[44.74181,23.78194],[44.7388,23.78559],[44.73,23.78156],[44.7193,23.77995],[44.71824,23.78168],[44.70798,23.78132],[44.70556,23.7695],[44.71197,23.76217],[44.72045,23.76128],[44.72574,23.76464],[44.72589,23.7546],[44.6993,23.74686],[44.69987,23.74259],[44.70145,23.74315],[44.70343,23.73703],[44.7104,23.73668],[44.73887,23.74307],[44.74141,23.73169],[44.75346,23.73019],[44.75916,23.72729],[44.76064,23.74539],[44.76606,23.74171],[44.77534,23.75407]]]},"properties":{"city_id":885,"region_id":1,"name_en":"Ar Ruwaydah","name_ar":"الرويضة","district_count":27}},
{"type":"Feature","geometry":{"type":"Polygon","coordinates":[[[44.32915,27.35098],[44.34001,27.35179],[44.33795,27.36989],[44.34086,27.39211],[44.35003,27.40197],[44.33443,27.41517],[44.33726,27.41858],[44.32255,27.42342],[44.3245,27.4257],[44.31836,27.42922],[44.30089,27.42094],[44.30394,27.41814],[44.30165,27.39891],[44.30804,27.3948],[44.32412,27.39129],[44.31567,27.39304],[44.31237,27.37427],[44.32093,27.36012],[44.31805,27.35715],[44.32915,27.35098]]]},"properties":{"city_id":955,"region_id":4,"name_en":"Qibah","name_ar":"قبة","district_count":12}},
{"type":"Feature","geometry":{"type":"Polygon","coordinates":[[[44.91898,22.83292],[44.91859,22.83472],[44.91672,22.83417],[44.91898,22.83292]]]},"properties":{"city_id":959,"region_id":1,"name_en":"Alhasat","name_ar":"الحصاة","district_count":1}},
{"type":"Feature","geometry":{"type":"MultiPolygon","coordinates":[[[[45.4913,23.55145],[45.48918,23.5492],[45.48417,23.5504],[45.4841,23.5535],[45.48058,23.5549],[45.47127,23.556],[45.46632,23.55973],[45.46764,23.56377],[45.44582,23.57203],[45.44144,23.5697],[45.44043,23.56456],[45.44548,23.56172],[45.44529,23.55465],[45.46763,23.54786],[45.47129,23.54978],[45.4738,23.54858],[45.47376,23.54522],[45.48576,23.5464],[45.50426,23.54426],[45.50415,23.53217],[45.50958,23.53589],[45.51043,23.53366],[45.50619,23.52369],[45.51181,23.52408],[45.51087,23.52835],[45.52113,23.53151],[45.52315,23.52817],[45.523,23.52329],[45.51778,23.51535],[45.51878,23.50763],[45.51348,23.50438],[45.5149,23.50233],[45.52565,23.50844],[45.52869,23.50782],[45.53262,23.5133],[45.53146,23.51704],[45.52672,23.51397],[45.52386,23.52111],[45.53002,23.52104],[45.52256,23.53909],[45.52554,23.54399],[45.52878,23.54471],[45.52831,23.55314],[45.49568,23.55153],[45.49478,23.55531],[45.49206,23.55502],[45.4913,23.55145]]],[[[45.43233,23.58085],[45.43412,23.59101],[45.43868,23.59444],[45.43966,23.60342],[45.44475,23.6025],[45.44537,23.60619],[45.44399,23.60889],[45.434,23.60942],[45.43224,23.6117],[45.43509,23.61446],[45.42691,23.62089],[45.42469,23.61423],[45.43006,23.60754],[45.42789,23.60185],[45.43126,23.5717],[45.4384,23.57417],[45.43777,23.57828],[45.43292,23.57831],[45.43233,23.58085]]],[[[45.40605,23.62178],[45.40443,23.61207],[45.40853,23.61233],[45.40957,23.61759],[45.4102,23.62142],[45.40605,23.62178]]],[[[45.40871,23.62873],[45.40417,23.62948],[45.40209,23.62673],[45.41748,23.61973],[45.42029,23.62173],[45.41921,23.62314],[45.41735,23.6219],[45.41313,23.62724],[45.41086,23.62568],[45.4104,23.62921],[45.40871,23.62873]]],[[[45.56863,23.55092],[45.57464,23.55613],[45.57052,23.56006],[45.56206,23.54997],[45.56863,23.55092]]],[[[45.56101,23.55828],[45.5674,23.56124],[45.56693,23.57163],[45.56283,23.57006],[45.56429,23.56597],[45.55948,23.56019],[45.56101,23.55828]]],[[[45.57797,23.57267],[45.5808,23.57354],[45.57966,23.5775],[45.57683,23.5775],[45.5758,23.57318],[45.57207,23.57243],[45.57247,23.56967],[45.57865,23.5712],[45.57797,23.57267]]]]},"properties":{"city_id":962,"region_id":1,"name_en":"Ar Rayn","name_ar":"الرين","district_count":40}},
{"type":"Feature","geometry":{"type":"Polygon","coordinates":[[[46.2761,24.42365],[46.29465,24.424],[46.31564,24.43248],[46.31857,24.43567],[46.30541,24.43929],[46.30519,24.45569],[46.31672,24.46671],[46.31529,24.47337],[46.32308,24.48237],[46.32912,24.48134],[46.32971,24.48526],[46.33871,24.48477],[46.3399,24.49896],[46.33666,24.50104],[46.32309,24.49645],[46.32534,24.50557],[46.32121,24.51812],[46.3097,24.52261],[46.30663,24.51608],[46.29717,24.51634],[46.29958,24.49961],[46.28377,24.49691],[46.28828,24.48616],[46.28672,24.48144],[46.28207,24.48156],[46.2811,24.48361],[46.27731,24.48257],[46.27406,24.49803],[46.26534,24.49594],[46.26488,24.49901],[46.26142,24.49922],[46.26134,24.49672],[46.2587,24.49627],[46.25847,24.49884],[46.25527,24.49923],[46.24537,24.49774],[46.24034,24.49536],[46.23755,24.48872],[46.23457,24.48873],[46.23528,24.48378],[46.22791,24.48139],[46.22775,24.47208],[46.22408,24.46969],[46.22231,24.47073],[46.22443,24.45921],[46.22067,24.45031],[46.22125,24.44218],[46.24349,24.45],[46.24383,24.44744],[46.2508,24.44581],[46.25113,24.43889],[46.2579,24.43912],[46.25251,24.42213],[46.2761,24.42365]]]},"properties":{"city_id":990,"region_id":1,"name_en":"Al Muzahimiyah","name_ar":"المزاحمية","district_count":23}},
{"type":"Feature","geometry":{"type":"MultiPolygon","coordinates":[[[[38.7972,23.77559],[38.80169,23.78564],[38.79573,23.78477],[38.78504,23.7977],[38.7767,23.79388],[38.77439,23.79705],[38.76838,23.79483],[38.75231,23.80683],[38.75463,23.7814],[38.75176,23.77564],[38.7472,23.7727],[38.72265,23.78975],[38.72007,23.78731],[38.71574,23.76775],[38.72312,23.74719],[38.73558,23.72685],[38.76215,23.72676],[38.76906,23.73729],[38.77226,23.74614],[38.7696,23.74608],[38.7681,23.75459],[38.75698,23.77883],[38.7746,23.77874],[38.79243,23.75032],[38.79473,23.73501],[38.83017,23.73646],[38.82708,23.75861],[38.8019,23.77866],[38.7972,23.77559]]],[[[38.83697,23.80752],[38.84553,23.81337],[38.83815,23.81405],[38.83582,23.81215],[38.83697,23.80752]]]]},"properties":{"city_id":1053,"region_id":3,"name_en":"Badr","name_ar":"بدر","district_count":7}},
{"type":"Feature","geometry":{"type":"MultiPolygon","coordinates":[[[[47.30534,23.93761],[47.30568,23.95715],[47.28346,23.95781],[47.25396,23.9552],[47.24653,23.95698],[47.2418,23.91795],[47.24876,23.86538],[47.30484,23.87164],[47.30534,23.93761]]],[[[47.25605,24.07368],[47.26937,24.08025],[47.27352,24.08902],[47.28688,24.09242],[47.28752,24.08689],[47.30371,24.09278],[47.30319,24.09742],[47.29114,24.11273],[47.28436,24.13029],[47.30268,24.1486],[47.30501,24.14343],[47.31294,24.14888],[47.31886,24.14477],[47.32576,24.14863],[47.34643,24.12623],[47.34857,24.12748],[47.35127,24.12435],[47.35475,24.12626],[47.35622,24.12471],[47.36631,24.14021],[47.37414,24.13519],[47.3963,24.14214],[47.39963,24.1575],[47.38085,24.15368],[47.37813,24.15732],[47.3612,24.15521],[47.35533,24.16096],[47.36264,24.16736],[47.35728,24.17258],[47.3716,24.18203],[47.37437,24.18598],[47.34598,24.17752],[47.34439,24.18445],[47.33756,24.18264],[47.32931,24.18363],[47.3223,24.18112],[47.32273,24.18922],[47.29806,24.19687],[47.29443,24.20579],[47.29228,24.20181],[47.28005,24.1993],[47.27285,24.20025],[47.27182,24.20591],[47.26778,24.20659],[47.26317,24.2058],[47.26436,24.19956],[47.27647,24.19149],[47.26491,24.18669],[47.2652,24.17896],[47.26182,24.18984],[47.25355,24.20195],[47.24445,24.20231],[47.23725,24.2066],[47.2244,24.20259],[47.20366,24.20603],[47.2037,24.20452],[47.17863,24.20499],[47.18149,24.18591],[47.18856,24.16169],[47.18806,24.14392],[47.19086,24.14157],[47.21284,24.13628],[47.21528,24.1402],[47.21695,24.13851],[47.21964,24.14018],[47.24169,24.13987],[47.25232,24.14297],[47.25299,24.14834],[47.26779,24.1474],[47.26697,24.1547],[47.27715,24.1536],[47.2757,24.14169],[47.26882,24.14126],[47.26876,24.13264],[47.28735,24.14778],[47.28866,24.14672],[47.26224,24.12474],[47.2602,24.11959],[47.2628,24.12092],[47.26713,24.11584],[47.26481,24.11459],[47.26694,24.11075],[47.26054,24.10661],[47.25523,24.09944],[47.25957,24.08858],[47.25496,24.08362],[47.2485,24.08265],[47.25605,24.07368]]],[[[47.22764,24.09265],[47.23522,24.10043],[47.23585,24.08859],[47.23802,24.08845],[47.23771,24.08523],[47.24202,24.08604],[47.24478,24.10489],[47.24156,24.10569],[47.23594,24.10102],[47.23303,24.10618],[47.22866,24.10371],[47.22008,24.09461],[47.22365,24.09082],[47.22673,24.09336],[47.2267,24.08944],[47.22764,24.09265]]],[[[47.22824,24.22299],[47.23492,24.21867],[47.23471,24.22097],[47.22585,24.22627],[47.22159,24.23879],[47.21729,24.23929],[47.21266,24.23291],[47.22824,24.22299]]],[[[47.29287,24.13468],[47.28527,24.12912],[47.29087,24.1158],[47.30205,24.12072],[47.30155,24.12506],[47.29697,24.12765],[47.29611,24.13392],[47.29287,24.13468]]],[[[47.74012,24.1023],[47.59886,24.09258],[47.52289,24.17558],[47.3717,24.06],[47.49749,23.92127],[47.60244,24.00162],[47.74757,24.01523],[47.74012,24.1023]]],[[[47.62593,24.23623],[47.63318,24.219],[47.63633,24.19371],[47.64753,24.15851],[47.70087,24.16266],[47.73111,24.16879],[47.73789,24.17545],[47.75293,24.2036],[47.7604,24.23487],[47.76169,24.25011],[47.76461,24.2504],[47.76424,24.25385],[47.62326,24.24616],[47.62593,24.23623]]],[[[47.35946,24.25442],[47.35311,24.24632],[47.36662,24.24525],[47.36776,24.25185],[47.35946,24.25442]]]]},"properties":{"city_id":1061,"region_id":1,"name_en":"Al Kharj","name_ar":"الخرج","district_count":43}},
{"type":"Feature","geometry":{"type":"MultiPolygon","coordinates":[[[[47.12028,23.95776],[47.12343,23.96177],[47.11539,23.96685],[47.11124,23.96186],[47.11924,23.95644],[47.12028,23.95776]]],[[[47.11145,23.97646],[47.12094,23.97263],[47.1224,23.97673],[47.11267,23.97881],[47.11145,23.97646]]],[[[47.13437,23.97794],[47.14233,23.97979],[47.14042,23.98315],[47.14385,23.99323],[47.14191,24.00067],[47.13805,23.99968],[47.13906,23.99577],[47.13072,23.9959],[47.13098,24.00619],[47.14042,24.00843],[47.13919,24.01338],[47.14323,24.02548],[47.132,24.02714],[47.12815,24.02659],[47.12841,24.02019],[47.12274,24.02043],[47.12338,24.01534],[47.12935,24.01549],[47.12841,24.0127],[47.10591,24.00924],[47.09586,24.01111],[47.09503,23.9989],[47.11633,23.99767],[47.11612,23.98989],[47.1241,23.98971],[47.12408,23.98728],[47.13059,23.987],[47.12869,23.98149],[47.13362,23.98138],[47.12837,23.97038],[47.13,23.97005],[47.13437,23.97794]]],[[[47.18007,23.96458],[47.17941,23.9706],[47.17742,23.97044],[47.17706,23.9661],[47.16273,23.96663],[47.16631,23.95791],[47.16271,23.95743],[47.16299,23.94683],[47.16471,23.94677],[47.16768,23.95781],[47.17674,23.9573],[47.17695,23.96155],[47.17978,23.9616],[47.18007,23.96458]]],[[[47.15467,23.99061],[47.15461,23.99263],[47.1574,23.99262],[47.15742,23.99027],[47.16319,23.98811],[47.16177,23.98494],[47.16612,23.9836],[47.16764,23.98615],[47.17076,23.98589],[47.17107,23.99063],[47.16805,23.99061],[47.16853,23.99304],[47.16446,23.99304],[47.16457,23.99699],[47.14765,23.99554],[47.14834,23.98786],[47.14567,23.97846],[47.15303,23.97846],[47.15358,23.98105],[47.15149,23.98216],[47.15467,23.99061]]],[[[47.17471,24.01182],[47.17668,24.01192],[47.17652,24.02123],[47.16466,24.02156],[47.16485,24.00673],[47.17341,24.00682],[47.17471,24.01182]]]]},"properties":{"city_id":1073,"region_id":1,"name_en":"Ad Dilam","name_ar":"الدلم","district_count":13}},
{"type":"Feature","geometry":{"type":"MultiPolygon","coordinates":[[[[39.32159,22.09707],[39.32314,22.09756],[39.32214,22.1018],[39.31885,22.10117],[39.31737,22.11385],[39.30998,22.12507],[39.30657,22.12421],[39.31313,22.09192],[39.32094,22.09123],[39.32159,22.09707]]],[[[39.34416,22.14326],[39.33673,22.14288],[39.34089,22.13694],[39.34577,22.13826],[39.34416,22.14326]]],[[[39.35892,22.14947],[39.35886,22.15159],[39.35538,22.15089],[39.35892,22.14947]]],[[[39.32117,22.15188],[39.32693,22.15298],[39.32191,22.1564],[39.31677,22.15639],[39.31683,22.15427],[39.32117,22.15188]]],[[[39.34667,22.15994],[39.34455,22.1613],[39.34096,22.15925],[39.34219,22.15539],[39.34697,22.15777],[39.34667,22.15994]]],[[[39.28852,22.18188],[39.28094,22.18282],[39.28926,22.17826],[39.28852,22.18188]]],[[[39.35966,21.96199],[39.37484,21.96522],[39.37124,21.9803],[39.3585,21.97762],[39.36112,21.96965],[39.35966,21.96199]]],[[[39.42583,22.12223],[39.42349,22.12651],[39.4188,22.12764],[39.40903,22.1233],[39.40594,22.11654],[39.40758,22.10929],[39.41391,22.1105],[39.41509,22.1134],[39.4251,22.11416],[39.42583,22.12223]]],[[[39.40259,22.13377],[39.40351,22.13505],[39.40025,22.13665],[39.40053,22.13307],[39.40259,22.13377]]],[[[39.40031,22.14196],[39.40468,22.14503],[39.40335,22.15077],[39.3994,22.14858],[39.40031,22.14196]]],[[[39.40688,22.1613],[39.40556,22.16362],[39.40276,22.1618],[39.40263,22.15995],[39.40487,22.1604],[39.40095,22.15236],[39.40635,22.15535],[39.40462,22.15715],[39.40688,22.1613]]]]},"properties":{"city_id":1105,"region_id":2,"name_en":"Khulays","name_ar":"خليص","district_count":15}},
{"type":"Feature","geometry":{"type":"Polygon","coordinates":[[[42.43203,27.14837],[42.43634,27.15713],[42.44507,27.15489],[42.46836,27.15961],[42.50101,27.19617],[42.46609,27.21685],[42.44874,27.19589],[42.43815,27.20371],[42.42799,27.19483],[42.42562,27.20025],[42.41128,27.19526],[42.41981,27.17577],[42.39795,27.15224],[42.4037,27.14661],[42.41547,27.15604],[42.41935,27.15479],[42.41343,27.14284],[42.42823,27.13692],[42.43203,27.14837]]]},"properties":{"city_id":1228,"region_id":8,"name_en":"Ash Shinan","name_ar":"الشنان","district_count":11}},
{"type":"Feature","geometry":{"type":"MultiPolygon","coordinates":[[[[42.0242,21.8974],[42.02034,21.89476],[42.02294,21.89032],[42.03538,21.89257],[42.04174,21.89734],[42.04449,21.91209],[42.04077,21.91508],[42.03848,21.91159],[42.03412,21.91218],[42.035,21.92125],[42.02876,21.9228],[42.0341,21.93565],[42.02763,21.93825],[42.01199,21.90189],[42.0242,21.8974]]],[[[42.05618,21.95932],[42.05943,21.959],[42.06055,21.96961],[42.04873,21.97079],[42.04756,21.96008],[42.05618,21.95932]]]]},"properties":{"city_id":1248,"region_id":2,"name_en":"Al Khurmah","name_ar":"الخرمة","district_count":12}},
{"type":"Feature","geometry":{"type":"MultiPolygon","coordinates":[[[[39.69386,21.59797],[39.69953,21.58855],[39.71069,21.61075],[39.70239,21.61248],[39.70852,21.62596],[39.71756,21.61804],[39.73342,21.64841],[39.67814,21.66482],[39.68431,21.65275],[39.68394,21.63292],[39.67108,21.63639],[39.65739,21.63685],[39.65688,21.63249],[39.66094,21.61679],[39.68056,21.61462],[39.68271,21.60507],[39.68808,21.60486],[39.68743,21.59766],[39.6918,21.59556],[39.69386,21.59797]]],[[[39.64152,21.64469],[39.64406,21.66516],[39.64064,21.66579],[39.63898,21.66386],[39.63452,21.66534],[39.63456,21.6633],[39.63089,21.6649],[39.62171,21.66015],[39.62382,21.65654],[39.61828,21.65343],[39.64152,21.64469]]],[[[39.70504,21.58697],[39.69964,21.58842],[39.69538,21.5755],[39.70961,21.57344],[39.70936,21.58576],[39.7069,21.58794],[39.70504,21.58697]]],[[[39.74274,21.64793],[39.74049,21.6369],[39.7716,21.6321],[39.78117,21.64622],[39.77188,21.65309],[39.77939,21.65979],[39.77143,21.66473],[39.76669,21.66367],[39.75593,21.66853],[39.74759,21.66865],[39.74274,21.64793]]]]},"properties":{"city_id":1257,"region_id":2,"name_en":"Al Jumum","name_ar":"الجموم","district_count":14}},
{"type":"Feature","geometry":{"type":"Polygon","coordinates":[[[41.92752,19.08675],[41.93907,19.07923],[41.94484,19.07789],[41.95411,19.08737],[41.95436,19.09094],[41.96374,19.10214],[41.94664,19.12455],[41.94713,19.12856],[41.941,19.13361],[41.94349,19.13442],[41.94342,19.13824],[41.93342,19.14727],[41.92012,19.14882],[41.91112,19.14716],[41.90075,19.13708],[41.89744,19.13212],[41.89855,19.12989],[41.89559,19.12062],[41.88978,19.11738],[41.89398,19.11692],[41.89748,19.10903],[41.89999,19.10823],[41.8985,19.10546],[41.90294,19.10054],[41.90235,19.09638],[41.91422,19.09653],[41.92025,19.09381],[41.92752,19.08675]]]},"properties":{"city_id":1294,"region_id":6,"name_en":"Al Majardah","name_ar":"المجاردة","district_count":12}},
{"type":"Feature","geometry":{"type":"Polygon","coordinates":[[[44.78113,20.40048],[44.77853,20.38617],[44.78709,20.37328],[44.78819,20.35847],[44.78554,20.35284],[44.79765,20.34186],[44.81405,20.36168],[44.83185,20.40058],[44.8332,20.39304],[44.83665,20.39556],[44.85305,20.39311],[44.86919,20.397],[44.89932,20.39333],[44.92531,20.39399],[44.95166,20.41096],[44.95482,20.41092],[44.95791,20.41999],[44.9584,20.4319],[44.91432,20.4301],[44.91375,20.45625],[44.87239,20.47426],[44.86125,20.48509],[44.83546,20.49491],[44.82681,20.495],[44.82573,20.48111],[44.80501,20.49055],[44.8007,20.49073],[44.7958,20.49652],[44.79666,20.49868],[44.77586,20.50777],[44.77393,20.50511],[44.7695,20.50643],[44.75856,20.50414],[44.7433,20.51013],[44.74328,20.52119],[44.73674,20.5231],[44.73404,20.51322],[44.725,20.50751],[44.7212,20.5014],[44.70708,20.50826],[44.7047,20.50382],[44.69995,20.50486],[44.70035,20.49648],[44.70752,20.49497],[44.70179,20.48253],[44.70631,20.47902],[44.69945,20.47079],[44.70872,20.46721],[44.7081,20.46192],[44.70543,20.46142],[44.70858,20.45202],[44.72456,20.45476],[44.72724,20.44498],[44.73793,20.43436],[44.75221,20.4472],[44.76266,20.43681],[44.75976,20.43411],[44.76311,20.4309],[44.76147,20.42898],[44.76672,20.42565],[44.75892,20.41353],[44.77003,20.40594],[44.7818,20.40571],[44.78113,20.40048]]]},"properties":{"city_id":1351,"region_id":1,"name_en":"Wadi Ad Dawasir","name_ar":"وادي الدواسر","district_count":35}},
{"type":"Feature","geometry":{"type":"Polygon","coordinates":[[[45.58024,20.44774],[45.5886,20.44776],[45.58877,20.45075],[45.59443,20.45045],[45.59465,20.45385],[45.5928,20.45395],[45.59404,20.47102],[45.59196,20.4827],[45.58818,20.48526],[45.59022,20.48987],[45.57871,20.49308],[45.57582,20.49267],[45.57767,20.48633],[45.56398,20.48288],[45.56575,20.48256],[45.56807,20.47137],[45.56353,20.46813],[45.56737,20.45391],[45.57518,20.44618],[45.58024,20.44774]]]},"properties":{"city_id":1361,"region_id":1,"name_en":"As Sulayyil","name_ar":"السليل","district_count":6}},
{"type":"Feature","geometry":{"type":"Polygon","coordinates":[[[40.26589,20.12802],[40.27355,20.1169],[40.27758,20.11406],[40.28369,20.11498],[40.28452,20.11008],[40.28733,20.11053],[40.28703,20.11231],[40.29053,20.11288],[40.28992,20.11698],[40.29627,20.13232],[40.30259,20.13692],[40.28821,20.15116],[40.28706,20.15388],[40.28978,20.15439],[40.28937,20.15634],[40.28634,20.15577],[40.28018,20.17401],[40.2621,20.17435],[40.25871,20.16541],[40.25169,20.15884],[40.24755,20.16988],[40.23601,20.16725],[40.2351,20.16467],[40.23088,20.16356],[40.23126,20.15921],[40.23601,20.15392],[40.23865,20.15384],[40.23829,20.15575],[40.24451,20.15492],[40.24703,20.15723],[40.24744,20.15401],[40.24716,20.15765],[40.24958,20.15837],[40.25006,20.14971],[40.26178,20.13786],[40.264,20.1326],[40.25997,20.12816],[40.26421,20.13024],[40.26589,20.12802]]]},"properties":{"city_id":1390,"region_id":2,"name_en":"Al Lith","name_ar":"الليث","district_count":11}},
{"type":"Feature","geometry":{"type":"MultiPolygon","coordinates":[[[[43.50481,19.49784],[43.51959,19.50226],[43.52132,19.50485],[43.5374,19.49816],[43.55013,19.51184],[43.57523,19.51029],[43.58245,19.51822],[43.55041,19.51969],[43.54977,19.5314],[43.53539,19.52944],[43.53264,19.53541],[43.5277,19.53433],[43.52177,19.54778],[43.52089,19.55994],[43.51012,19.56241],[43.50382,19.5549],[43.50439,19.55112],[43.48432,19.55432],[43.48062,19.52823],[43.47231,19.49738],[43.50481,19.49784]]],[[[43.50761,19.64379],[43.50302,19.64323],[43.49713,19.6521],[43.49292,19.65317],[43.48721,19.65238],[43.47887,19.64478],[43.48661,19.64013],[43.49409,19.64116],[43.49496,19.63818],[43.49758,19.63867],[43.49866,19.63611],[43.50228,19.63527],[43.508,19.63684],[43.5095,19.64089],[43.50761,19.64379]]],[[[43.52878,19.64529],[43.52662,19.6628],[43.52169,19.66736],[43.51277,19.66625],[43.5107,19.66242],[43.51779,19.63621],[43.52253,19.64171],[43.52908,19.64357],[43.52878,19.64529]]]]},"properties":{"city_id":1443,"region_id":6,"name_en":"Tathlith","name_ar":"تثليث","district_count":15}},
{"type":"Feature","geometry":{"type":"Polygon","coordinates":[[[42.62388,19.86054],[42.67911,19.85583],[42.67863,19.91217],[42.68049,19.92545],[42.71753,20.00825],[42.71718,20.0336],[42.71291,20.03488],[42.71938,20.08125],[42.67576,20.11577],[42.66461,20.12112],[42.6823,20.13117],[42.66065,20.15434],[42.63501,20.17437],[42.61221,20.15047],[42.60604,20.12997],[42.58439,20.09951],[42.58227,20.07469],[42.57695,20.07537],[42.57783,20.07295],[42.56309,20.06443],[42.54083,20.06407],[42.53303,20.06101],[42.52478,20.06278],[42.51943,20.05375],[42.52375,20.03792],[42.53448,20.03004],[42.52907,20.01599],[42.53431,20.00498],[42.53608,19.99299],[42.53166,19.98941],[42.53403,19.98783],[42.53328,19.9823],[42.53622,19.97182],[42.53484,19.96526],[42.53807,19.94975],[42.5376,19.94128],[42.53533,19.93796],[42.54027,19.93625],[42.54166,19.93173],[42.54785,19.93173],[42.54852,19.93681],[42.55591,19.93714],[42.55688,19.93326],[42.55613,19.92127],[42.55294,19.91344],[42.55533,19.90551],[42.55345,19.89368],[42.53919,19.88804],[42.53765,19.88409],[42.53981,19.88265],[42.53929,19.87811],[42.54386,19.87014],[42.5529,19.86597],[42.56172,19.86709],[42.56591,19.86187],[42.62388,19.86054]]]},"properties":{"city_id":1514,"region_id":6,"name_en":"Bishah","name_ar":"بيشة","district_count":28}},
{"type":"Feature","geometry":{"type":"Polygon","coordinates":[[[41.59544,19.86012],[41.59416,19.86199],[41.58972,19.85981],[41.58783,19.862],[41.58536,19.8615],[41.58214,19.85479],[41.58713,19.84384],[41.59676,19.84107],[41.60493,19.85257],[41.59864,19.85472],[41.59537,19.85747],[41.59544,19.86012]]]},"properties":{"city_id":1531,"region_id":12,"name_en":"Biljurashi","name_ar":"بلجرشي","district_count":1}},
{"type":"Feature","geometry":{"type":"Polygon","coordinates":[[[41.45299,19.99232],[41.47721,19.95777],[41.47528,19.95618],[41.4801,19.95037],[41.47929,19.9438],[41.48148,19.94006],[41.48631,19.94124],[41.48779,19.9438],[41.49048,19.9421],[41.50455,19.95743],[41.50906,19.95835],[41.50884,19.95397],[41.51187,19.95139],[41.51497,19.95983],[41.52173,19.96554],[41.52832,19.9656],[41.52912,19.96283],[41.54721,19.96373],[41.5484,19.96917],[41.55634,19.97779],[41.55788,19.98303],[41.54961,19.99429],[41.54272,20.01204],[41.53271,20.0187],[41.50704,20.01933],[41.50683,20.03192],[41.51276,20.03523],[41.51737,20.04153],[41.51881,20.0489],[41.53059,20.04674],[41.54654,20.05023],[41.54624,20.06537],[41.57008,20.06566],[41.57081,20.06292],[41.5787,20.06179],[41.58307,20.06898],[41.58233,20.07736],[41.59014,20.07755],[41.58975,20.09111],[41.59323,20.10589],[41.59629,20.11483],[41.60335,20.12291],[41.60005,20.1251],[41.59038,20.12564],[41.58568,20.11811],[41.58677,20.11424],[41.57262,20.11482],[41.57356,20.11038],[41.57728,20.10709],[41.55,20.10683],[41.54016,20.10026],[41.5263,20.10861],[41.52345,20.10769],[41.51903,20.11307],[41.49378,20.12173],[41.49007,20.1283],[41.47102,20.14194],[41.449,20.15051],[41.44717,20.15682],[41.44311,20.15811],[41.4299,20.15597],[41.424,20.14448],[41.39984,20.14403],[41.39482,20.15419],[41.38964,20.15104],[41.38908,20.12649],[41.35715,20.12615],[41.35766,20.07329],[41.35995,20.05063],[41.3971,20.01762],[41.39837,20.01403],[41.40795,20.01679],[41.40808,20.01343],[41.41307,20.01349],[41.41323,20.01029],[41.4458,20.01161],[41.44556,19.99575],[41.45063,19.99571],[41.45299,19.99232]]]},"properties":{"city_id":1542,"region_id":12,"name_en":"Bahah","name_ar":"الباحة","district_count":20}},
{"type":"Feature","geometry":{"type":"Polygon","coordinates":[[[41.08453,19.1189],[41.10176,19.11319],[41.10365,19.12325],[41.09494,19.12394],[41.09192,19.12874],[41.08914,19.12871],[41.08837,19.13268],[41.08146,19.13289],[41.08212,19.15079],[41.06887,19.15118],[41.07508,19.13898],[41.07497,19.12347],[41.08453,19.1189]]]},"properties":{"city_id":1625,"region_id":2,"name_en":"Al Qunfidhah","name_ar":"القنفذة","district_count":7}},
{"type":"Feature","geometry":{"type":"Polygon","coordinates":[[[41.98165,19.52146],[41.99833,19.53221],[42.00459,19.56931],[42.0034,19.57647],[41.99803,19.58597],[42.00084,19.59173],[41.99258,19.59412],[41.98814,19.59232],[41.98437,19.59508],[41.97913,19.59477],[41.97894,19.59234],[41.97371,19.60073],[41.98008,19.60896],[41.98613,19.61078],[41.99719,19.62215],[42.00985,19.61304],[42.02654,19.61913],[42.01407,19.63712],[42.00123,19.6468],[41.99639,19.63897],[41.97592,19.65006],[41.96011,19.65141],[41.96573,19.64299],[41.95949,19.62473],[41.96052,19.6209],[41.957,19.62097],[41.95041,19.61517],[41.95083,19.60537],[41.95408,19.60265],[41.95497,19.59647],[41.94554,19.59343],[41.93898,19.56425],[41.95012,19.56445],[41.94993,19.55896],[41.94532,19.55369],[41.94483,19.54992],[41.94203,19.54917],[41.94218,19.54503],[41.9336,19.54359],[41.92985,19.53591],[41.93686,19.52767],[41.94732,19.52022],[41.94927,19.51358],[41.96738,19.51483],[41.98165,19.52146]]]},"properties":{"city_id":1627,"region_id":6,"name_en":"Sabt Al 'Alayah","name_ar":"سبت العلاية","district_count":17}},
{"type":"Feature","geometry":{"type":"Polygon","coordinates":[[[41.29528,18.99805],[41.28654,18.99735],[41.28618,18.99164],[41.28915,18.98751],[41.28848,18.97604],[41.29678,18.97575],[41.29711,18.97243],[41.32183,18.96723],[41.3213,18.97642],[41.31791,18.98293],[41.29528,18.99805]]]},"properties":{"city_id":1628,"region_id":2,"name_en":"Al Qawz","name_ar":"القوز","district_count":1}},
{"type":"Feature","geometry":{"type":"Polygon","coordinates":[[[42.05423,18.48338],[42.06374,18.48628],[42.06533,18.47669],[42.09661,18.47782],[42.09922,18.49251],[42.09641,18.505],[42.103,18.50422],[42.10679,18.50693],[42.11118,18.50549],[42.11601,18.50917],[42.11901,18.50784],[42.1234,18.51565],[42.11596,18.5177],[42.12144,18.53225],[42.12089,18.5337],[42.10984,18.53345],[42.08905,18.53758],[42.08785,18.54432],[42.0798,18.55807],[42.06274,18.54999],[42.05907,18.5541],[42.06562,18.55836],[42.07034,18.57568],[42.0643,18.57602],[42.06056,18.57363],[42.05973,18.56716],[42.05701,18.56737],[42.05233,18.55406],[42.05182,18.55721],[42.05027,18.55694],[42.0512,18.56072],[42.04601,18.56732],[42.04305,18.59175],[42.0374,18.59258],[42.03658,18.59949],[42.03411,18.60238],[42.03072,18.60238],[42.02656,18.59867],[42.02902,18.59032],[42.01437,18.5888],[42.01489,18.56587],[42.00521,18.52771],[42.0076,18.52594],[42.00942,18.51685],[42.01526,18.5148],[42.01841,18.50801],[42.04104,18.50011],[42.04409,18.49258],[42.04473,18.48211],[42.05298,18.47369],[42.05835,18.47598],[42.05423,18.48338]]]},"properties":{"city_id":1801,"region_id":6,"name_en":"Muhayil","name_ar":"محايل","district_count":19}},
{"type":"Feature","geometry":{"type":"Polygon","coordinates":[[[42.43097,18.20489],[42.44404,18.20987],[42.44806,18.21758],[42.44401,18.22628],[42.43908,18.224],[42.43508,18.22552],[42.43219,18.22754],[42.42942,18.2353],[42.42489,18.23609],[42.42487,18.23619],[42.42116,18.24018],[42.41585,18.24108],[42.41403,18.24783],[42.42331,18.25436],[42.42887,18.25515],[42.43166,18.25885],[42.43158,18.2597],[42.4314,18.2603],[42.43129,18.26052],[42.4271,18.2668],[42.4268,18.26724],[42.41372,18.28129],[42.4083,18.29965],[42.40261,18.30522],[42.4004,18.31416],[42.39775,18.31744],[42.39844,18.32426],[42.39339,18.32469],[42.37994,18.32049],[42.36313,18.32745],[42.34134,18.31969],[42.3415,18.31719],[42.35284,18.30682],[42.35233,18.29994],[42.35628,18.30009],[42.3547,18.29849],[42.35704,18.29684],[42.35508,18.29538],[42.36135,18.29301],[42.36747,18.28455],[42.377,18.26149],[42.38173,18.25954],[42.38407,18.26308],[42.38981,18.25696],[42.39324,18.24023],[42.39153,18.23751],[42.39465,18.22585],[42.39357,18.22253],[42.39577,18.21836],[42.39889,18.21844],[42.40896,18.20927],[42.41417,18.2011],[42.4141,18.18982],[42.41003,18.18777],[42.41441,18.18252],[42.41391,18.18018],[42.42397,18.17097],[42.42802,18.16126],[42.43414,18.16114],[42.43319,18.1641],[42.43719,18.16843],[42.43762,18.17186],[42.44314,18.17044],[42.44392,18.17579],[42.43899,18.18592],[42.43208,18.19203],[42.4341,18.19858],[42.43097,18.20489]]]},"properties":{"city_id":1847,"region_id":6,"name_en":"As Sudah","name_ar":"السودة","district_count":5}},
{"type":"Feature","geometry":{"type":"Polygon","coordinates":[[[39.12274,22.32795],[39.11198,22.33394],[39.10465,22.33404],[39.10129,22.32471],[39.09843,22.32799],[39.10081,22.3244],[39.09943,22.3231],[39.10246,22.32159],[39.10098,22.31841],[39.09767,22.32247],[39.09582,22.31957],[39.09525,22.32505],[39.09235,22.32504],[39.09189,22.30839],[39.09567,22.30417],[39.09696,22.30349],[39.09916,22.30432],[39.0969,22.30366],[39.09533,22.30497],[39.0988,22.30476],[39.09952,22.30961],[39.10485,22.30573],[39.10096,22.3004],[39.08981,22.29596],[39.08761,22.29211],[39.08992,22.2929],[39.09156,22.29122],[39.08957,22.29032],[39.09375,22.29049],[39.09773,22.28235],[39.09661,22.28116],[39.09044,22.28379],[39.09181,22.28271],[39.08976,22.28174],[39.09215,22.28243],[39.08791,22.27881],[39.08529,22.267],[39.11765,22.25522],[39.12454,22.27098],[39.1385,22.29075],[39.11834,22.29331],[39.13502,22.32221],[39.12274,22.32795]]]},"properties":{"city_id":1879,"region_id":2,"name_en":"Thuwal","name_ar":"ثول","district_count":2}},
{"type":"Feature","geometry":{"type":"Polygon","coordinates":[[[35.70433,27.33939],[35.70421,27.33836],[35.70616,27.33894],[35.70549,27.33732],[35.70678,27.33827],[35.70671,27.33666],[35.70974,27.33607],[35.70903,27.33511],[35.71085,27.33617],[35.71033,27.3347],[35.7141,27.33468],[35.71432,27.33273],[35.71487,27.33435],[35.71499,27.33243],[35.7168,27.33345],[35.72225,27.34284],[35.71179,27.34591],[35.70013,27.35381],[35.69819,27.35203],[35.68832,27.35603],[35.68905,27.358],[35.67775,27.36279],[35.67341,27.35453],[35.67886,27.35041],[35.69179,27.34518],[35.69721,27.34804],[35.6985,27.3517],[35.69596,27.34334],[35.70403,27.34056],[35.71685,27.33394],[35.71074,27.33653],[35.70843,27.3365],[35.70674,27.339],[35.70446,27.34005],[35.70027,27.34047],[35.70433,27.33939]]]},"properties":{"city_id":1947,"region_id":7,"name_en":"Duba","name_ar":"ضبا","district_count":5}},
{"type":"Feature","geometry":{"type":"MultiPolygon","coordinates":[[[[44.19803,26.76171],[44.20899,26.76919],[44.20364,26.77476],[44.19371,26.7702],[44.19803,26.76171]]],[[[44.19844,26.80907],[44.19639,26.81121],[44.18843,26.81057],[44.19109,26.80404],[44.20387,26.78967],[44.20913,26.79172],[44.19844,26.80907]]],[[[44.16771,26.87217],[44.16369,26.88784],[44.15448,26.90137],[44.14352,26.91],[44.12638,26.9339],[44.1223,26.93169],[44.1291,26.92264],[44.12591,26.9206],[44.13106,26.92003],[44.14352,26.90225],[44.14025,26.89993],[44.14125,26.89304],[44.13823,26.89097],[44.14326,26.881],[44.14626,26.87945],[44.14447,26.87557],[44.15118,26.8678],[44.14608,26.86194],[44.14971,26.85947],[44.16771,26.87217]]]]},"properties":{"city_id":1986,"region_id":4,"name_en":"Al Asyah","name_ar":"الاسياح","district_count":4}},
{"type":"Feature","geometry":{"type":"MultiPolygon","coordinates":[[[[43.62621,26.4811],[43.63554,26.49372],[43.63831,26.50719],[43.63135,26.50971],[43.62631,26.49265],[43.62455,26.49374],[43.62127,26.48953],[43.60476,26.48207],[43.61915,26.47271],[43.62621,26.4811]]],[[[43.63843,26.47823],[43.6409,26.48125],[43.63284,26.4866],[43.62758,26.48027],[43.63564,26.47491],[43.63843,26.47823]]],[[[43.64067,26.48646],[43.64363,26.4845],[43.65727,26.50133],[43.64513,26.5019],[43.63545,26.48984],[43.64067,26.48646]]]]},"properties":{"city_id":1999,"region_id":4,"name_en":"Uyun Al Jawa'","name_ar":"عيون الجواء","district_count":7}},
{"type":"Feature","geometry":{"type":"MultiPolygon","coordinates":[[[[49.55848,25.47243],[49.56044,25.48393],[49.55679,25.48839],[49.56319,25.48937],[49.56036,25.49939],[49.55544,25.5044],[49.55933,25.50601],[49.56017,25.5151],[49.5551,25.51895],[49.54282,25.52172],[49.55016,25.48616],[49.55384,25.47864],[49.55385,25.47864],[49.55825,25.47232],[49.55848,25.47243]]],[[[49.58066,25.47964],[49.57861,25.48281],[49.58309,25.4875],[49.58051,25.48948],[49.57707,25.48499],[49.57186,25.48366],[49.57004,25.48638],[49.57212,25.48689],[49.57141,25.49105],[49.56754,25.48933],[49.57099,25.48332],[49.56875,25.4822],[49.57048,25.47735],[49.57573,25.47587],[49.57806,25.47453],[49.58049,25.47946],[49.58066,25.47964]]],[[[49.54803,25.56012],[49.54766,25.5576],[49.5648,25.55955],[49.561,25.5666],[49.56294,25.56861],[49.55915,25.58065],[49.55494,25.58808],[49.56428,25.59179],[49.567,25.59731],[49.56565,25.60233],[49.57182,25.60781],[49.56843,25.61506],[49.57559,25.61396],[49.57733,25.62005],[49.56603,25.63858],[49.55278,25.6369],[49.55235,25.63954],[49.54228,25.6382],[49.54339,25.62004],[49.54117,25.61962],[49.54537,25.61128],[49.54937,25.58321],[49.54803,25.56012]]],[[[49.598,25.48036],[49.6011,25.48341],[49.59933,25.48859],[49.5957,25.48738],[49.59377,25.47717],[49.59709,25.47753],[49.598,25.48036]]],[[[49.60222,25.49777],[49.60351,25.5069],[49.60006,25.51071],[49.5956,25.50593],[49.59815,25.50168],[49.5975,25.49564],[49.60222,25.49777]]],[[[49.63313,25.48777],[49.62923,25.49937],[49.64192,25.50231],[49.6425,25.50919],[49.63761,25.50886],[49.62367,25.51795],[49.62166,25.52261],[49.62359,25.52654],[49.60737,25.5317],[49.60471,25.53556],[49.60099,25.52923],[49.60269,25.52194],[49.60565,25.51599],[49.62007,25.50595],[49.62444,25.4993],[49.62466,25.49393],[49.62943,25.49307],[49.63313,25.48777]]],[[[49.59905,25.57984],[49.59354,25.58905],[49.59019,25.58718],[49.58791,25.59078],[49.58536,25.59093],[49.58574,25.59782],[49.57942,25.59642],[49.57905,25.59018],[49.58853,25.58549],[49.59483,25.57744],[49.59905,25.57984]]]]},"properties":{"city_id":2038,"region_id":5,"name_en":"Al Uyun","name_ar":"العيون","district_count":31}},
{"type":"Feature","geometry":{"type":"MultiPolygon","coordinates":[[[[41.65476,21.18418],[41.65196,21.18491],[41.6534,21.19216],[41.64339,21.19635],[41.63777,21.17731],[41.63829,21.16518],[41.64463,21.16204],[41.64961,21.17476],[41.65584,21.17311],[41.65665,21.18352],[41.65476,21.18418]]],[[[41.66892,21.18209],[41.67833,21.18699],[41.68814,21.19972],[41.69116,21.21016],[41.6951,21.215],[41.6898,21.21958],[41.68376,21.21565],[41.67212,21.20186],[41.66932,21.20194],[41.66968,21.19104],[41.66634,21.184],[41.66892,21.18209]]],[[[41.61906,21.19883],[41.61755,21.1958],[41.63184,21.19926],[41.63736,21.21153],[41.64047,21.21011],[41.64524,21.21754],[41.66149,21.22553],[41.66359,21.23739],[41.65466,21.23951],[41.64565,21.22586],[41.6396,21.22873],[41.63656,21.22187],[41.62663,21.22582],[41.6196,21.21032],[41.62379,21.20845],[41.61906,21.19883]]]]},"properties":{"city_id":2156,"region_id":2,"name_en":"Turbah","name_ar":"تربه","district_count":7}},
{"type":"Feature","geometry":{"type":"MultiPolygon","coordinates":[[[[49.94447,26.50012],[49.94478,26.50428],[49.93806,26.51684],[49.93154,26.5126],[49.93616,26.50698],[49.94447,26.50012]]],[[[49.95373,26.55917],[49.94479,26.57698],[49.9292,26.57224],[49.93524,26.54745],[49.95566,26.5502],[49.95373,26.55917]]],[[[49.91873,26.56413],[49.93024,26.58432],[49.93565,26.58959],[49.90987,26.59527],[49.87558,26.56134],[49.89635,26.53937],[49.90743,26.53331],[49.91332,26.54135],[49.94849,26.51297],[49.91873,26.56413]]],[[[49.92942,26.62146],[49.92667,26.62519],[49.92408,26.62445],[49.92429,26.61781],[49.93054,26.61913],[49.92942,26.62146]]],[[[49.92029,26.63957],[49.92443,26.63791],[49.94247,26.64009],[49.94256,26.64375],[49.9492,26.63768],[49.95517,26.63841],[49.9591,26.63088],[49.96746,26.6348],[49.96205,26.6427],[49.96514,26.64396],[49.96095,26.6608],[49.9575,26.65911],[49.95169,26.65992],[49.95392,26.66637],[49.95095,26.66856],[49.94241,26.66291],[49.92606,26.66005],[49.92078,26.67479],[49.90597,26.66969],[49.91061,26.65829],[49.91374,26.65623],[49.91083,26.6538],[49.91162,26.64763],[49.90492,26.64578],[49.9044,26.63827],[49.9,26.63817],[49.90251,26.63224],[49.90567,26.63359],[49.9109,26.6301],[49.91951,26.63146],[49.92312,26.62826],[49.92029,26.63957]]],[[[49.82861,26.64326],[49.82079,26.65464],[49.81045,26.6485],[49.81829,26.63758],[49.82861,26.64326]]],[[[49.89427,26.66149],[49.8893,26.66088],[49.88716,26.6584],[49.88814,26.65484],[49.89488,26.65207],[49.8992,26.65276],[49.90127,26.66022],[49.89427,26.66149]]],[[[49.84651,26.65611],[49.84728,26.66182],[49.8192,26.66408],[49.81873,26.65909],[49.84651,26.65611]]],[[[49.81095,26.65893],[49.81825,26.65901],[49.81978,26.67109],[49.80877,26.67084],[49.80826,26.67334],[49.79403,26.6693],[49.80391,26.65621],[49.81095,26.65893]]],[[[49.97028,26.64719],[49.971,26.64554],[49.98313,26.64794],[50.00934,26.65777],[50.00661,26.66543],[49.98856,26.65745],[49.98897,26.65278],[49.97028,26.64719]]]]},"properties":{"city_id":2167,"region_id":5,"name_en":"Safwa","name_ar":"صفوى","district_count":23}},
{"type":"Feature","geometry":{"type":"MultiPolygon","coordinates":[[[[49.97972,26.52543],[49.98492,26.51437],[49.98301,26.51412],[49.97862,26.52496],[49.9738,26.52598],[49.96946,26.52324],[49.97255,26.51581],[49.9765,26.51447],[49.97185,26.51274],[49.97525,26.5082],[49.98591,26.51],[49.98709,26.51436],[49.98405,26.52125],[49.98563,26.52142],[49.98461,26.52636],[49.97972,26.52543]]],[[[49.9888,26.4939],[49.99067,26.49422],[49.98886,26.50501],[49.98562,26.50489],[49.9888,26.4939]]]]},"properties":{"city_id":2170,"region_id":5,"name_en":"Al Jish","name_ar":"الجش","district_count":3}},
{"type":"Feature","geometry":{"type":"Polygon","coordinates":[[[50.02188,26.53317],[50.01269,26.53256],[50.01739,26.52425],[50.02857,26.50843],[50.03539,26.50874],[50.03074,26.53201],[50.02188,26.53317]]]},"properties":{"city_id":2171,"region_id":5,"name_en":"'Inak","name_ar":"عنك","district_count":5}},
{"type":"Feature","geometry":{"type":"Polygon","coordinates":[[[50.03744,26.55643],[50.03808,26.54695],[50.05016,26.54893],[50.05598,26.5442],[50.07005,26.54554],[50.07059,26.54304],[50.07471,26.54197],[50.07872,26.54316],[50.08046,26.54719],[50.07856,26.55111],[50.08633,26.56105],[50.06904,26.55662],[50.06131,26.55917],[50.05394,26.55839],[50.03744,26.55643]]]},"properties":{"city_id":2176,"region_id":5,"name_en":"Darin","name_ar":"دارين","district_count":4}},
{"type":"Feature","geometry":{"type":"MultiPolygon","coordinates":[[[[38.62156,31.63244],[38.61387,31.63622],[38.60057,31.62164],[38.60521,31.61777],[38.62156,31.63244]]],[[[38.65415,31.64826],[38.70234,31.63709],[38.70731,31.65187],[38.69421,31.65514],[38.69983,31.67172],[38.6548,31.68473],[38.6539,31.68239],[38.64975,31.68355],[38.64867,31.68068],[38.64367,31.68183],[38.63866,31.67222],[38.6306,31.67378],[38.62942,31.66939],[38.64671,31.66172],[38.63576,31.64864],[38.65222,31.64303],[38.65415,31.64826]]],[[[38.78412,31.64221],[38.82349,31.63101],[38.82646,31.63866],[38.78679,31.64967],[38.78412,31.64221]]],[[[38.67606,31.6844],[38.69384,31.67875],[38.69629,31.6851],[38.681,31.68934],[38.67606,31.6844]]]]},"properties":{"city_id":2208,"region_id":9,"name_en":"Turaif","name_ar":"طريف","district_count":21}},
{"type":"Feature","geometry":{"type":"MultiPolygon","coordinates":[[[[40.95697,30.86634],[40.94096,30.86882],[40.92498,30.86817],[40.91991,30.84417],[40.97339,30.82957],[40.98458,30.85497],[40.95697,30.86634]]],[[[40.92937,30.89835],[40.92234,30.88986],[40.93908,30.88521],[40.94043,30.88887],[40.94916,30.88647],[40.95112,30.89359],[40.92937,30.89835]]],[[[40.97428,30.89261],[40.97692,30.88882],[40.9851,30.89421],[40.98033,30.89618],[40.97428,30.89261]]],[[[40.8989,30.91501],[40.91014,30.93872],[40.86501,30.95631],[40.8537,30.93172],[40.8989,30.91501]]],[[[41.06229,30.91526],[41.085,30.89689],[41.09094,30.8943],[41.11023,30.953],[41.12139,30.9648],[41.13583,30.97551],[41.14427,30.98591],[41.19076,30.99257],[41.20973,30.99003],[41.21087,30.99695],[41.23615,31.00433],[41.26487,31.02053],[41.26063,31.02789],[41.2428,31.08327],[41.20075,31.0607],[41.16948,31.05236],[41.04921,31.04455],[41.04762,31.0299],[41.00634,31.0338],[40.93849,31.05159],[40.91906,31.04926],[40.90899,31.04428],[40.90029,31.03671],[40.86409,31.04687],[40.85958,31.01011],[40.89744,31.00939],[40.94407,30.97251],[40.94556,30.97459],[40.94412,30.97249],[40.96597,30.9557],[40.97672,30.95088],[40.9883,30.94958],[40.98823,30.94708],[40.99109,30.94716],[40.99078,30.93969],[40.9988,30.93995],[40.99195,30.93972],[40.99071,30.93969],[40.99032,30.92838],[40.99495,30.92274],[41.01729,30.91916],[41.02883,30.92326],[41.03957,30.9313],[41.06229,30.91526]]],[[[40.78273,31.07276],[40.77988,31.06447],[40.78625,31.06286],[40.7892,31.07116],[40.78273,31.07276]]],[[[41.25184,30.78297],[41.27052,30.79656],[41.28583,30.81823],[41.3036,30.80912],[41.30982,30.82135],[41.26444,30.84387],[41.26009,30.83291],[41.26296,30.83144],[41.2515,30.8193],[41.23693,30.80661],[41.21975,30.79915],[41.23308,30.77586],[41.25184,30.78297]]],[[[41.21641,30.85063],[41.21865,30.85333],[41.17728,30.8737],[41.16725,30.85918],[41.17469,30.85529],[41.1676,30.83689],[41.17997,30.83429],[41.19431,30.8359],[41.20664,30.84143],[41.21641,30.85063]]]]},"properties":{"city_id":2213,"region_id":9,"name_en":"Arar","name_ar":"عرعر","district_count":66}},
{"type":"Feature","geometry":{"type":"Polygon","coordinates":[[[42.23902,30.35224],[42.27226,30.33747],[42.28138,30.3529],[42.26091,30.36333],[42.26589,30.36931],[42.22525,30.39001],[42.20985,30.36715],[42.23902,30.35224]]]},"properties":{"city_id":2215,"region_id":9,"name_en":"Al 'Uwayqiliyah","name_ar":"العويقلية","district_count":15}},
{"type":"Feature","geometry":{"type":"MultiPolygon","coordinates":[[[[37.35282,31.27523],[37.35358,31.27326],[37.35988,31.27372],[37.36731,31.26667],[37.36884,31.2684],[37.37832,31.26169],[37.38537,31.26135],[37.38681,31.25503],[37.39327,31.25617],[37.40397,31.25411],[37.40202,31.25284],[37.46222,31.18287],[37.4877,31.20706],[37.47221,31.22236],[37.48458,31.24072],[37.48408,31.244],[37.48739,31.24373],[37.48645,31.25123],[37.49015,31.25053],[37.49175,31.26029],[37.49797,31.26397],[37.49955,31.27096],[37.50172,31.27067],[37.50226,31.27299],[37.49804,31.27691],[37.47252,31.28475],[37.45353,31.28807],[37.43702,31.2883],[37.412,31.3015],[37.41096,31.30593],[37.41374,31.31023],[37.40795,31.31182],[37.41307,31.31606],[37.40964,31.31941],[37.41131,31.32391],[37.40956,31.32361],[37.40528,31.32294],[37.40897,31.32352],[37.40887,31.32432],[37.40757,31.32447],[37.40779,31.32744],[37.40558,31.32828],[37.40642,31.33266],[37.39946,31.33501],[37.39939,31.33936],[37.39696,31.34017],[37.39003,31.33396],[37.39865,31.34172],[37.39214,31.34709],[37.39025,31.34545],[37.37443,31.35672],[37.3447,31.36648],[37.33553,31.37239],[37.33225,31.3754],[37.33486,31.38167],[37.32799,31.39363],[37.32918,31.40333],[37.31549,31.40407],[37.29883,31.39644],[37.29082,31.40166],[37.23033,31.40972],[37.24428,31.40298],[37.27367,31.37387],[37.27546,31.35695],[37.28028,31.34373],[37.29249,31.3334],[37.28069,31.31822],[37.29917,31.30775],[37.29566,31.30097],[37.3174,31.29118],[37.31855,31.28694],[37.32191,31.28986],[37.32536,31.28573],[37.3287,31.2876],[37.33309,31.28675],[37.33434,31.28238],[37.3487,31.27639],[37.35196,31.27732],[37.35282,31.27523]]],[[[37.35873,31.3827],[37.35041,31.38575],[37.34592,31.37214],[37.35173,31.37065],[37.35733,31.37512],[37.35873,31.3827]]],[[[37.40075,31.41238],[37.3921,31.42831],[37.37223,31.42084],[37.39362,31.387],[37.41206,31.39152],[37.40075,31.41238]]],[[[37.34657,31.3987],[37.34996,31.39783],[37.35102,31.40125],[37.34779,31.40206],[37.34657,31.3987]]],[[[37.53293,31.27013],[37.52823,31.27161],[37.52383,31.26874],[37.52562,31.26329],[37.52337,31.26334],[37.52171,31.25747],[37.52879,31.25703],[37.53655,31.26512],[37.5372,31.26806],[37.53293,31.27013]]],[[[37.44178,31.29775],[37.44315,31.30073],[37.44596,31.29976],[37.44813,31.30495],[37.44121,31.3071],[37.43389,31.30081],[37.44178,31.29775]]]]},"properties":{"city_id":2226,"region_id":13,"name_en":"Al Qurayyat","name_ar":"القريات","district_count":43}},
{"type":"Feature","geometry":{"type":"MultiPolygon","coordinates":[[[[37.98521,30.71165],[37.98736,30.71179],[37.98767,30.7144],[37.99688,30.71223],[38.00286,30.71848],[37.98952,30.72813],[37.98671,30.72259],[37.97804,30.72592],[37.97582,30.72953],[37.96768,30.73158],[37.95996,30.72555],[37.9582,30.71709],[37.97544,30.71538],[37.97599,30.70544],[37.98065,30.70555],[37.9794,30.7095],[37.98151,30.71189],[37.98521,30.71165]]],[[[38.00852,30.71373],[38.01148,30.7128],[38.01511,30.72544],[38.0086,30.72456],[38.00948,30.71996],[38.00691,30.71406],[38.00852,30.71373]]],[[[37.92887,30.72291],[37.92656,30.7254],[37.9263,30.72035],[37.92897,30.71749],[37.93387,30.71871],[37.93337,30.72109],[37.92887,30.72291]]],[[[37.9449,30.73928],[37.94309,30.74012],[37.9422,30.73824],[37.9449,30.73928]]]]},"properties":{"city_id":2229,"region_id":13,"name_en":"Al Isawiyah","name_ar":"العيساوية","district_count":9}},
{"type":"Feature","geometry":{"type":"Polygon","coordinates":[[[40.39626,30.09282],[40.39471,30.10804],[40.40611,30.11373],[40.412,30.11415],[40.42146,30.10124],[40.43396,30.13052],[40.44486,30.14506],[40.44656,30.16417],[40.42042,30.16655],[40.41949,30.16266],[40.3998,30.16411],[40.3999,30.15583],[40.39082,30.15621],[40.39039,30.14879],[40.40515,30.14774],[40.39316,30.13466],[40.3973,30.12716],[40.39592,30.12396],[40.3867,30.12567],[40.38088,30.13323],[40.3733,30.13832],[40.37156,30.13675],[40.36619,30.1408],[40.36421,30.13872],[40.37014,30.1266],[40.38282,30.12023],[40.38292,30.10001],[40.38713,30.09578],[40.38531,30.09011],[40.38681,30.07884],[40.39471,30.07926],[40.39348,30.0906],[40.39626,30.09282]]]},"properties":{"city_id":2234,"region_id":13,"name_en":"Suwayr","name_ar":"صوير","district_count":11}},
{"type":"Feature","geometry":{"type":"MultiPolygon","coordinates":[[[[40.15405,29.74622],[40.23831,29.76642],[40.23372,29.7803],[40.15381,29.76334],[40.15405,29.74622]]],[[[39.98579,29.76839],[40.02072,29.77251],[40.04774,29.78233],[40.07155,29.79384],[40.09521,29.7998],[40.11039,29.81091],[40.11746,29.81988],[40.1443,29.78128],[40.15463,29.77988],[40.16071,29.80105],[40.175,29.80704],[40.17312,29.81165],[40.18519,29.81852],[40.1918,29.81963],[40.19096,29.82394],[40.19689,29.82451],[40.20587,29.83292],[40.19123,29.84509],[40.20552,29.8332],[40.21648,29.84779],[40.23056,29.85551],[40.23848,29.86252],[40.246,29.87838],[40.24898,29.87751],[40.25691,29.88725],[40.25679,29.8908],[40.24421,29.8942],[40.23672,29.91698],[40.24795,29.92216],[40.24558,29.92556],[40.23969,29.92311],[40.23738,29.92964],[40.2329,29.92852],[40.22364,29.95646],[40.24599,29.95435],[40.24631,29.96421],[40.25019,29.96353],[40.26771,29.95362],[40.27377,29.94446],[40.28694,29.94535],[40.2879,29.95025],[40.28382,29.95277],[40.27835,29.9526],[40.27462,29.96008],[40.28119,29.96498],[40.28495,29.96419],[40.28323,29.97094],[40.29075,29.98823],[40.30595,30.00684],[40.31474,30.00586],[40.31626,30.01006],[40.30503,30.01515],[40.30131,30.01205],[40.29336,30.01289],[40.28821,30.00661],[40.27043,30.00348],[40.26995,30.01728],[40.26319,30.01973],[40.2653,30.02201],[40.25358,30.02662],[40.24667,30.02549],[40.24121,30.02188],[40.24128,30.01572],[40.23965,30.02948],[40.24115,30.04599],[40.25057,30.08074],[40.24548,30.08295],[40.24407,30.08138],[40.22437,30.08041],[40.2205,30.08453],[40.21057,30.06402],[40.19479,30.06737],[40.19276,30.0595],[40.20464,30.05294],[40.20719,30.04093],[40.20508,30.01959],[40.18727,30.01968],[40.17973,30.00511],[40.17924,29.99973],[40.17609,30.00008],[40.16118,29.97842],[40.14883,29.96692],[40.14022,29.95406],[40.14889,29.94562],[40.15906,29.90378],[40.16909,29.88077],[40.173,29.88215],[40.1923,29.86691],[40.17325,29.84895],[40.16737,29.85143],[40.16573,29.84407],[40.14284,29.83988],[40.14299,29.83717],[40.1275,29.83362],[40.09586,29.81568],[40.06701,29.81383],[40.0185,29.78442],[40.00726,29.79594],[40.00097,29.7943],[40.00316,29.79164],[39.984,29.78871],[39.98579,29.76839]]],[[[40.15062,29.8932],[40.14835,29.89591],[40.14238,29.8935],[40.14465,29.89079],[40.15062,29.8932]]],[[[40.11276,29.97253],[40.11676,29.97274],[40.11475,29.97434],[40.11276,29.97253]]],[[[40.1272,29.9858],[40.12537,29.98672],[40.12213,29.98286],[40.1272,29.9858]]],[[[40.13729,29.9903],[40.13732,29.99361],[40.13336,29.99078],[40.13729,29.9903]]],[[[40.1459,30.04795],[40.14761,30.04988],[40.14526,30.05173],[40.14395,30.04963],[40.1459,30.04795]]],[[[40.14025,30.05512],[40.13578,30.05793],[40.13293,30.05569],[40.13934,30.04971],[40.1434,30.05329],[40.14025,30.05512]]]]},"properties":{"city_id":2237,"region_id":13,"name_en":"Sakaka","name_ar":"سكاكا","district_count":72}},
{"type":"Feature","geometry":{"type":"Polygon","coordinates":[[[38.16395,30.46777],[38.18352,30.47594],[38.18636,30.4742],[38.1996,30.48366],[38.20575,30.47814],[38.2154,30.47431],[38.21007,30.46284],[38.23403,30.47029],[38.23002,30.45915],[38.23262,30.45698],[38.23599,30.45846],[38.23495,30.46105],[38.24479,30.46713],[38.24813,30.45124],[38.24815,30.43036],[38.25066,30.43066],[38.25489,30.43491],[38.25469,30.43893],[38.25067,30.44216],[38.25337,30.45661],[38.2625,30.47031],[38.26877,30.47033],[38.27141,30.47376],[38.284,30.47187],[38.2832,30.4775],[38.27634,30.47992],[38.27771,30.4832],[38.27122,30.4853],[38.27442,30.49212],[38.28139,30.49331],[38.27913,30.49865],[38.27595,30.49968],[38.27911,30.50483],[38.25375,30.51731],[38.25711,30.52108],[38.2556,30.52225],[38.24922,30.51957],[38.23103,30.52993],[38.23178,30.53806],[38.22768,30.54017],[38.22518,30.53273],[38.2044,30.53756],[38.17378,30.53652],[38.15826,30.54193],[38.14685,30.55216],[38.13358,30.53568],[38.13417,30.50356],[38.15322,30.46115],[38.16395,30.46777]]]},"properties":{"city_id":2240,"region_id":13,"name_en":"Tubarjal","name_ar":"طبرجل","district_count":28}},
{"type":"Feature","geometry":{"type":"MultiPolygon","coordinates":[[[[43.5316,29.61299],[43.53231,29.61466],[43.53492,29.61337],[43.54246,29.5927],[43.52683,29.59746],[43.52173,29.58865],[43.54858,29.57877],[43.55057,29.57438],[43.5653,29.60008],[43.54081,29.61076],[43.54579,29.61942],[43.55075,29.61725],[43.56235,29.63763],[43.55151,29.64239],[43.55357,29.64592],[43.54359,29.65037],[43.54195,29.64665],[43.53589,29.6488],[43.51479,29.649],[43.51444,29.64037],[43.49788,29.63995],[43.4943,29.63173],[43.52357,29.61848],[43.51469,29.60263],[43.52346,29.59876],[43.5316,29.61299]]],[[[43.63957,29.56331],[43.63735,29.56451],[43.64527,29.57603],[43.6419,29.57786],[43.6407,29.57612],[43.61593,29.58918],[43.61111,29.57821],[43.62327,29.57191],[43.61147,29.55563],[43.63447,29.54256],[43.64647,29.55933],[43.63957,29.56331]]]]},"properties":{"city_id":2256,"region_id":9,"name_en":"Rafha'","name_ar":"رفحاء","district_count":25}},
{"type":"Feature","geometry":{"type":"MultiPolygon","coordinates":[[[[40.00316,29.79164],[39.99988,29.7955],[39.98941,29.79776],[39.96463,29.81039],[39.92504,29.76287],[39.90972,29.76922],[39.89777,29.77473],[39.88996,29.78197],[39.88614,29.79199],[39.89037,29.79402],[39.89024,29.79914],[39.88668,29.80549],[39.88361,29.80639],[39.87756,29.81923],[39.88139,29.82609],[39.88507,29.82818],[39.88524,29.83169],[39.89078,29.83362],[39.88997,29.835],[39.88568,29.83601],[39.88526,29.83959],[39.88237,29.84123],[39.87288,29.84092],[39.87242,29.84388],[39.86535,29.84696],[39.85954,29.8534],[39.8537,29.85357],[39.84631,29.84972],[39.83862,29.86845],[39.82676,29.8648],[39.83176,29.85286],[39.82464,29.83983],[39.83368,29.83497],[39.82932,29.83102],[39.82176,29.8091],[39.81571,29.81069],[39.80814,29.78759],[39.82029,29.77786],[39.81727,29.76266],[39.8393,29.75956],[39.84559,29.79013],[39.8555,29.78916],[39.85655,29.79344],[39.86685,29.79291],[39.86703,29.78855],[39.8735,29.7901],[39.88267,29.77626],[39.88047,29.77043],[39.89901,29.75892],[39.89258,29.75405],[39.89211,29.75157],[39.89952,29.74109],[39.88755,29.72945],[39.89189,29.72645],[39.91887,29.75642],[39.93634,29.75529],[39.95814,29.76287],[39.98579,29.76839],[39.984,29.78871],[40.00316,29.79164]]],[[[39.67622,29.67004],[39.66593,29.67373],[39.6619,29.66456],[39.67222,29.66089],[39.67622,29.67004]]],[[[39.67816,29.79926],[39.69588,29.79992],[39.69522,29.80969],[39.6682,29.81215],[39.66871,29.79884],[39.67816,29.79926]]],[[[39.75167,29.808],[39.7624,29.80674],[39.76498,29.83027],[39.75518,29.83279],[39.75167,29.808]]]]},"properties":{"city_id":2268,"region_id":13,"name_en":"Dawmat Al Jandal","name_ar":"دومة الجندل","district_count":29}},
{"type":"Feature","geometry":{"type":"MultiPolygon","coordinates":[[[[39.6091,29.80537],[39.60836,29.8173],[39.59174,29.8205],[39.59467,29.80685],[39.59958,29.80731],[39.60059,29.79999],[39.58626,29.79895],[39.59048,29.79097],[39.61286,29.79581],[39.61239,29.80595],[39.6091,29.80537]]],[[[39.56819,29.82478],[39.57919,29.82553],[39.57793,29.83615],[39.56747,29.83517],[39.56819,29.82478]]]]},"properties":{"city_id":2270,"region_id":13,"name_en":"Al Adari'","name_ar":"الأضارع","district_count":2}},
{"type":"Feature","geometry":{"type":"Polygon","coordinates":[[[40.33305,26.82202],[40.3617,26.82056],[40.3605,26.8541],[40.37029,26.85399],[40.3748,26.86657],[40.38187,26.87295],[40.38652,26.87011],[40.39424,26.87035],[40.39391,26.91115],[40.32149,26.91027],[40.30926,26.917],[40.30837,26.92055],[40.30608,26.91689],[40.29826,26.91661],[40.3042,26.90067],[40.28816,26.8941],[40.28959,26.89253],[40.28815,26.8941],[40.3042,26.90067],[40.29825,26.91661],[40.26907,26.91592],[40.26156,26.90947],[40.26922,26.90249],[40.27198,26.88968],[40.28498,26.88125],[40.28556,26.86195],[40.29346,26.85714],[40.30013,26.85601],[40.30586,26.84862],[40.30525,26.83991],[40.30958,26.83095],[40.32242,26.82284],[40.33305,26.82202]]]},"properties":{"city_id":2332,"region_id":8,"name_en":"Ash Shamli","name_ar":"الشملي","district_count":25}},
{"type":"Feature","geometry":{"type":"Polygon","coordinates":[[[42.39236,27.88991],[42.40152,27.88694],[42.40027,27.88503],[42.40348,27.88422],[42.40471,27.88109],[42.41043,27.88025],[42.41731,27.87198],[42.40627,27.86314],[42.38406,27.86199],[42.38558,27.85443],[42.40443,27.85403],[42.42095,27.86284],[42.43372,27.85288],[42.44826,27.84993],[42.45194,27.84421],[42.46502,27.85038],[42.47091,27.86295],[42.45555,27.86622],[42.45022,27.86999],[42.45226,27.87526],[42.4429,27.88079],[42.44035,27.88985],[42.42785,27.89761],[42.42523,27.90521],[42.42668,27.90775],[42.42234,27.91161],[42.42282,27.91419],[42.41448,27.92076],[42.42596,27.93577],[42.41942,27.93859],[42.42576,27.95496],[42.40876,27.96032],[42.39347,27.94195],[42.38334,27.94952],[42.37665,27.94442],[42.37432,27.93696],[42.36615,27.93605],[42.36021,27.9276],[42.35051,27.92949],[42.33873,27.89774],[42.37383,27.89281],[42.37761,27.88905],[42.39236,27.88991]]]},"properties":{"city_id":2370,"region_id":8,"name_en":"Baq'a","name_ar":"بقعاء","district_count":21}},
{"type":"Feature","geometry":{"type":"MultiPolygon","coordinates":[[[[43.45282,25.79901],[43.45865,25.81392],[43.47512,25.814],[43.48035,25.83242],[43.49497,25.83246],[43.49513,25.8261],[43.48914,25.81574],[43.53575,25.82591],[43.52716,25.85096],[43.5366,25.85208],[43.54792,25.84978],[43.56711,25.86356],[43.58937,25.87256],[43.58847,25.86826],[43.59278,25.86925],[43.60158,25.87891],[43.6256,25.87594],[43.62781,25.8899],[43.60063,25.89319],[43.59352,25.9036],[43.58457,25.8985],[43.57837,25.90625],[43.57137,25.90196],[43.53917,25.91335],[43.49822,25.9158],[43.48513,25.91415],[43.43209,25.89277],[43.42588,25.88786],[43.42234,25.88098],[43.42181,25.85626],[43.43019,25.83287],[43.44852,25.81883],[43.44114,25.81176],[43.4423,25.80957],[43.4374,25.80683],[43.43681,25.80124],[43.44963,25.79419],[43.45282,25.79901]]],[[[43.38468,25.8438],[43.37514,25.86481],[43.35556,25.8517],[43.35364,25.84953],[43.35743,25.84707],[43.35107,25.84492],[43.34433,25.83661],[43.3485,25.83404],[43.355,25.82339],[43.35359,25.82205],[43.39572,25.82259],[43.38943,25.84063],[43.38468,25.8438]]]]},"properties":{"city_id":2421,"region_id":4,"name_en":"Ar Rass","name_ar":"الرس","district_count":42}},
{"type":"Feature","geometry":{"type":"Polygon","coordinates":[[[44.21454,25.83365],[44.22102,25.82073],[44.23162,25.82229],[44.24194,25.82646],[44.24056,25.83415],[44.24745,25.83573],[44.2547,25.8425],[44.2469,25.85687],[44.23604,25.86707],[44.23348,25.87287],[44.22911,25.87003],[44.2274,25.86577],[44.22303,25.87536],[44.21777,25.87508],[44.21513,25.8776],[44.21188,25.88954],[44.2059,25.89396],[44.20176,25.88911],[44.19737,25.89106],[44.19428,25.88605],[44.1845,25.89126],[44.1773,25.88447],[44.18663,25.87749],[44.18643,25.86143],[44.19675,25.83941],[44.20738,25.84813],[44.21454,25.83365]]]},"properties":{"city_id":2448,"region_id":4,"name_en":"Al Midhnab","name_ar":"المذنب","district_count":17}},
{"type":"Feature","geometry":{"type":"Polygon","coordinates":[[[48.46014,28.38737],[48.47861,28.40197],[48.47751,28.40334],[48.48343,28.40906],[48.49159,28.40895],[48.49195,28.40348],[48.49683,28.40376],[48.49789,28.39101],[48.50627,28.38985],[48.50883,28.39228],[48.50824,28.39837],[48.51178,28.40463],[48.51155,28.4096],[48.52478,28.41522],[48.5263,28.41906],[48.52955,28.41874],[48.52637,28.42061],[48.52274,28.41904],[48.51293,28.42373],[48.50031,28.43862],[48.50006,28.4494],[48.50382,28.46245],[48.49646,28.47689],[48.49972,28.49119],[48.48321,28.48682],[48.47791,28.49255],[48.47167,28.48866],[48.47446,28.48361],[48.47477,28.46867],[48.48354,28.44246],[48.45118,28.41279],[48.46006,28.40469],[48.44873,28.39471],[48.445,28.38804],[48.45488,28.37915],[48.46014,28.38737]]]},"properties":{"city_id":2464,"region_id":5,"name_en":"Al Khafji","name_ar":"الخفجي","district_count":28}},
{"type":"Feature","geometry":{"type":"Polygon","coordinates":[[[43.56436,26.03557],[43.57424,26.04425],[43.5671,26.04901],[43.57356,26.0506],[43.57597,26.05708],[43.57113,26.05813],[43.57445,26.06552],[43.55931,26.06899],[43.55982,26.08065],[43.54292,26.07606],[43.5459,26.06497],[43.52258,26.06335],[43.52281,26.05873],[43.54757,26.05895],[43.55371,26.04454],[43.54269,26.04082],[43.54614,26.0347],[43.55568,26.02951],[43.56436,26.03557]]]},"properties":{"city_id":2467,"region_id":4,"name_en":"Riyad Al Khabra","name_ar":"رياض الخبراء","district_count":10}},
{"type":"Feature","geometry":{"type":"MultiPolygon","coordinates":[[[[43.6666,25.90907],[43.66814,25.90773],[43.68111,25.91887],[43.67989,25.92218],[43.68424,25.92903],[43.68106,25.93485],[43.66937,25.9302],[43.66348,25.92195],[43.66402,25.91808],[43.66746,25.91714],[43.66281,25.91286],[43.6666,25.90907]]],[[[43.70174,25.96674],[43.6971,25.96961],[43.69347,25.9665],[43.69254,25.96389],[43.69554,25.96017],[43.69119,25.95821],[43.69518,25.95406],[43.70555,25.95943],[43.73263,25.98137],[43.73636,25.96422],[43.74919,25.9752],[43.75589,25.97766],[43.75491,25.98249],[43.75736,25.98755],[43.74671,25.99823],[43.75193,26.00368],[43.74939,26.00689],[43.7462,26.0086],[43.73974,26.0016],[43.7382,26.00631],[43.7413,26.0089],[43.73907,26.01112],[43.72661,26.0028],[43.72396,26.00746],[43.71526,26.0074],[43.72218,25.99901],[43.71852,25.99514],[43.72138,25.99248],[43.71088,25.98321],[43.70174,25.96674]]],[[[43.75706,26.02089],[43.76202,26.02338],[43.75946,26.02549],[43.75735,26.02448],[43.75561,26.02314],[43.75706,26.02089]]]]},"properties":{"city_id":2481,"region_id":4,"name_en":"Al Badai'","name_ar":"البدائع","district_count":18}},
{"type":"Feature","geometry":{"type":"Polygon","coordinates":[[[43.60837,26.05219],[43.60856,26.05389],[43.62329,26.05203],[43.6295,26.05695],[43.63131,26.0531],[43.6325,26.0556],[43.63635,26.05595],[43.6332,26.05677],[43.6347,26.06024],[43.65643,26.0536],[43.66193,26.06353],[43.65323,26.0679],[43.64492,26.06638],[43.63984,26.06863],[43.64511,26.07305],[43.64807,26.08452],[43.64995,26.08518],[43.64997,26.09169],[43.64258,26.09666],[43.64102,26.07968],[43.63729,26.07389],[43.63087,26.07779],[43.63199,26.08202],[43.61467,26.09068],[43.61333,26.08419],[43.59466,26.08509],[43.59433,26.0785],[43.60142,26.07623],[43.60026,26.07125],[43.59586,26.06973],[43.60123,26.05835],[43.60149,26.05513],[43.59796,26.0553],[43.59813,26.05174],[43.60808,26.05077],[43.60837,26.05219]]]},"properties":{"city_id":2486,"region_id":4,"name_en":"Al Khabra'","name_ar":"الخبراء","district_count":14}},
{"type":"Feature","geometry":{"type":"Polygon","coordinates":[[[42.12828,19.09734],[42.12341,19.09339],[42.11914,19.09279],[42.11904,19.0856],[42.1343,19.08575],[42.13707,19.08202],[42.14044,19.06709],[42.13157,19.05994],[42.13918,19.05513],[42.14213,19.05611],[42.14308,19.05405],[42.14787,19.05701],[42.15572,19.05549],[42.15544,19.05746],[42.16207,19.05988],[42.1676,19.06723],[42.1678,19.07511],[42.17186,19.08058],[42.17138,19.0827],[42.16616,19.08362],[42.17129,19.08808],[42.17169,19.09531],[42.16584,19.11003],[42.16653,19.11242],[42.16826,19.11158],[42.16368,19.14938],[42.15492,19.15875],[42.15344,19.15686],[42.14716,19.15906],[42.14052,19.15711],[42.13334,19.16279],[42.12782,19.16089],[42.11548,19.16756],[42.11151,19.16308],[42.11109,19.15115],[42.11867,19.145],[42.1137,19.14326],[42.12123,19.13259],[42.12161,19.117],[42.11963,19.11454],[42.12311,19.10697],[42.1211,19.10474],[42.12318,19.10248],[42.12675,19.10492],[42.12617,19.10196],[42.13007,19.09724],[42.12828,19.09734]]]},"properties":{"city_id":2519,"region_id":6,"name_en":"An Namas","name_ar":"النماص","district_count":16}},
{"type":"Feature","geometry":{"type":"MultiPolygon","coordinates":[[[[44.225,18.50411],[44.23441,18.504],[44.22652,18.51294],[44.21816,18.5151],[44.21466,18.51367],[44.21836,18.50659],[44.225,18.50411]]],[[[44.20853,18.52289],[44.2143,18.51816],[44.21865,18.5233],[44.21239,18.52856],[44.21451,18.53312],[44.22065,18.53711],[44.21517,18.54332],[44.20277,18.5348],[44.20518,18.52353],[44.20853,18.52289]]]]},"properties":{"city_id":2522,"region_id":11,"name_en":"Yadamah","name_ar":"يدمة","district_count":5}},
{"type":"Feature","geometry":{"type":"Polygon","coordinates":[[[50.06648,26.69893],[50.07606,26.70326],[50.07427,26.70675],[50.07755,26.70822],[50.08754,26.69925],[50.10066,26.70836],[50.08736,26.71458],[50.0746,26.72397],[50.0706,26.73321],[50.05904,26.74709],[50.04898,26.7339],[50.07148,26.71379],[50.06711,26.7133],[50.06315,26.71779],[50.0498,26.71231],[50.04282,26.72426],[50.03509,26.72146],[50.04641,26.70382],[50.04006,26.70121],[50.04407,26.69435],[50.06846,26.69507],[50.06648,26.69893]]]},"properties":{"city_id":2590,"region_id":5,"name_en":"Ras Tannurah","name_ar":"راس تنورة","district_count":10}},
{"type":"Feature","geometry":{"type":"Polygon","coordinates":[[[43.64712,26.12582],[43.64312,26.10275],[43.6572,26.10624],[43.65707,26.10428],[43.66242,26.10337],[43.6612,26.09642],[43.66333,26.09157],[43.67027,26.09016],[43.66859,26.09436],[43.67158,26.09493],[43.67435,26.10713],[43.67294,26.11132],[43.65726,26.10626],[43.65691,26.11458],[43.66048,26.12123],[43.66073,26.12208],[43.66127,26.12485],[43.66136,26.1254],[43.66142,26.12567],[43.65145,26.12583],[43.65094,26.12583],[43.64712,26.12582]]]},"properties":{"city_id":2629,"region_id":4,"name_en":"Al Hilaliyah","name_ar":"الهلالية","district_count":2}},
{"type":"Feature","geometry":{"type":"MultiPolygon","coordinates":[[[[43.66142,26.12567],[43.66143,26.12567],[43.66332,26.12561],[43.67608,26.12255],[43.67607,26.11802],[43.68355,26.11976],[43.68016,26.12276],[43.68583,26.12882],[43.68132,26.13091],[43.67349,26.14457],[43.68009,26.14982],[43.66031,26.16242],[43.68205,26.17723],[43.6775,26.17965],[43.67458,26.17664],[43.65081,26.16908],[43.64202,26.18497],[43.62357,26.17982],[43.60845,26.19519],[43.58622,26.16779],[43.58859,26.1664],[43.58115,26.14012],[43.60088,26.13567],[43.59574,26.1178],[43.60931,26.1132],[43.62044,26.11096],[43.62592,26.12913],[43.64615,26.12429],[43.64712,26.12582],[43.65094,26.12583],[43.65145,26.12583],[43.66142,26.12567]]],[[[43.69867,26.15775],[43.69633,26.15413],[43.6991,26.15234],[43.69337,26.14511],[43.70619,26.14041],[43.71287,26.15178],[43.69867,26.15775]]],[[[43.69662,26.17932],[43.6953,26.17793],[43.69961,26.16907],[43.70648,26.17584],[43.69987,26.18264],[43.69662,26.17932]]]]},"properties":{"city_id":2630,"region_id":4,"name_en":"Al Bukayriyah","name_ar":"البكيرية","district_count":22}},
{"type":"Feature","geometry":{"type":"Polygon","coordinates":[[[48.96592,23.29338],[48.96639,23.29847],[48.96594,23.29358],[48.97886,23.29255],[48.9806,23.30565],[48.97854,23.30821],[48.97917,23.31239],[48.9698,23.31347],[48.9625,23.31036],[48.96161,23.28957],[48.96517,23.28936],[48.96592,23.29338]]]},"properties":{"city_id":2643,"region_id":5,"name_en":"Yabrin / Jabrin","name_ar":"يبرين","district_count":7}},
{"type":"Feature","geometry":{"type":"MultiPolygon","coordinates":[[[[49.63949,25.38473],[49.64013,25.38755],[49.64689,25.3884],[49.64689,25.39266],[49.64107,25.39221],[49.63467,25.38627],[49.63564,25.38571],[49.63485,25.38508],[49.63708,25.3849],[49.63949,25.38473]]],[[[49.67342,25.40186],[49.6699,25.40011],[49.67162,25.39711],[49.67431,25.3989],[49.67342,25.40186]]],[[[49.67326,25.42634],[49.67233,25.41812],[49.66793,25.41745],[49.67547,25.4164],[49.67617,25.40794],[49.68048,25.4072],[49.68231,25.40114],[49.68043,25.39855],[49.68369,25.39621],[49.68522,25.40065],[49.69441,25.40094],[49.69377,25.41055],[49.70359,25.41283],[49.70693,25.40188],[49.71086,25.39795],[49.71687,25.40117],[49.71701,25.40361],[49.71414,25.40483],[49.71436,25.41176],[49.72008,25.41123],[49.72373,25.41411],[49.7282,25.41128],[49.7212,25.40783],[49.72062,25.40306],[49.72479,25.40006],[49.7292,25.40178],[49.73037,25.40239],[49.73893,25.40849],[49.73398,25.41176],[49.7342,25.41846],[49.72646,25.41872],[49.72877,25.42215],[49.72665,25.42394],[49.72276,25.42304],[49.70911,25.42913],[49.7093,25.42554],[49.70356,25.42485],[49.70194,25.42813],[49.70436,25.42925],[49.70369,25.43142],[49.69168,25.42672],[49.6817,25.43743],[49.67889,25.42968],[49.6754,25.4297],[49.67537,25.42671],[49.67326,25.42634]]],[[[49.64447,25.40125],[49.65015,25.39818],[49.65775,25.40548],[49.6578,25.40397],[49.66741,25.40445],[49.66818,25.40787],[49.6612,25.41122],[49.65896,25.40787],[49.64682,25.40615],[49.64685,25.40605],[49.64447,25.40125]]],[[[49.62413,25.43018],[49.62369,25.43172],[49.62862,25.43195],[49.62918,25.42563],[49.63258,25.42774],[49.63162,25.43048],[49.63453,25.43102],[49.63328,25.43349],[49.63593,25.43527],[49.63305,25.44169],[49.62485,25.43987],[49.62136,25.4318],[49.62413,25.43018]]]]},"properties":{"city_id":2653,"region_id":5,"name_en":"Al Umran","name_ar":"العمران","district_count":32}},
{"type":"Feature","geometry":{"type":"MultiPolygon","coordinates":[[[[49.62997,25.39223],[49.64447,25.40125],[49.64685,25.40605],[49.64682,25.40615],[49.64084,25.40641],[49.63135,25.41563],[49.62457,25.42383],[49.62413,25.43018],[49.62136,25.4318],[49.62485,25.43987],[49.63304,25.45218],[49.63217,25.45378],[49.63794,25.45517],[49.63652,25.45995],[49.6324,25.47509],[49.63313,25.48777],[49.62943,25.49307],[49.62466,25.49393],[49.61874,25.48835],[49.61837,25.48257],[49.61208,25.48255],[49.6119,25.47888],[49.58776,25.47651],[49.58263,25.47668],[49.58066,25.47964],[49.58049,25.47946],[49.57806,25.47453],[49.57573,25.47587],[49.57452,25.47398],[49.55848,25.47243],[49.55825,25.47232],[49.55385,25.47864],[49.55384,25.47864],[49.55016,25.48616],[49.51885,25.4858],[49.50938,25.4791],[49.50938,25.47046],[49.49663,25.4704],[49.4992,25.4406],[49.5064,25.4279],[49.52736,25.42807],[49.52738,25.42081],[49.53336,25.41846],[49.53309,25.41066],[49.52924,25.40845],[49.53071,25.39061],[49.52556,25.37883],[49.5249,25.35333],[49.53505,25.35429],[49.54757,25.37289],[49.56474,25.38131],[49.5717,25.38867],[49.58149,25.39363],[49.59538,25.39521],[49.6067,25.39402],[49.61469,25.38887],[49.62997,25.39223]]],[[[49.48117,25.41515],[49.48012,25.418],[49.45744,25.40935],[49.45902,25.40159],[49.48503,25.40032],[49.48117,25.41515]]]]},"properties":{"city_id":2748,"region_id":5,"name_en":"Al Mubarraz","name_ar":"المبرز","district_count":53}},
{"type":"Feature","geometry":{"type":"Polygon","coordinates":[[[49.69698,25.27637],[49.7201,25.2785],[49.75887,25.27748],[49.78193,25.28609],[49.78259,25.33626],[49.81719,25.33639],[49.82024,25.37806],[49.8111,25.3739],[49.79985,25.3724],[49.80015,25.39296],[49.78313,25.39302],[49.78303,25.38362],[49.77564,25.38359],[49.77565,25.39454],[49.7638,25.39986],[49.7659,25.39631],[49.76319,25.39328],[49.74504,25.39362],[49.74262,25.38542],[49.7406,25.38489],[49.74186,25.38259],[49.75394,25.38189],[49.75615,25.37226],[49.72932,25.37128],[49.72509,25.37372],[49.72755,25.3755],[49.7344,25.37459],[49.73019,25.38183],[49.72371,25.3816],[49.72482,25.38691],[49.73135,25.38782],[49.7318,25.39338],[49.73516,25.39413],[49.73459,25.39667],[49.73641,25.39715],[49.73519,25.40108],[49.73114,25.39993],[49.73037,25.40239],[49.7292,25.40178],[49.73141,25.39679],[49.7256,25.39254],[49.71729,25.39205],[49.72058,25.38623],[49.71436,25.38218],[49.71545,25.37793],[49.7083,25.37686],[49.711,25.37445],[49.71947,25.3745],[49.72312,25.37104],[49.72281,25.36653],[49.71841,25.36215],[49.71748,25.35315],[49.69723,25.35185],[49.69347,25.35657],[49.69072,25.35555],[49.69057,25.36232],[49.68407,25.36235],[49.67805,25.36538],[49.67866,25.36931],[49.68396,25.37013],[49.68651,25.37546],[49.7,25.37632],[49.70026,25.37936],[49.70505,25.3799],[49.70552,25.38527],[49.70745,25.38563],[49.70636,25.39021],[49.69317,25.38812],[49.68973,25.39061],[49.68427,25.39047],[49.67774,25.38808],[49.67512,25.39539],[49.67291,25.39423],[49.66825,25.39632],[49.65525,25.39269],[49.65374,25.38877],[49.65591,25.38195],[49.64944,25.38055],[49.6516,25.37397],[49.66918,25.37343],[49.67025,25.36072],[49.6671,25.3592],[49.66985,25.35198],[49.67708,25.35214],[49.6868,25.30796],[49.67961,25.28254],[49.69698,25.27637]]]},"properties":{"city_id":2764,"region_id":5,"name_en":"Al Jafr","name_ar":"الجفر","district_count":61}},
{"type":"Feature","geometry":{"type":"Polygon","coordinates":[[[44.25865,26.3037],[44.26517,26.30578],[44.26574,26.30345],[44.2705,26.30431],[44.27014,26.30715],[44.273,26.30983],[44.26967,26.32204],[44.27209,26.32475],[44.26282,26.3402],[44.24956,26.33779],[44.24628,26.34485],[44.24131,26.34285],[44.24442,26.33547],[44.22392,26.32532],[44.22658,26.31905],[44.22989,26.31903],[44.23824,26.29963],[44.25112,26.30224],[44.2547,26.2877],[44.26164,26.28903],[44.25865,26.3037]]]},"properties":{"city_id":2777,"region_id":4,"name_en":"Ash Shimasiyah","name_ar":"الشماسية","district_count":18}},
{"type":"Feature","geometry":{"type":"MultiPolygon","coordinates":[[[[42.78887,21.21852],[42.79759,21.22792],[42.79214,21.23229],[42.79107,21.23067],[42.78923,21.23211],[42.78742,21.22893],[42.78302,21.23052],[42.78112,21.22845],[42.78346,21.22668],[42.78327,21.21996],[42.78887,21.21852]]],[[[42.84629,21.24423],[42.85933,21.24247],[42.85831,21.24913],[42.85628,21.24951],[42.85717,21.26156],[42.84407,21.26263],[42.84508,21.27282],[42.83842,21.27377],[42.83921,21.26868],[42.82759,21.26903],[42.82493,21.27158],[42.81984,21.26718],[42.82494,21.26205],[42.82991,21.26631],[42.83816,21.25621],[42.83903,21.25169],[42.83288,21.25167],[42.83093,21.25493],[42.82762,21.25357],[42.8195,21.255],[42.81852,21.25686],[42.81111,21.25524],[42.81297,21.24401],[42.82806,21.24728],[42.84629,21.24423]]],[[[42.80978,21.25845],[42.80866,21.2617],[42.80334,21.26395],[42.79977,21.25866],[42.79518,21.25976],[42.79031,21.25803],[42.79235,21.25144],[42.802,21.24558],[42.80978,21.25845]]],[[[42.81777,21.27736],[42.82452,21.28083],[42.81852,21.28835],[42.81262,21.28435],[42.81777,21.27736]]],[[[42.85338,21.22761],[42.85168,21.23596],[42.84883,21.23859],[42.84347,21.23902],[42.84024,21.22747],[42.83833,21.22728],[42.83909,21.22015],[42.84611,21.22093],[42.84676,21.21822],[42.86159,21.22087],[42.86004,21.2287],[42.85338,21.22761]]],[[[42.88431,21.27445],[42.88477,21.27306],[42.89349,21.27641],[42.89062,21.2852],[42.88164,21.28263],[42.88431,21.27445]]]]},"properties":{"city_id":2800,"region_id":2,"name_en":"Ranyah","name_ar":"رنية","district_count":20}},
{"type":"Feature","geometry":{"type":"MultiPolygon","coordinates":[[[[41.67437,20.25085],[41.67532,20.25926],[41.67252,20.25949],[41.66765,20.25727],[41.66325,20.25081],[41.66053,20.253],[41.65509,20.24848],[41.65176,20.25202],[41.63705,20.24071],[41.62977,20.23232],[41.64274,20.22645],[41.64901,20.2296],[41.65356,20.22918],[41.65882,20.23165],[41.65796,20.23473],[41.66283,20.23718],[41.66515,20.24267],[41.66838,20.24212],[41.66695,20.24422],[41.6744,20.24391],[41.67437,20.25085]]],[[[41.66643,20.29451],[41.65784,20.29243],[41.64607,20.28602],[41.64316,20.28692],[41.64039,20.28046],[41.65123,20.28373],[41.66038,20.27626],[41.66751,20.28524],[41.66838,20.29429],[41.66643,20.29451]]]]},"properties":{"city_id":2819,"region_id":12,"name_en":"Al Aqiq","name_ar":"العقيق","district_count":2}},
{"type":"Feature","geometry":{"type":"Polygon","coordinates":[[[42.39844,18.32426],[42.39115,18.34464],[42.38293,18.35549],[42.38204,18.36295],[42.38561,18.37284],[42.38111,18.37347],[42.37727,18.36996],[42.37057,18.36843],[42.36577,18.36178],[42.3704,18.35813],[42.37197,18.35301],[42.37704,18.34982],[42.37534,18.34611],[42.36876,18.34543],[42.35466,18.34932],[42.34397,18.34295],[42.34123,18.33815],[42.33873,18.33873],[42.33765,18.32433],[42.34134,18.31969],[42.36313,18.32745],[42.37994,18.32049],[42.39339,18.32469],[42.39844,18.32426]]]},"properties":{"city_id":2968,"region_id":6,"name_en":"Tabab","name_ar":"طبب","district_count":1}},
{"type":"Feature","geometry":{"type":"MultiPolygon","coordinates":[[[[42.19023,25.81916],[42.20416,25.81719],[42.22103,25.82122],[42.2122,25.83109],[42.19921,25.83341],[42.19598,25.836],[42.19497,25.83354],[42.17484,25.8404],[42.17188,25.83102],[42.16863,25.83097],[42.16965,25.82153],[42.19023,25.81916]]],[[[42.24296,25.845],[42.22629,25.8374],[42.22774,25.83477],[42.23418,25.83765],[42.23578,25.8348],[42.25959,25.84529],[42.25669,25.85112],[42.24296,25.845]]]]},"properties":{"city_id":2988,"region_id":4,"name_en":"Uqlat As Suqur","name_ar":"عقلة الصقور","district_count":22}},
{"type":"Feature","geometry":{"type":"MultiPolygon","coordinates":[[[[42.9238,25.41094],[42.9255,25.41637],[42.92334,25.41844],[42.9068,25.41416],[42.90666,25.41196],[42.91163,25.41061],[42.91157,25.40728],[42.92477,25.39959],[42.92565,25.41048],[42.9238,25.41094]]],[[[42.87941,25.4168],[42.88648,25.41641],[42.88975,25.42361],[42.87524,25.42624],[42.87312,25.41873],[42.87941,25.4168]]],[[[42.85698,25.44252],[42.8577,25.44733],[42.85418,25.44776],[42.85347,25.44295],[42.85698,25.44252]]]]},"properties":{"city_id":3030,"region_id":4,"name_en":"An Nabhaniyah","name_ar":"النبهانية","district_count":4}},
{"type":"Feature","geometry":{"type":"MultiPolygon","coordinates":[[[[42.91129,24.70651],[42.91163,24.7],[42.93077,24.70013],[42.93071,24.69631],[42.93841,24.69635],[42.93676,24.70665],[42.94517,24.70174],[42.95359,24.70459],[42.94499,24.71253],[42.94424,24.71139],[42.93743,24.71246],[42.93589,24.71022],[42.93743,24.71247],[42.94424,24.71139],[42.94463,24.71481],[42.93493,24.71702],[42.93527,24.72193],[42.92829,24.7288],[42.91768,24.72883],[42.91105,24.71175],[42.90399,24.71235],[42.9041,24.70639],[42.91129,24.70651]]],[[[42.9576,24.70196],[42.96019,24.70499],[42.95863,24.70612],[42.95597,24.70309],[42.9576,24.70196]]],[[[42.95827,24.7434],[42.95437,24.74587],[42.95076,24.74077],[42.9549,24.7383],[42.95827,24.7434]]]]},"properties":{"city_id":3151,"region_id":4,"name_en":"Dariyah","name_ar":"ضرية","district_count":18}},
{"type":"Feature","geometry":{"type":"Polygon","coordinates":[[[46.51907,23.61481],[46.53373,23.61207],[46.53924,23.61237],[46.54091,23.61474],[46.54796,23.61392],[46.54545,23.61722],[46.54613,23.62214],[46.53965,23.62239],[46.53946,23.61521],[46.52889,23.62674],[46.53057,23.63063],[46.52858,23.63141],[46.5277,23.63913],[46.52133,23.62881],[46.51482,23.62758],[46.50936,23.64628],[46.50003,23.65012],[46.49738,23.63995],[46.50319,23.62494],[46.4675,23.61759],[46.4754,23.60045],[46.51374,23.60859],[46.51851,23.61188],[46.51907,23.61481]]]},"properties":{"city_id":3158,"region_id":1,"name_en":"Al Hariq","name_ar":"الحريق","district_count":6}},
{"type":"Feature","geometry":{"type":"Polygon","coordinates":[[[46.85248,23.482],[46.8579,23.47833],[46.85687,23.4886],[46.87202,23.48472],[46.86991,23.47763],[46.87156,23.47388],[46.87462,23.47286],[46.87119,23.46267],[46.87641,23.46038],[46.88662,23.49104],[46.89025,23.48999],[46.89194,23.49489],[46.887,23.49701],[46.89543,23.50239],[46.89825,23.49877],[46.90583,23.49649],[46.91046,23.50838],[46.8911,23.50768],[46.89219,23.50665],[46.88078,23.49938],[46.87007,23.5032],[46.87478,23.50673],[46.86838,23.50705],[46.86548,23.5018],[46.86917,23.50077],[46.86772,23.49646],[46.85931,23.49904],[46.85748,23.50194],[46.86147,23.50399],[46.83993,23.52081],[46.83883,23.5297],[46.84127,23.53893],[46.84955,23.54896],[46.84457,23.55239],[46.83955,23.5517],[46.83077,23.5448],[46.82126,23.53378],[46.82505,23.51665],[46.82158,23.51666],[46.82207,23.51357],[46.82902,23.51527],[46.82975,23.51338],[46.82008,23.5024],[46.82051,23.50038],[46.80292,23.50578],[46.8016,23.50205],[46.79693,23.5077],[46.80129,23.51603],[46.79915,23.5245],[46.79424,23.52983],[46.78856,23.52419],[46.79102,23.52107],[46.79205,23.5033],[46.80057,23.49516],[46.82167,23.49318],[46.83253,23.50001],[46.83624,23.49682],[46.83507,23.50294],[46.84036,23.50833],[46.84542,23.50865],[46.84936,23.5064],[46.8531,23.49812],[46.85186,23.4916],[46.84677,23.48028],[46.82391,23.46383],[46.82839,23.45704],[46.84645,23.47136],[46.84838,23.46982],[46.85187,23.4736],[46.85032,23.47463],[46.85248,23.482]]]},"properties":{"city_id":3161,"region_id":1,"name_en":"Hawtat Bani Tamim","name_ar":"حوطة بني تميم","district_count":15}},
{"type":"Feature","geometry":{"type":"Polygon","coordinates":[[[46.8049,23.44687],[46.81715,23.45855],[46.78945,23.44726],[46.78678,23.44206],[46.78753,23.43719],[46.79279,23.43605],[46.79261,23.43294],[46.80019,23.4384],[46.8049,23.44687]]]},"properties":{"city_id":3165,"region_id":1,"name_en":"Al Hilwah","name_ar":"الحلوة","district_count":2}},
{"type":"Feature","geometry":{"type":"MultiPolygon","coordinates":[[[[46.71877,22.27329],[46.72679,22.27023],[46.73482,22.27303],[46.74324,22.26839],[46.74563,22.27335],[46.743,22.27524],[46.74686,22.2807],[46.74159,22.28306],[46.74241,22.28801],[46.73727,22.2917],[46.74029,22.30069],[46.73126,22.30192],[46.72808,22.31398],[46.72987,22.32951],[46.71499,22.33122],[46.71205,22.31173],[46.69921,22.31423],[46.69548,22.29788],[46.70102,22.29128],[46.70691,22.28878],[46.69536,22.26563],[46.71456,22.26516],[46.71877,22.27329]]],[[[46.77244,22.28801],[46.78254,22.28905],[46.7818,22.29611],[46.77162,22.29505],[46.77244,22.28801]]]]},"properties":{"city_id":3174,"region_id":1,"name_en":"Layla","name_ar":"ليلى","district_count":12}},
{"type":"Feature","geometry":{"type":"MultiPolygon","coordinates":[[[[42.17697,18.90162],[42.18589,18.8993],[42.19126,18.90314],[42.19709,18.90418],[42.19744,18.90233],[42.193,18.89009],[42.17993,18.86955],[42.17905,18.86693],[42.18195,18.86384],[42.18551,18.86933],[42.19202,18.87198],[42.19231,18.8759],[42.1967,18.87489],[42.20076,18.87701],[42.20366,18.89205],[42.21025,18.90156],[42.21191,18.91154],[42.23528,18.93623],[42.23684,18.95072],[42.22686,18.95754],[42.20823,18.96292],[42.20302,18.96059],[42.19324,18.94903],[42.18749,18.94884],[42.188,18.95407],[42.18046,18.95763],[42.17397,18.96685],[42.16572,18.96906],[42.15318,18.9881],[42.1541,18.99105],[42.15,18.99233],[42.1414,18.98888],[42.14401,18.98034],[42.15231,18.97258],[42.15314,18.96803],[42.14787,18.9673],[42.15629,18.95951],[42.15479,18.95749],[42.1594,18.94851],[42.15227,18.93832],[42.15401,18.92766],[42.15776,18.92645],[42.15354,18.91939],[42.15911,18.90927],[42.17261,18.90654],[42.17697,18.90162]]],[[[42.24391,18.93409],[42.23437,18.92713],[42.23494,18.92291],[42.24034,18.91923],[42.24924,18.92608],[42.24853,18.93044],[42.24391,18.93409]]]]},"properties":{"city_id":3273,"region_id":6,"name_en":"Tanumah","name_ar":"تنومة","district_count":12}},
{"type":"Feature","geometry":{"type":"Polygon","coordinates":[[[42.25478,18.74164],[42.26118,18.74172],[42.26585,18.74599],[42.28959,18.74521],[42.28918,18.77348],[42.28781,18.77169],[42.28203,18.77533],[42.27609,18.7726],[42.27415,18.78332],[42.27043,18.78385],[42.26896,18.78736],[42.26553,18.78727],[42.26205,18.79914],[42.26677,18.81358],[42.26964,18.81581],[42.27006,18.82527],[42.26002,18.82436],[42.25342,18.8055],[42.25141,18.80493],[42.2488,18.80701],[42.24845,18.81365],[42.23944,18.82198],[42.2363,18.82075],[42.2373,18.7569],[42.24069,18.74918],[42.24343,18.74884],[42.24527,18.74155],[42.25478,18.74164]]]},"properties":{"city_id":3275,"region_id":6,"name_en":"Billasmar","name_ar":"بللسمر","district_count":16}},
{"type":"Feature","geometry":{"type":"MultiPolygon","coordinates":[[[[43.09968,18.08111],[43.09929,18.07717],[43.10205,18.07687],[43.10702,18.08077],[43.09968,18.08111]]],[[[43.13915,18.0757],[43.14379,18.07578],[43.14562,18.08253],[43.14865,18.08138],[43.14624,18.08601],[43.13355,18.09646],[43.12005,18.09397],[43.12853,18.08633],[43.12634,18.08457],[43.1287,18.07565],[43.13915,18.0757]]]]},"properties":{"city_id":3328,"region_id":6,"name_en":"Sarat Abidah","name_ar":"سراة عبيدة","district_count":7}},
{"type":"Feature","geometry":{"type":"Polygon","coordinates":[[[47.10778,17.47559],[47.1164,17.47651],[47.11405,17.486],[47.12295,17.48563],[47.12322,17.49113],[47.10801,17.49343],[47.10838,17.49988],[47.11198,17.49971],[47.11069,17.50769],[47.10799,17.50782],[47.10319,17.51267],[47.08767,17.50754],[47.08285,17.51066],[47.05182,17.49425],[47.06146,17.47581],[47.07252,17.4723],[47.07524,17.48037],[47.09567,17.47206],[47.09643,17.47436],[47.10778,17.47559]]]},"properties":{"city_id":3347,"region_id":11,"name_en":"Sharurah","name_ar":"شرورة","district_count":12}},
{"type":"Feature","geometry":{"type":"MultiPolygon","coordinates":[[[[43.53252,17.65838],[43.52919,17.6632],[43.51988,17.65756],[43.52561,17.65459],[43.52988,17.65851],[43.53195,17.6554],[43.53252,17.65838]]],[[[43.51104,17.66404],[43.51617,17.66937],[43.51402,17.67536],[43.51046,17.67665],[43.50779,17.66938],[43.50388,17.66792],[43.4997,17.66033],[43.49328,17.66081],[43.48959,17.65887],[43.49794,17.6577],[43.50344,17.66075],[43.5091,17.65587],[43.51625,17.66155],[43.51104,17.66404]]]]},"properties":{"city_id":3381,"region_id":6,"name_en":"Dhahran Al Janub","name_ar":"ظهران الجنوب","district_count":3}},
{"type":"Feature","geometry":{"type":"Polygon","coordinates":[[[43.36627,17.95528],[43.36294,17.9618],[43.35767,17.95981],[43.35478,17.95562],[43.34219,17.95573],[43.32944,17.95271],[43.32147,17.94332],[43.30368,17.94106],[43.30599,17.938],[43.31135,17.93817],[43.32944,17.94204],[43.33451,17.94515],[43.33793,17.94195],[43.33792,17.93894],[43.34422,17.9405],[43.34865,17.93317],[43.36878,17.93313],[43.37028,17.94713],[43.36627,17.95528]]]},"properties":{"city_id":3383,"region_id":6,"name_en":"Al Harajah","name_ar":"الحرجة","district_count":1}},
{"type":"Feature","geometry":{"type":"Polygon","coordinates":[[[44.02619,17.8565],[44.01865,17.85248],[44.01584,17.84586],[44.00929,17.84573],[44.00968,17.83827],[44.02091,17.84728],[44.03312,17.85017],[44.03266,17.85592],[44.02619,17.8565]]]},"properties":{"city_id":3396,"region_id":11,"name_en":"Hubuna","name_ar":"حبونا","district_count":1}},
{"type":"Feature","geometry":{"type":"Polygon","coordinates":[[[44.12749,17.43479],[44.12994,17.43902],[44.1424,17.44334],[44.16011,17.45352],[44.17531,17.45705],[44.18171,17.45379],[44.19982,17.45183],[44.21865,17.45589],[44.21959,17.46367],[44.22246,17.46698],[44.23684,17.45396],[44.24111,17.45751],[44.24078,17.46863],[44.24303,17.46997],[44.24893,17.46167],[44.25783,17.46196],[44.25857,17.46557],[44.26279,17.4686],[44.25947,17.47571],[44.26578,17.48082],[44.2637,17.49516],[44.26973,17.50252],[44.27974,17.4956],[44.28716,17.50266],[44.29445,17.49841],[44.29922,17.49869],[44.30022,17.49732],[44.29714,17.49689],[44.29697,17.48995],[44.30349,17.49038],[44.3045,17.49966],[44.30874,17.49975],[44.32114,17.48938],[44.32499,17.48876],[44.32633,17.48327],[44.33315,17.48509],[44.33964,17.48374],[44.34269,17.49219],[44.34457,17.48745],[44.34788,17.48641],[44.35127,17.49042],[44.36426,17.49057],[44.36608,17.50905],[44.36897,17.50976],[44.36323,17.51591],[44.37707,17.51854],[44.37214,17.53319],[44.38672,17.53428],[44.39007,17.53105],[44.40429,17.53143],[44.40953,17.53251],[44.40943,17.53541],[44.42958,17.54146],[44.433,17.53797],[44.44495,17.54787],[44.4439,17.55107],[44.45814,17.55155],[44.46095,17.53927],[44.47367,17.52735],[44.49882,17.52231],[44.5763,17.52175],[44.61435,17.51845],[44.68587,17.52027],[44.68678,17.53797],[44.64051,17.54004],[44.57719,17.53832],[44.57846,17.56417],[44.57322,17.56426],[44.57394,17.57835],[44.56782,17.57752],[44.5679,17.58681],[44.56125,17.60815],[44.55487,17.661],[44.55036,17.67053],[44.55429,17.67189],[44.53473,17.75043],[44.50747,17.73635],[44.51104,17.72446],[44.50225,17.71996],[44.49,17.73563],[44.49113,17.75774],[44.48338,17.75771],[44.48295,17.78204],[44.43359,17.78072],[44.4346,17.76903],[44.43233,17.76901],[44.43248,17.75507],[44.43704,17.75512],[44.43716,17.73939],[44.42358,17.73935],[44.42363,17.72305],[44.43415,17.72274],[44.43485,17.68163],[44.45738,17.68085],[44.45742,17.66434],[44.44689,17.66951],[44.36756,17.62265],[44.35096,17.61413],[44.3477,17.61444],[44.34207,17.60795],[44.33258,17.60394],[44.3158,17.62732],[44.27517,17.61272],[44.28012,17.59443],[44.27735,17.5687],[44.27385,17.56789],[44.25434,17.58845],[44.25811,17.59307],[44.25803,17.59668],[44.25149,17.60863],[44.24961,17.60651],[44.25013,17.60115],[44.2462,17.59905],[44.24745,17.60223],[44.2434,17.60149],[44.2368,17.611],[44.22701,17.61342],[44.22252,17.60879],[44.23405,17.59833],[44.22308,17.59806],[44.20363,17.57484],[44.20652,17.56526],[44.2205,17.55069],[44.21545,17.54736],[44.21036,17.53953],[44.19566,17.53493],[44.192,17.5423],[44.1871,17.54597],[44.17963,17.52846],[44.15394,17.53177],[44.13368,17.5203],[44.10845,17.51432],[44.09016,17.5002],[44.08209,17.50073],[44.07733,17.49069],[44.04485,17.47135],[44.06099,17.45676],[44.02451,17.42656],[44.03012,17.41342],[44.05507,17.43018],[44.06406,17.4216],[44.08576,17.44071],[44.09911,17.43793],[44.10507,17.4238],[44.1074,17.40622],[44.12696,17.41029],[44.13291,17.41597],[44.12813,17.42072],[44.12946,17.42522],[44.12749,17.43479]]]},"properties":{"city_id":3417,"region_id":11,"name_en":"Najran","name_ar":"نجران","district_count":73}},
{"type":"Feature","geometry":{"type":"MultiPolygon","coordinates":[[[[42.52804,17.08732],[42.51984,17.08507],[42.51056,17.06695],[42.52455,17.06023],[42.53295,17.07438],[42.52933,17.07646],[42.53344,17.08304],[42.52804,17.08732]]],[[[42.50201,17.08973],[42.4956,17.08664],[42.4969,17.08384],[42.5033,17.08524],[42.50201,17.08973]]],[[[42.53652,17.09657],[42.54537,17.10267],[42.54193,17.11518],[42.53501,17.11336],[42.5356,17.10812],[42.53352,17.10615],[42.5216,17.10205],[42.5224,17.09668],[42.52715,17.09715],[42.52824,17.09348],[42.53084,17.09414],[42.53181,17.09155],[42.53652,17.09657]]],[[[42.4978,17.11211],[42.49142,17.11073],[42.49394,17.09559],[42.50484,17.09724],[42.50388,17.10112],[42.50912,17.10291],[42.49935,17.11085],[42.50323,17.11403],[42.50143,17.11724],[42.49263,17.11621],[42.4978,17.11211]]],[[[42.4739,17.11922],[42.47762,17.11944],[42.47743,17.12239],[42.47371,17.12218],[42.4739,17.11922]]],[[[42.50422,17.12438],[42.50011,17.12424],[42.49971,17.12089],[42.50668,17.1215],[42.50422,17.12438]]],[[[42.48201,17.12272],[42.48089,17.12581],[42.47795,17.12358],[42.47952,17.1215],[42.48201,17.12272]]],[[[42.48748,17.12145],[42.48997,17.12297],[42.48763,17.129],[42.48135,17.1289],[42.48246,17.12459],[42.48748,17.12145]]],[[[42.49758,17.13559],[42.49487,17.13464],[42.49601,17.1307],[42.49375,17.13024],[42.49523,17.12556],[42.50993,17.12897],[42.5096,17.1327],[42.50198,17.13358],[42.50133,17.1362],[42.49758,17.13559]]],[[[42.534,17.13018],[42.53273,17.13287],[42.53649,17.13324],[42.53431,17.1399],[42.52397,17.1392],[42.52511,17.13194],[42.534,17.13018]]],[[[42.46814,17.14719],[42.46188,17.14226],[42.45567,17.149],[42.44058,17.14648],[42.42169,17.14752],[42.42086,17.13785],[42.42747,17.13503],[42.43407,17.13605],[42.43547,17.12804],[42.44428,17.12851],[42.45549,17.13125],[42.45521,17.13399],[42.47308,17.13513],[42.47485,17.13717],[42.47109,17.14867],[42.46814,17.14719]]],[[[42.50478,17.14002],[42.50929,17.13715],[42.5188,17.13948],[42.51804,17.14176],[42.52193,17.14234],[42.52066,17.1486],[42.51859,17.14844],[42.51764,17.15863],[42.50754,17.15548],[42.5086,17.15251],[42.50607,17.15168],[42.50536,17.15366],[42.49447,17.15214],[42.49686,17.1439],[42.51279,17.14201],[42.51039,17.13915],[42.50984,17.14195],[42.50478,17.14002]]],[[[42.49433,17.13725],[42.48797,17.14945],[42.47566,17.14622],[42.48031,17.13267],[42.49139,17.13418],[42.49097,17.13678],[42.49433,17.13725]]],[[[42.45933,17.16312],[42.45668,17.16369],[42.45412,17.1558],[42.45695,17.15342],[42.46407,17.15334],[42.46631,17.15539],[42.4662,17.16053],[42.45933,17.16312]]],[[[42.50403,17.16406],[42.49876,17.16413],[42.49713,17.16038],[42.49219,17.15986],[42.49321,17.15602],[42.50114,17.15495],[42.50535,17.15722],[42.50403,17.16406]]],[[[42.48992,17.17209],[42.48407,17.17523],[42.48334,17.16502],[42.49074,17.16779],[42.49177,17.17051],[42.48992,17.17209]]],[[[42.51255,17.17743],[42.50925,17.17688],[42.51044,17.17254],[42.51696,17.16357],[42.52362,17.16445],[42.52618,17.17269],[42.51998,17.17135],[42.51629,17.17659],[42.51255,17.17743]]],[[[42.48254,17.18826],[42.49023,17.18852],[42.48998,17.19553],[42.48229,17.19527],[42.48254,17.18826]]],[[[42.50469,17.19588],[42.50406,17.19803],[42.4939,17.19815],[42.49526,17.18884],[42.50122,17.18929],[42.5014,17.19278],[42.50469,17.19588]]],[[[42.50897,17.20678],[42.50745,17.20638],[42.51067,17.19643],[42.51945,17.19962],[42.51531,17.20736],[42.50897,17.20678]]],[[[42.47663,17.20467],[42.48493,17.20466],[42.48571,17.21075],[42.47673,17.2132],[42.47663,17.20467]]],[[[42.4684,17.21987],[42.46225,17.22251],[42.4716,17.22486],[42.47335,17.23848],[42.47828,17.23861],[42.47947,17.25075],[42.46851,17.25408],[42.46655,17.24739],[42.46111,17.24624],[42.46114,17.23593],[42.44693,17.23353],[42.44989,17.22008],[42.46073,17.22162],[42.45582,17.21528],[42.46235,17.20613],[42.47213,17.21022],[42.4684,17.21987]]],[[[42.52465,17.21288],[42.53023,17.21054],[42.53653,17.21479],[42.54087,17.22115],[42.52287,17.22762],[42.51812,17.21556],[42.52465,17.21288]]],[[[42.44883,17.26549],[42.44899,17.256],[42.45957,17.25617],[42.45941,17.26565],[42.44883,17.26549]]],[[[42.42743,17.2692],[42.43062,17.25963],[42.43535,17.26012],[42.43427,17.27382],[42.4265,17.27306],[42.42743,17.2692]]],[[[42.58518,17.05225],[42.58066,17.05142],[42.57548,17.04342],[42.57667,17.0425],[42.57082,17.03327],[42.57945,17.02698],[42.58673,17.03389],[42.59,17.03003],[42.5935,17.03319],[42.59173,17.03469],[42.60396,17.04091],[42.60374,17.0453],[42.5987,17.04671],[42.59747,17.04259],[42.59295,17.0422],[42.59274,17.03845],[42.59099,17.03883],[42.58518,17.05225]]],[[[42.58518,17.05225],[42.58293,17.05762],[42.57469,17.05611],[42.5758,17.05053],[42.58371,17.05198],[42.58518,17.05225]]],[[[42.56051,17.07192],[42.55688,17.07269],[42.55549,17.06482],[42.56437,17.05769],[42.56724,17.07102],[42.56051,17.07192]]],[[[42.57134,17.07878],[42.57181,17.07354],[42.577,17.07357],[42.57614,17.07891],[42.57134,17.07878]]],[[[42.5444,17.0831],[42.54104,17.08304],[42.53955,17.07921],[42.55066,17.07441],[42.55169,17.07961],[42.5444,17.0831]]],[[[42.55292,17.08468],[42.55565,17.08207],[42.56019,17.08377],[42.55705,17.0895],[42.55005,17.08855],[42.55292,17.08468]]],[[[42.56643,17.08815],[42.57219,17.0885],[42.57128,17.09515],[42.56843,17.09443],[42.56817,17.10059],[42.56575,17.1009],[42.56166,17.09965],[42.56643,17.08815]]],[[[42.54841,17.10419],[42.57776,17.10726],[42.5833,17.11008],[42.58079,17.11761],[42.58498,17.11973],[42.58327,17.12539],[42.58052,17.12877],[42.57287,17.12702],[42.56996,17.12565],[42.57148,17.11902],[42.565,17.11704],[42.56413,17.12267],[42.56757,17.12373],[42.56728,17.12632],[42.55736,17.12833],[42.55196,17.1207],[42.55252,17.11542],[42.54733,17.1126],[42.54841,17.10419]]],[[[42.53771,17.12139],[42.54414,17.12179],[42.54084,17.12541],[42.53681,17.12385],[42.53771,17.12139]]],[[[42.55277,17.14032],[42.55754,17.14108],[42.55747,17.14457],[42.55189,17.14325],[42.55277,17.14032]]],[[[42.54062,17.14188],[42.54235,17.14211],[42.5413,17.14687],[42.53598,17.14582],[42.54062,17.14188]]],[[[42.56367,17.14324],[42.56952,17.14465],[42.56937,17.14805],[42.57563,17.15176],[42.57551,17.1536],[42.56742,17.15152],[42.56781,17.14846],[42.56199,17.14618],[42.56192,17.14207],[42.56367,17.14324]]],[[[42.55721,17.15427],[42.55895,17.15136],[42.56473,17.15193],[42.56306,17.1568],[42.55721,17.15427]]],[[[42.57152,17.15903],[42.57111,17.15646],[42.57581,17.15523],[42.57545,17.15919],[42.57152,17.15903]]],[[[42.5799,17.15865],[42.57613,17.15953],[42.57815,17.15687],[42.5799,17.15865]]],[[[42.56982,17.16182],[42.57168,17.16258],[42.57086,17.16417],[42.56914,17.16377],[42.56982,17.16182]]],[[[42.54331,17.17222],[42.53867,17.16992],[42.54257,17.16001],[42.5457,17.16118],[42.54614,17.15796],[42.54946,17.15809],[42.55909,17.16198],[42.55541,17.17321],[42.54945,17.17281],[42.54892,17.17603],[42.54386,17.17489],[42.54331,17.17222]]],[[[42.57869,17.1659],[42.5802,17.1725],[42.57865,17.17322],[42.58297,17.17373],[42.58116,17.18167],[42.58707,17.1865],[42.5841,17.19414],[42.5788,17.19361],[42.57498,17.18342],[42.57264,17.18347],[42.57179,17.18093],[42.57763,17.17833],[42.57822,17.1732],[42.57562,17.17263],[42.57382,17.16797],[42.57869,17.1659]]],[[[42.54432,17.19058],[42.5399,17.18986],[42.54407,17.18149],[42.5438,17.17758],[42.55235,17.17819],[42.55175,17.18873],[42.54776,17.18836],[42.54702,17.19161],[42.54432,17.19058]]],[[[42.5624,17.19431],[42.5675,17.19451],[42.56575,17.20296],[42.55338,17.20253],[42.55431,17.19518],[42.5624,17.19431]]],[[[42.56727,17.21193],[42.56218,17.21328],[42.55994,17.21076],[42.56532,17.20868],[42.56727,17.21193]]],[[[42.55157,17.21542],[42.54466,17.21522],[42.5508,17.20928],[42.55366,17.2109],[42.55305,17.21558],[42.55157,17.21542]]],[[[42.55294,17.22001],[42.55007,17.22038],[42.55036,17.21759],[42.55435,17.21995],[42.55294,17.22001]]],[[[42.56391,17.23046],[42.56417,17.23408],[42.55668,17.23557],[42.55024,17.2307],[42.54991,17.22595],[42.55161,17.22649],[42.55378,17.22092],[42.56039,17.22036],[42.55998,17.22197],[42.56298,17.22279],[42.56109,17.2258],[42.56584,17.22678],[42.56335,17.22825],[42.56391,17.23046]]],[[[42.60396,17.04091],[42.60733,17.0342],[42.61415,17.03722],[42.61675,17.03629],[42.61529,17.03261],[42.62913,17.03072],[42.63383,17.04159],[42.62826,17.04298],[42.62871,17.0466],[42.61445,17.04935],[42.61212,17.04133],[42.60396,17.04091]]],[[[42.61366,17.07788],[42.61174,17.07458],[42.62021,17.07411],[42.61954,17.07834],[42.61366,17.07788]]],[[[42.59986,17.07515],[42.6081,17.07687],[42.6072,17.08232],[42.60417,17.08226],[42.60371,17.08418],[42.61779,17.08407],[42.61456,17.09399],[42.62217,17.09433],[42.6218,17.0969],[42.62469,17.09783],[42.62388,17.10362],[42.61561,17.10634],[42.61207,17.10476],[42.61468,17.09824],[42.61086,17.09669],[42.61205,17.0926],[42.60238,17.09028],[42.60353,17.08415],[42.59854,17.08245],[42.59986,17.07515]]],[[[42.59793,17.0944],[42.59766,17.10029],[42.58768,17.09855],[42.58772,17.09498],[42.59793,17.0944]]],[[[42.60546,17.09496],[42.60493,17.10002],[42.61117,17.09812],[42.6105,17.10445],[42.59982,17.10064],[42.60062,17.0944],[42.60546,17.09496]]],[[[42.59407,17.11122],[42.59916,17.11171],[42.59631,17.11765],[42.59025,17.11665],[42.58928,17.11401],[42.58901,17.10993],[42.59085,17.10878],[42.59346,17.10884],[42.59407,17.11122]]],[[[42.60521,17.12677],[42.60145,17.12972],[42.60162,17.12794],[42.59664,17.12611],[42.60131,17.1172],[42.60585,17.12261],[42.60521,17.12677]]],[[[42.5914,17.1334],[42.58844,17.13261],[42.58928,17.12861],[42.58629,17.12822],[42.58833,17.12279],[42.59451,17.12428],[42.59382,17.12738],[42.59598,17.12769],[42.5914,17.1334]]],[[[42.60252,17.13723],[42.60322,17.13409],[42.60837,17.13629],[42.60675,17.14083],[42.60285,17.13977],[42.60252,17.13723]]],[[[42.60158,17.14066],[42.6078,17.14595],[42.60559,17.14589],[42.60531,17.14839],[42.59121,17.14954],[42.59361,17.14078],[42.60158,17.14066]]],[[[42.58575,17.14269],[42.58242,17.14281],[42.58235,17.14079],[42.58772,17.13992],[42.58575,17.14269]]],[[[42.6163,17.1431],[42.62304,17.13844],[42.63064,17.14109],[42.64271,17.13812],[42.64569,17.14094],[42.64496,17.14914],[42.66563,17.15458],[42.6732,17.15337],[42.68355,17.14724],[42.68923,17.15173],[42.68741,17.1565],[42.68113,17.15552],[42.66843,17.15978],[42.66696,17.17775],[42.65207,17.17616],[42.64839,17.17802],[42.6447,17.17733],[42.64447,17.17519],[42.62031,17.17482],[42.6136,17.17285],[42.60948,17.16109],[42.6163,17.1431]]],[[[42.58474,17.15114],[42.58336,17.14823],[42.58827,17.14936],[42.58788,17.15257],[42.5845,17.15256],[42.58474,17.15114]]],[[[42.60377,17.16663],[42.60157,17.16793],[42.60255,17.16537],[42.60377,17.16663]]],[[[42.59618,17.17166],[42.59366,17.17385],[42.58657,17.1729],[42.58499,17.16774],[42.59066,17.16589],[42.59175,17.16818],[42.5983,17.16777],[42.59618,17.17166]]],[[[42.60562,17.2225],[42.59506,17.22259],[42.59473,17.22564],[42.58505,17.22362],[42.58748,17.21425],[42.59031,17.21457],[42.59064,17.21207],[42.59457,17.21256],[42.59739,17.20422],[42.59188,17.20272],[42.59487,17.19852],[42.61182,17.20396],[42.60597,17.21292],[42.60562,17.2225]]],[[[42.60562,17.2225],[42.6343,17.2245],[42.61848,17.2496],[42.59502,17.24986],[42.59563,17.23891],[42.59867,17.23046],[42.60486,17.23083],[42.60562,17.2225]]],[[[42.6313,17.10704],[42.6255,17.10644],[42.62457,17.10962],[42.62049,17.10852],[42.62159,17.10555],[42.62506,17.10634],[42.62774,17.1035],[42.63247,17.10405],[42.6313,17.10704]]],[[[42.65546,17.11004],[42.65511,17.10702],[42.65979,17.10712],[42.67362,17.11457],[42.67959,17.12007],[42.67721,17.1242],[42.66325,17.12092],[42.65502,17.1161],[42.65546,17.11004]]],[[[42.63975,17.11512],[42.6545,17.11839],[42.65102,17.12668],[42.63847,17.12321],[42.63706,17.1211],[42.63517,17.12084],[42.63456,17.12705],[42.62188,17.12262],[42.62508,17.11361],[42.63102,17.11411],[42.63441,17.11145],[42.63975,17.11512]]],[[[42.68255,17.12344],[42.69561,17.13051],[42.69408,17.13591],[42.68493,17.13124],[42.68069,17.12585],[42.68255,17.12344]]],[[[42.63382,17.13573],[42.63484,17.13195],[42.63782,17.13295],[42.63801,17.13702],[42.63413,17.13727],[42.63382,17.13573]]],[[[42.70713,17.1397],[42.7009,17.14005],[42.69851,17.13746],[42.69939,17.13187],[42.70893,17.13361],[42.71033,17.13751],[42.70713,17.1397]]],[[[42.72648,17.13999],[42.72403,17.14518],[42.71916,17.14401],[42.71932,17.1382],[42.72648,17.13999]]],[[[42.70119,17.16167],[42.6954,17.16011],[42.69664,17.15694],[42.70232,17.15796],[42.70119,17.16167]]],[[[42.71349,17.16826],[42.71639,17.16766],[42.71789,17.16325],[42.72349,17.16401],[42.72535,17.16546],[42.72529,17.17208],[42.71349,17.16826]]]]},"properties":{"city_id":3479,"region_id":10,"name_en":"Sabya","name_ar":"صبيا","district_count":134}},
{"type":"Feature","geometry":{"type":"MultiPolygon","coordinates":[[[[42.79253,16.94453],[42.79665,16.94746],[42.79596,16.95027],[42.79057,16.9481],[42.79253,16.94453]]],[[[42.837,16.95337],[42.83911,16.94761],[42.85744,16.94619],[42.86639,16.96305],[42.86453,16.97668],[42.85,16.97204],[42.84284,16.99388],[42.81954,16.98867],[42.81001,16.98282],[42.81008,16.9662],[42.81679,16.95212],[42.82392,16.95409],[42.837,16.95337]]],[[[42.79074,16.97165],[42.79525,16.97196],[42.79719,16.97646],[42.80266,16.97657],[42.79329,16.98172],[42.79371,16.97888],[42.78885,16.97843],[42.79074,16.97165]]],[[[42.79536,16.9944],[42.79771,16.98867],[42.80526,16.98924],[42.80293,16.99651],[42.81075,16.99884],[42.81761,17.00473],[42.83095,17.00497],[42.84361,17.00886],[42.84208,17.01507],[42.82699,17.01172],[42.82749,17.00925],[42.81073,17.00399],[42.80558,17.00855],[42.80507,17.0035],[42.79536,16.9944]]],[[[42.82565,16.9217],[42.83504,16.92178],[42.83362,16.92641],[42.82804,16.9281],[42.82604,16.92763],[42.82565,16.9217]]],[[[42.84017,16.93469],[42.83732,16.93417],[42.83925,16.93123],[42.84275,16.93258],[42.84017,16.93469]]],[[[42.85899,17.01692],[42.8544,17.01544],[42.84088,17.00404],[42.84104,17.00155],[42.84864,17.00373],[42.85092,16.99915],[42.85597,17.00112],[42.8548,17.00424],[42.85777,17.00461],[42.86139,17.00922],[42.85899,17.01692]]]]},"properties":{"city_id":3525,"region_id":10,"name_en":"Abu Arish","name_ar":"ابو عريش","district_count":22}},
{"type":"Feature","geometry":{"type":"MultiPolygon","coordinates":[[[[42.85353,16.54076],[42.86102,16.54062],[42.86092,16.54241],[42.85793,16.54512],[42.85353,16.54076]]],[[[42.95045,16.57133],[42.95539,16.57243],[42.95362,16.57811],[42.94907,16.5801],[42.94172,16.576],[42.94611,16.57076],[42.95045,16.57133]]],[[[42.92778,16.58494],[42.92828,16.58751],[42.93667,16.58908],[42.95782,16.60121],[42.95363,16.61157],[42.94433,16.61118],[42.94373,16.61559],[42.93508,16.61854],[42.90824,16.61001],[42.91131,16.59096],[42.90339,16.5812],[42.90388,16.57629],[42.91639,16.57635],[42.92077,16.57981],[42.92782,16.58127],[42.92778,16.58494]]],[[[42.96119,16.58712],[42.95899,16.58913],[42.95667,16.58714],[42.96087,16.58461],[42.95858,16.58068],[42.96697,16.58584],[42.9746,16.5821],[42.97482,16.59334],[42.97047,16.59618],[42.96227,16.59022],[42.96119,16.58712]]],[[[42.99161,16.61316],[42.98998,16.61317],[42.98952,16.61777],[42.98558,16.61744],[42.98628,16.6133],[42.98482,16.61145],[42.98158,16.6123],[42.9817,16.60818],[42.98965,16.60381],[42.99304,16.60608],[42.99809,16.60352],[42.99629,16.60609],[42.99991,16.60795],[42.99678,16.60863],[42.99675,16.61353],[42.99161,16.61316]]],[[[42.96951,16.62704],[42.96346,16.62446],[42.96412,16.61491],[42.97338,16.62256],[42.96951,16.62704]]],[[[42.89236,16.63824],[42.89063,16.63494],[42.89756,16.6361],[42.8965,16.63923],[42.89236,16.63824]]]]},"properties":{"city_id":3542,"region_id":10,"name_en":"Samtah","name_ar":"صامطة","district_count":9}},
{"type":"Feature","geometry":{"type":"Polygon","coordinates":[[[43.08985,17.033],[43.09254,17.03357],[43.09188,17.03803],[43.08044,17.0491],[43.07785,17.05014],[43.07615,17.04615],[43.07061,17.04275],[43.07142,17.03897],[43.07571,17.03622],[43.07328,17.03054],[43.07513,17.02898],[43.08212,17.02696],[43.08985,17.033]]]},"properties":{"city_id":3597,"region_id":10,"name_en":"Al 'Aridah","name_ar":"العارضة","district_count":3}},
{"type":"Feature","geometry":{"type":"MultiPolygon","coordinates":[[[[42.92955,16.6827],[42.93211,16.68399],[42.93125,16.68896],[42.91927,16.68174],[42.92111,16.67945],[42.92955,16.6827]]],[[[42.94157,16.69957],[42.94634,16.69744],[42.94992,16.69955],[42.95608,16.69791],[42.96575,16.70167],[42.96837,16.70444],[42.96763,16.70926],[42.98379,16.71378],[42.98342,16.72424],[42.96579,16.71891],[42.95335,16.72048],[42.94296,16.71834],[42.93637,16.73741],[42.93287,16.73684],[42.93353,16.73436],[42.92303,16.73227],[42.92378,16.72811],[42.93828,16.72049],[42.93857,16.70942],[42.92838,16.70777],[42.92879,16.69543],[42.93394,16.69143],[42.94157,16.69957]]],[[[42.95578,16.67389],[42.96514,16.67841],[42.96411,16.68099],[42.95392,16.67891],[42.95578,16.67389]]],[[[42.9828,16.68042],[42.98058,16.68671],[42.97268,16.68464],[42.97048,16.67998],[42.9828,16.68042]]]]},"properties":{"city_id":3652,"region_id":10,"name_en":"Ahad Al Musarihah","name_ar":"احد المسارحة","district_count":18}},
{"type":"Feature","geometry":{"type":"Polygon","coordinates":[[[39.13502,22.32221],[39.14472,22.33524],[39.13966,22.33804],[39.14807,22.36523],[39.15875,22.35844],[39.18714,22.39761],[39.19371,22.41558],[39.19411,22.4314],[39.19366,22.43462],[39.17745,22.43284],[39.17126,22.45913],[39.18355,22.46256],[39.18235,22.46817],[39.18636,22.46904],[39.17699,22.49474],[39.16489,22.50976],[39.12693,22.54286],[39.10992,22.56841],[39.07907,22.56164],[39.08019,22.54902],[39.07795,22.53841],[39.08069,22.52488],[39.07677,22.50917],[39.07693,22.49977],[39.0879,22.47391],[39.08946,22.46211],[39.08262,22.4477],[39.08274,22.4383],[39.07545,22.40422],[39.08546,22.3868],[39.0895,22.38795],[39.09639,22.38525],[39.09727,22.37521],[39.09442,22.36425],[39.09692,22.3602],[39.10034,22.36141],[39.10001,22.36634],[39.10476,22.37043],[39.1057,22.38188],[39.10894,22.38296],[39.11252,22.37927],[39.11681,22.38067],[39.12323,22.37828],[39.12243,22.39753],[39.11466,22.40354],[39.11504,22.40722],[39.12409,22.40768],[39.12853,22.41401],[39.1394,22.41073],[39.14296,22.40698],[39.13764,22.39375],[39.13793,22.37796],[39.12274,22.32795],[39.13502,22.32221]]]},"properties":{"city_id":3666,"region_id":2,"name_en":"King Abdullah Economic City","name_ar":"مدينة الملك عبدالله الاقتصادية","district_count":23}},
{"type":"Feature","geometry":{"type":"Polygon","coordinates":[[[42.86269,18.33087],[42.85725,18.34976],[42.84595,18.3688],[42.83154,18.3794],[42.82269,18.39019],[42.79039,18.41022],[42.77994,18.41931],[42.77921,18.4252],[42.77651,18.42621],[42.78428,18.39513],[42.79309,18.3859],[42.79672,18.37711],[42.79933,18.37784],[42.80741,18.35923],[42.81206,18.3557],[42.81302,18.35177],[42.80593,18.3508],[42.81116,18.348],[42.82499,18.34612],[42.83318,18.34072],[42.83772,18.32256],[42.8424,18.32078],[42.84612,18.31253],[42.84657,18.29952],[42.85159,18.2987],[42.85524,18.29406],[42.85562,18.28483],[42.86187,18.28491],[42.86418,18.2925],[42.87284,18.29792],[42.87481,18.30502],[42.87274,18.30845],[42.8849,18.31794],[42.88242,18.33142],[42.86269,18.33087]]]},"properties":{"city_id":3678,"region_id":6,"name_en":"Tendaha","name_ar":"تندحة","district_count":3}},
{"type":"Feature","geometry":{"type":"Polygon","coordinates":[[[42.32234,18.63928],[42.32127,18.64167],[42.30642,18.63435],[42.30914,18.63041],[42.31068,18.63399],[42.32113,18.63548],[42.32234,18.63928]]]},"properties":{"city_id":3689,"region_id":6,"name_en":"Billahmar","name_ar":"بللحمر","district_count":1}},
{"type":"Feature","geometry":{"type":"Polygon","coordinates":[[[49.6817,25.43743],[49.68133,25.43921],[49.67225,25.44208],[49.67096,25.4504],[49.6747,25.45071],[49.67166,25.46258],[49.66366,25.47151],[49.66,25.47197],[49.65613,25.46484],[49.65234,25.46637],[49.64954,25.46185],[49.64167,25.46292],[49.63652,25.45995],[49.63794,25.45517],[49.64549,25.42971],[49.64,25.42976],[49.64087,25.42032],[49.64597,25.41313],[49.65005,25.4132],[49.64601,25.42805],[49.65926,25.42929],[49.66204,25.42498],[49.67326,25.42634],[49.67537,25.42671],[49.6754,25.4297],[49.67889,25.42968],[49.6817,25.43743]]]},"properties":{"city_id":3700,"region_id":5,"name_en":"Jawatha","name_ar":"جواثا","district_count":12}},
{"type":"Feature","geometry":{"type":"Polygon","coordinates":[[[38.16639,24.04855],[38.16931,24.04735],[38.15246,24.02508],[38.13657,24.03393],[38.13443,24.02944],[38.13508,24.02581],[38.13752,24.02617],[38.13554,24.02359],[38.14332,24.01684],[38.1512,24.01956],[38.15348,24.01536],[38.14845,24.01758],[38.15038,24.01587],[38.14881,24.01309],[38.15468,24.01531],[38.15723,24.01829],[38.1607,24.01919],[38.15538,24.01015],[38.1564,24.0053],[38.15155,24.00567],[38.14957,24.00143],[38.15643,24.0051],[38.16677,23.99562],[38.16889,23.99082],[38.17511,23.99556],[38.18012,23.9945],[38.18318,23.99814],[38.19152,24.00087],[38.1908,23.99501],[38.18823,23.99686],[38.18414,23.98919],[38.18592,23.98522],[38.19159,23.9879],[38.19202,23.98387],[38.18453,23.98001],[38.18843,23.97624],[38.21012,23.97537],[38.18944,23.97527],[38.21607,23.95284],[38.22425,23.95075],[38.22402,23.96075],[38.2174,23.96731],[38.22478,23.96144],[38.22539,23.95244],[38.22745,23.95408],[38.23094,23.95148],[38.23621,23.95182],[38.23538,23.94914],[38.22837,23.94884],[38.23382,23.94534],[38.23277,23.94283],[38.22576,23.94584],[38.23294,23.94239],[38.23461,23.94406],[38.23182,23.93918],[38.22279,23.94299],[38.23615,23.93645],[38.24453,23.93675],[38.2457,23.93977],[38.24818,23.93864],[38.24908,23.93151],[38.25374,23.92997],[38.24922,23.93213],[38.24881,23.93704],[38.25275,23.93896],[38.24954,23.93978],[38.25506,23.95076],[38.26118,23.94751],[38.26216,23.94453],[38.27121,23.94089],[38.27653,23.94102],[38.28594,23.93298],[38.28027,23.91617],[38.28826,23.91455],[38.28809,23.91633],[38.28159,23.91782],[38.28247,23.92037],[38.28744,23.91882],[38.28729,23.92138],[38.28319,23.92292],[38.28819,23.93535],[38.29482,23.92943],[38.3005,23.91698],[38.30086,23.91547],[38.29643,23.91365],[38.29953,23.90899],[38.29628,23.91003],[38.29985,23.90821],[38.30206,23.898],[38.30298,23.8993],[38.31376,23.89211],[38.32006,23.89463],[38.32544,23.89372],[38.35158,23.92392],[38.26264,23.99103],[38.27677,24.00682],[38.22971,24.04447],[38.20091,24.06161],[38.1944,24.06776],[38.1909,24.06558],[38.17329,24.07521],[38.16639,24.04855]]]},"properties":{"city_id":9605,"region_id":3,"name_en":"Yanbu Al Sinaiyah","name_ar":"ينبع الصناعية","district_count":29}},
{"type":"Feature","geometry":{"type":"Polygon","coordinates":[[[42.83631,25.57326],[42.84338,25.57746],[42.84477,25.58084],[42.83834,25.59147],[42.8266,25.5993],[42.81242,25.59447],[42.81096,25.5911],[42.81495,25.5888],[42.82454,25.57452],[42.82179,25.56034],[42.83743,25.56308],[42.83818,25.57091],[42.83631,25.57326]]]},"properties":{"city_id":10872,"region_id":4,"name_en":"Al Marmuthah","name_ar":"المرموثة","district_count":4}},
{"type":"Feature","geometry":{"type":"Polygon","coordinates":[[[50.01269,26.53256],[50.00357,26.53188],[49.99907,26.52953],[49.99969,26.52589],[49.99627,26.52765],[49.99486,26.51537],[50.01739,26.52425],[50.01269,26.53256]]]},"properties":{"city_id":11075,"region_id":5,"name_en":"Umm Al Hamam","name_ar":"ام الحمام","district_count":2}},
{"type":"Feature","geometry":{"type":"MultiPolygon","coordinates":[[[[41.66338,19.55356],[41.66633,19.55456],[41.66359,19.55876],[41.66338,19.55356]]],[[[41.65502,19.57104],[41.65162,19.57093],[41.65316,19.56496],[41.64906,19.56241],[41.64981,19.55915],[41.65929,19.56231],[41.65502,19.57104]]],[[[41.66839,19.56702],[41.67095,19.56064],[41.67907,19.56683],[41.67777,19.56918],[41.68786,19.58893],[41.68797,19.60244],[41.68218,19.59696],[41.67713,19.59548],[41.66978,19.58582],[41.66311,19.58691],[41.66199,19.58526],[41.65353,19.58792],[41.65431,19.60274],[41.65066,19.60301],[41.65113,19.59791],[41.65053,19.59611],[41.64796,19.59643],[41.64721,19.59053],[41.65954,19.57972],[41.66384,19.57148],[41.66662,19.57239],[41.66839,19.56702]]],[[[41.63608,19.61733],[41.63367,19.6203],[41.63124,19.61805],[41.62672,19.61815],[41.62429,19.6151],[41.62794,19.61279],[41.63287,19.60366],[41.63986,19.60062],[41.64199,19.60166],[41.63657,19.60658],[41.63946,19.60842],[41.6342,19.6121],[41.63798,19.61524],[41.63608,19.61733]]],[[[41.67121,19.55556],[41.67044,19.55768],[41.66845,19.55676],[41.67227,19.54972],[41.67366,19.55093],[41.67121,19.55556]]]]},"properties":{"city_id":23642,"region_id":2,"name_en":"Al Ardhiyah Al Shimaliyah","name_ar":"العرضية الشمالية","district_count":11}}
]}